--
-- PostgreSQL database dump
--

\restrict ZlqNQcPaKxqz7QqVpbOtBTERYTYoFWBSoIdfmWj0GJnHtReBPPwGokjA6nivFAV

-- Dumped from database version 15.17
-- Dumped by pg_dump version 15.17

SET statement_timeout = 0;
SET lock_timeout = 0;
SET idle_in_transaction_session_timeout = 0;
SET client_encoding = 'UTF8';
SET standard_conforming_strings = on;
SELECT pg_catalog.set_config('search_path', '', false);
SET check_function_bodies = false;
SET xmloption = content;
SET client_min_messages = warning;
SET row_security = off;

--
-- Name: btree_gin; Type: EXTENSION; Schema: -; Owner: -
--

CREATE EXTENSION IF NOT EXISTS btree_gin WITH SCHEMA public;


--
-- Name: EXTENSION btree_gin; Type: COMMENT; Schema: -; Owner: 
--

COMMENT ON EXTENSION btree_gin IS 'support for indexing common datatypes in GIN';


--
-- Name: hstore; Type: EXTENSION; Schema: -; Owner: -
--

CREATE EXTENSION IF NOT EXISTS hstore WITH SCHEMA public;


--
-- Name: EXTENSION hstore; Type: COMMENT; Schema: -; Owner: 
--

COMMENT ON EXTENSION hstore IS 'data type for storing sets of (key, value) pairs';


--
-- Name: pg_trgm; Type: EXTENSION; Schema: -; Owner: -
--

CREATE EXTENSION IF NOT EXISTS pg_trgm WITH SCHEMA public;


--
-- Name: EXTENSION pg_trgm; Type: COMMENT; Schema: -; Owner: 
--

COMMENT ON EXTENSION pg_trgm IS 'text similarity measurement and index searching based on trigrams';


--
-- Name: pgcrypto; Type: EXTENSION; Schema: -; Owner: -
--

CREATE EXTENSION IF NOT EXISTS pgcrypto WITH SCHEMA public;


--
-- Name: EXTENSION pgcrypto; Type: COMMENT; Schema: -; Owner: 
--

COMMENT ON EXTENSION pgcrypto IS 'cryptographic functions';


--
-- Name: messages_trigger(); Type: FUNCTION; Schema: public; Owner: saleor
--

CREATE FUNCTION public.messages_trigger() RETURNS trigger
    LANGUAGE plpgsql
    AS $$
            begin
              new.search_vector :=
                 setweight(
                 to_tsvector('pg_catalog.english', coalesce(new.name,'')), 'A'
                 ) ||
                 setweight(
                 to_tsvector(
                 'pg_catalog.english', coalesce(new.description_plaintext,'')),
                 'B'
                 );
              return new;
            end
            $$;


ALTER FUNCTION public.messages_trigger() OWNER TO saleor;

SET default_tablespace = '';

SET default_table_access_method = heap;

--
-- Name: account_address; Type: TABLE; Schema: public; Owner: saleor
--

CREATE TABLE public.account_address (
    id integer NOT NULL,
    first_name character varying(256) NOT NULL,
    last_name character varying(256) NOT NULL,
    company_name character varying(256) NOT NULL,
    street_address_1 character varying(256) NOT NULL,
    street_address_2 character varying(256) NOT NULL,
    city character varying(256) NOT NULL,
    postal_code character varying(20) NOT NULL,
    country character varying(2) NOT NULL,
    country_area character varying(128) NOT NULL,
    phone character varying(128) NOT NULL,
    city_area character varying(128) NOT NULL,
    metadata jsonb DEFAULT '{}'::jsonb NOT NULL,
    private_metadata jsonb DEFAULT '{}'::jsonb NOT NULL,
    validation_skipped boolean DEFAULT false NOT NULL
);


ALTER TABLE public.account_address OWNER TO saleor;

--
-- Name: account_customerevent; Type: TABLE; Schema: public; Owner: saleor
--

CREATE TABLE public.account_customerevent (
    id integer NOT NULL,
    date timestamp with time zone NOT NULL,
    type character varying(255) NOT NULL,
    parameters jsonb NOT NULL,
    user_id integer,
    app_id integer,
    order_id uuid
);


ALTER TABLE public.account_customerevent OWNER TO saleor;

--
-- Name: account_customerevent_id_seq; Type: SEQUENCE; Schema: public; Owner: saleor
--

ALTER TABLE public.account_customerevent ALTER COLUMN id ADD GENERATED BY DEFAULT AS IDENTITY (
    SEQUENCE NAME public.account_customerevent_id_seq
    START WITH 1
    INCREMENT BY 1
    NO MINVALUE
    NO MAXVALUE
    CACHE 1
);


--
-- Name: account_customernote; Type: TABLE; Schema: public; Owner: saleor
--

CREATE TABLE public.account_customernote (
    id integer NOT NULL,
    date timestamp with time zone NOT NULL,
    content text NOT NULL,
    is_public boolean NOT NULL,
    customer_id integer NOT NULL,
    user_id integer
);


ALTER TABLE public.account_customernote OWNER TO saleor;

--
-- Name: account_customernote_id_seq; Type: SEQUENCE; Schema: public; Owner: saleor
--

ALTER TABLE public.account_customernote ALTER COLUMN id ADD GENERATED BY DEFAULT AS IDENTITY (
    SEQUENCE NAME public.account_customernote_id_seq
    START WITH 1
    INCREMENT BY 1
    NO MINVALUE
    NO MAXVALUE
    CACHE 1
);


--
-- Name: account_group; Type: TABLE; Schema: public; Owner: saleor
--

CREATE TABLE public.account_group (
    id integer NOT NULL,
    name character varying(150) NOT NULL,
    restricted_access_to_channels boolean DEFAULT false NOT NULL
);


ALTER TABLE public.account_group OWNER TO saleor;

--
-- Name: account_group_channels; Type: TABLE; Schema: public; Owner: saleor
--

CREATE TABLE public.account_group_channels (
    id integer NOT NULL,
    group_id integer NOT NULL,
    channel_id integer NOT NULL
);


ALTER TABLE public.account_group_channels OWNER TO saleor;

--
-- Name: account_group_channels_id_seq; Type: SEQUENCE; Schema: public; Owner: saleor
--

ALTER TABLE public.account_group_channels ALTER COLUMN id ADD GENERATED BY DEFAULT AS IDENTITY (
    SEQUENCE NAME public.account_group_channels_id_seq
    START WITH 1
    INCREMENT BY 1
    NO MINVALUE
    NO MAXVALUE
    CACHE 1
);


--
-- Name: account_group_permissions; Type: TABLE; Schema: public; Owner: saleor
--

CREATE TABLE public.account_group_permissions (
    id integer NOT NULL,
    group_id integer NOT NULL,
    permission_id integer NOT NULL
);


ALTER TABLE public.account_group_permissions OWNER TO saleor;

--
-- Name: app_app; Type: TABLE; Schema: public; Owner: saleor
--

CREATE TABLE public.app_app (
    id integer NOT NULL,
    private_metadata jsonb DEFAULT '{}'::jsonb NOT NULL,
    metadata jsonb DEFAULT '{}'::jsonb NOT NULL,
    name character varying(60) NOT NULL,
    created_at timestamp with time zone NOT NULL,
    is_active boolean NOT NULL,
    about_app text,
    app_url character varying(200),
    configuration_url character varying(200),
    data_privacy text,
    data_privacy_url character varying(200),
    homepage_url character varying(200),
    identifier character varying(256) NOT NULL,
    support_url character varying(200),
    type character varying(60) NOT NULL,
    version character varying(60),
    manifest_url character varying(200),
    audience character varying(256),
    is_installed boolean DEFAULT true NOT NULL,
    author character varying(60),
    uuid uuid NOT NULL,
    brand_logo_default character varying(100),
    removed_at timestamp with time zone
);


ALTER TABLE public.app_app OWNER TO saleor;

--
-- Name: account_serviceaccount_id_seq; Type: SEQUENCE; Schema: public; Owner: saleor
--

ALTER TABLE public.app_app ALTER COLUMN id ADD GENERATED BY DEFAULT AS IDENTITY (
    SEQUENCE NAME public.account_serviceaccount_id_seq
    START WITH 1
    INCREMENT BY 1
    NO MINVALUE
    NO MAXVALUE
    CACHE 1
);


--
-- Name: app_app_permissions; Type: TABLE; Schema: public; Owner: saleor
--

CREATE TABLE public.app_app_permissions (
    id integer NOT NULL,
    app_id integer NOT NULL,
    permission_id integer NOT NULL
);


ALTER TABLE public.app_app_permissions OWNER TO saleor;

--
-- Name: account_serviceaccount_permissions_id_seq; Type: SEQUENCE; Schema: public; Owner: saleor
--

ALTER TABLE public.app_app_permissions ALTER COLUMN id ADD GENERATED BY DEFAULT AS IDENTITY (
    SEQUENCE NAME public.account_serviceaccount_permissions_id_seq
    START WITH 1
    INCREMENT BY 1
    NO MINVALUE
    NO MAXVALUE
    CACHE 1
);


--
-- Name: app_apptoken; Type: TABLE; Schema: public; Owner: saleor
--

CREATE TABLE public.app_apptoken (
    id integer NOT NULL,
    name character varying(128) NOT NULL,
    auth_token character varying(128) NOT NULL,
    app_id integer NOT NULL,
    token_last_4 character varying(4) NOT NULL
);


ALTER TABLE public.app_apptoken OWNER TO saleor;

--
-- Name: account_serviceaccounttoken_id_seq; Type: SEQUENCE; Schema: public; Owner: saleor
--

ALTER TABLE public.app_apptoken ALTER COLUMN id ADD GENERATED BY DEFAULT AS IDENTITY (
    SEQUENCE NAME public.account_serviceaccounttoken_id_seq
    START WITH 1
    INCREMENT BY 1
    NO MINVALUE
    NO MAXVALUE
    CACHE 1
);


--
-- Name: account_staffnotificationrecipient; Type: TABLE; Schema: public; Owner: saleor
--

CREATE TABLE public.account_staffnotificationrecipient (
    id integer NOT NULL,
    staff_email character varying(254),
    active boolean NOT NULL,
    user_id integer
);


ALTER TABLE public.account_staffnotificationrecipient OWNER TO saleor;

--
-- Name: account_staffnotificationrecipient_id_seq; Type: SEQUENCE; Schema: public; Owner: saleor
--

ALTER TABLE public.account_staffnotificationrecipient ALTER COLUMN id ADD GENERATED BY DEFAULT AS IDENTITY (
    SEQUENCE NAME public.account_staffnotificationrecipient_id_seq
    START WITH 1
    INCREMENT BY 1
    NO MINVALUE
    NO MAXVALUE
    CACHE 1
);


--
-- Name: account_user; Type: TABLE; Schema: public; Owner: saleor
--

CREATE TABLE public.account_user (
    id integer NOT NULL,
    is_superuser boolean NOT NULL,
    email character varying(254) NOT NULL,
    is_staff boolean NOT NULL,
    is_active boolean NOT NULL,
    password character varying(128) NOT NULL,
    date_joined timestamp with time zone NOT NULL,
    last_login timestamp with time zone,
    default_billing_address_id integer,
    default_shipping_address_id integer,
    note text,
    first_name character varying(256) NOT NULL,
    last_name character varying(256) NOT NULL,
    avatar character varying(100),
    private_metadata jsonb DEFAULT '{}'::jsonb NOT NULL,
    metadata jsonb DEFAULT '{}'::jsonb NOT NULL,
    jwt_token_key character varying(12) NOT NULL,
    language_code character varying(35) NOT NULL,
    search_document text NOT NULL,
    updated_at timestamp with time zone NOT NULL,
    uuid uuid NOT NULL,
    external_reference character varying(250),
    last_password_reset_request timestamp with time zone,
    is_confirmed boolean DEFAULT true NOT NULL,
    last_confirm_email_request timestamp with time zone,
    number_of_orders integer DEFAULT 0 NOT NULL,
    CONSTRAINT account_user_number_of_orders_check CHECK ((number_of_orders >= 0))
);


ALTER TABLE public.account_user OWNER TO saleor;

--
-- Name: account_user_addresses; Type: TABLE; Schema: public; Owner: saleor
--

CREATE TABLE public.account_user_addresses (
    id integer NOT NULL,
    user_id integer NOT NULL,
    address_id integer NOT NULL
);


ALTER TABLE public.account_user_addresses OWNER TO saleor;

--
-- Name: account_user_groups; Type: TABLE; Schema: public; Owner: saleor
--

CREATE TABLE public.account_user_groups (
    id integer NOT NULL,
    user_id integer NOT NULL,
    group_id integer NOT NULL
);


ALTER TABLE public.account_user_groups OWNER TO saleor;

--
-- Name: account_user_user_permissions; Type: TABLE; Schema: public; Owner: saleor
--

CREATE TABLE public.account_user_user_permissions (
    id integer NOT NULL,
    user_id integer NOT NULL,
    permission_id integer NOT NULL
);


ALTER TABLE public.account_user_user_permissions OWNER TO saleor;

--
-- Name: app_appextension; Type: TABLE; Schema: public; Owner: saleor
--

CREATE TABLE public.app_appextension (
    id integer NOT NULL,
    label character varying(256) NOT NULL,
    url character varying(200) NOT NULL,
    app_id integer NOT NULL,
    mount character varying(256) NOT NULL,
    target character varying(128) NOT NULL,
    http_target_method character varying,
    settings jsonb DEFAULT '{}'::jsonb NOT NULL
);


ALTER TABLE public.app_appextension OWNER TO saleor;

--
-- Name: app_appextension_id_seq; Type: SEQUENCE; Schema: public; Owner: saleor
--

ALTER TABLE public.app_appextension ALTER COLUMN id ADD GENERATED BY DEFAULT AS IDENTITY (
    SEQUENCE NAME public.app_appextension_id_seq
    START WITH 1
    INCREMENT BY 1
    NO MINVALUE
    NO MAXVALUE
    CACHE 1
);


--
-- Name: app_appextension_permissions; Type: TABLE; Schema: public; Owner: saleor
--

CREATE TABLE public.app_appextension_permissions (
    id integer NOT NULL,
    appextension_id integer NOT NULL,
    permission_id integer NOT NULL
);


ALTER TABLE public.app_appextension_permissions OWNER TO saleor;

--
-- Name: app_appextension_permissions_id_seq; Type: SEQUENCE; Schema: public; Owner: saleor
--

ALTER TABLE public.app_appextension_permissions ALTER COLUMN id ADD GENERATED BY DEFAULT AS IDENTITY (
    SEQUENCE NAME public.app_appextension_permissions_id_seq
    START WITH 1
    INCREMENT BY 1
    NO MINVALUE
    NO MAXVALUE
    CACHE 1
);


--
-- Name: app_appinstallation; Type: TABLE; Schema: public; Owner: saleor
--

CREATE TABLE public.app_appinstallation (
    id integer NOT NULL,
    status character varying(50) NOT NULL,
    message character varying(255),
    created_at timestamp with time zone NOT NULL,
    updated_at timestamp with time zone NOT NULL,
    app_name character varying(60) NOT NULL,
    manifest_url character varying(200) NOT NULL,
    uuid uuid NOT NULL,
    brand_logo_default character varying(100)
);


ALTER TABLE public.app_appinstallation OWNER TO saleor;

--
-- Name: app_appinstallation_id_seq; Type: SEQUENCE; Schema: public; Owner: saleor
--

ALTER TABLE public.app_appinstallation ALTER COLUMN id ADD GENERATED BY DEFAULT AS IDENTITY (
    SEQUENCE NAME public.app_appinstallation_id_seq
    START WITH 1
    INCREMENT BY 1
    NO MINVALUE
    NO MAXVALUE
    CACHE 1
);


--
-- Name: app_appinstallation_permissions; Type: TABLE; Schema: public; Owner: saleor
--

CREATE TABLE public.app_appinstallation_permissions (
    id integer NOT NULL,
    appinstallation_id integer NOT NULL,
    permission_id integer NOT NULL
);


ALTER TABLE public.app_appinstallation_permissions OWNER TO saleor;

--
-- Name: app_appinstallation_permissions_id_seq; Type: SEQUENCE; Schema: public; Owner: saleor
--

ALTER TABLE public.app_appinstallation_permissions ALTER COLUMN id ADD GENERATED BY DEFAULT AS IDENTITY (
    SEQUENCE NAME public.app_appinstallation_permissions_id_seq
    START WITH 1
    INCREMENT BY 1
    NO MINVALUE
    NO MAXVALUE
    CACHE 1
);


--
-- Name: app_appproblem; Type: TABLE; Schema: public; Owner: saleor
--

CREATE TABLE public.app_appproblem (
    id integer NOT NULL,
    created_at timestamp with time zone NOT NULL,
    updated_at timestamp with time zone NOT NULL,
    message character varying(2048) NOT NULL,
    key character varying(128) NOT NULL,
    count integer NOT NULL,
    is_critical boolean NOT NULL,
    dismissed boolean NOT NULL,
    dismissed_by_user_email character varying(256),
    app_id integer NOT NULL,
    dismissed_by_user_id integer,
    CONSTRAINT app_appproblem_count_check CHECK ((count >= 0))
);


ALTER TABLE public.app_appproblem OWNER TO saleor;

--
-- Name: app_appproblem_id_seq; Type: SEQUENCE; Schema: public; Owner: saleor
--

ALTER TABLE public.app_appproblem ALTER COLUMN id ADD GENERATED BY DEFAULT AS IDENTITY (
    SEQUENCE NAME public.app_appproblem_id_seq
    START WITH 1
    INCREMENT BY 1
    NO MINVALUE
    NO MAXVALUE
    CACHE 1
);


--
-- Name: attribute_assignedpageattributevalue; Type: TABLE; Schema: public; Owner: saleor
--

CREATE TABLE public.attribute_assignedpageattributevalue (
    id integer NOT NULL,
    sort_order integer,
    value_id integer NOT NULL,
    page_id integer NOT NULL
);


ALTER TABLE public.attribute_assignedpageattributevalue OWNER TO saleor;

--
-- Name: attribute_assignedpageattributevalue_id_seq; Type: SEQUENCE; Schema: public; Owner: saleor
--

ALTER TABLE public.attribute_assignedpageattributevalue ALTER COLUMN id ADD GENERATED BY DEFAULT AS IDENTITY (
    SEQUENCE NAME public.attribute_assignedpageattributevalue_id_seq
    START WITH 1
    INCREMENT BY 1
    NO MINVALUE
    NO MAXVALUE
    CACHE 1
);


--
-- Name: attribute_assignedproductattributevalue; Type: TABLE; Schema: public; Owner: saleor
--

CREATE TABLE public.attribute_assignedproductattributevalue (
    id integer NOT NULL,
    sort_order integer,
    value_id integer NOT NULL,
    product_id integer NOT NULL
);


ALTER TABLE public.attribute_assignedproductattributevalue OWNER TO saleor;

--
-- Name: attribute_assignedproductattributevalue_id_seq; Type: SEQUENCE; Schema: public; Owner: saleor
--

ALTER TABLE public.attribute_assignedproductattributevalue ALTER COLUMN id ADD GENERATED BY DEFAULT AS IDENTITY (
    SEQUENCE NAME public.attribute_assignedproductattributevalue_id_seq
    START WITH 1
    INCREMENT BY 1
    NO MINVALUE
    NO MAXVALUE
    CACHE 1
);


--
-- Name: attribute_assignedvariantattribute; Type: TABLE; Schema: public; Owner: saleor
--

CREATE TABLE public.attribute_assignedvariantattribute (
    id integer NOT NULL,
    variant_id integer NOT NULL,
    assignment_id integer NOT NULL
);


ALTER TABLE public.attribute_assignedvariantattribute OWNER TO saleor;

--
-- Name: attribute_assignedvariantattributevalue; Type: TABLE; Schema: public; Owner: saleor
--

CREATE TABLE public.attribute_assignedvariantattributevalue (
    id integer NOT NULL,
    sort_order integer,
    assignment_id integer NOT NULL,
    value_id integer NOT NULL,
    variant_id integer
);


ALTER TABLE public.attribute_assignedvariantattributevalue OWNER TO saleor;

--
-- Name: attribute_assignedvariantattributevalue_id_seq; Type: SEQUENCE; Schema: public; Owner: saleor
--

ALTER TABLE public.attribute_assignedvariantattributevalue ALTER COLUMN id ADD GENERATED BY DEFAULT AS IDENTITY (
    SEQUENCE NAME public.attribute_assignedvariantattributevalue_id_seq
    START WITH 1
    INCREMENT BY 1
    NO MINVALUE
    NO MAXVALUE
    CACHE 1
);


--
-- Name: attribute_attribute; Type: TABLE; Schema: public; Owner: saleor
--

CREATE TABLE public.attribute_attribute (
    id integer NOT NULL,
    slug character varying(250) NOT NULL,
    name character varying(255) NOT NULL,
    metadata jsonb DEFAULT '{}'::jsonb NOT NULL,
    private_metadata jsonb DEFAULT '{}'::jsonb NOT NULL,
    input_type character varying(50) NOT NULL,
    available_in_grid boolean NOT NULL,
    visible_in_storefront boolean NOT NULL,
    filterable_in_dashboard boolean NOT NULL,
    filterable_in_storefront boolean NOT NULL,
    value_required boolean NOT NULL,
    storefront_search_position integer NOT NULL,
    is_variant_only boolean NOT NULL,
    type character varying(50) NOT NULL,
    entity_type character varying(50),
    unit character varying(100),
    external_reference character varying(250),
    max_sort_order integer
);


ALTER TABLE public.attribute_attribute OWNER TO saleor;

--
-- Name: attribute_attribute_reference_page_types; Type: TABLE; Schema: public; Owner: saleor
--

CREATE TABLE public.attribute_attribute_reference_page_types (
    id integer NOT NULL,
    attribute_id integer NOT NULL,
    pagetype_id integer NOT NULL
);


ALTER TABLE public.attribute_attribute_reference_page_types OWNER TO saleor;

--
-- Name: attribute_attribute_reference_page_types_id_seq; Type: SEQUENCE; Schema: public; Owner: saleor
--

ALTER TABLE public.attribute_attribute_reference_page_types ALTER COLUMN id ADD GENERATED BY DEFAULT AS IDENTITY (
    SEQUENCE NAME public.attribute_attribute_reference_page_types_id_seq
    START WITH 1
    INCREMENT BY 1
    NO MINVALUE
    NO MAXVALUE
    CACHE 1
);


--
-- Name: attribute_attribute_reference_product_types; Type: TABLE; Schema: public; Owner: saleor
--

CREATE TABLE public.attribute_attribute_reference_product_types (
    id integer NOT NULL,
    attribute_id integer NOT NULL,
    producttype_id integer NOT NULL
);


ALTER TABLE public.attribute_attribute_reference_product_types OWNER TO saleor;

--
-- Name: attribute_attribute_reference_product_types_id_seq; Type: SEQUENCE; Schema: public; Owner: saleor
--

ALTER TABLE public.attribute_attribute_reference_product_types ALTER COLUMN id ADD GENERATED BY DEFAULT AS IDENTITY (
    SEQUENCE NAME public.attribute_attribute_reference_product_types_id_seq
    START WITH 1
    INCREMENT BY 1
    NO MINVALUE
    NO MAXVALUE
    CACHE 1
);


--
-- Name: attribute_attributepage; Type: TABLE; Schema: public; Owner: saleor
--

CREATE TABLE public.attribute_attributepage (
    id integer NOT NULL,
    sort_order integer,
    attribute_id integer NOT NULL,
    page_type_id integer NOT NULL
);


ALTER TABLE public.attribute_attributepage OWNER TO saleor;

--
-- Name: attribute_attributeproduct; Type: TABLE; Schema: public; Owner: saleor
--

CREATE TABLE public.attribute_attributeproduct (
    id integer NOT NULL,
    attribute_id integer NOT NULL,
    product_type_id integer NOT NULL,
    sort_order integer
);


ALTER TABLE public.attribute_attributeproduct OWNER TO saleor;

--
-- Name: attribute_attributetranslation; Type: TABLE; Schema: public; Owner: saleor
--

CREATE TABLE public.attribute_attributetranslation (
    id integer NOT NULL,
    language_code character varying(35) NOT NULL,
    name character varying(255) NOT NULL,
    attribute_id integer NOT NULL
);


ALTER TABLE public.attribute_attributetranslation OWNER TO saleor;

--
-- Name: attribute_attributevalue; Type: TABLE; Schema: public; Owner: saleor
--

CREATE TABLE public.attribute_attributevalue (
    id integer NOT NULL,
    name character varying(250) NOT NULL,
    attribute_id integer NOT NULL,
    slug character varying(255) NOT NULL,
    sort_order integer,
    value character varying(255) NOT NULL,
    content_type character varying(50),
    file_url character varying(200),
    rich_text jsonb,
    "boolean" boolean,
    date_time timestamp with time zone,
    reference_page_id integer,
    reference_product_id integer,
    plain_text text,
    reference_variant_id integer,
    external_reference character varying(250),
    reference_category_id integer,
    reference_collection_id integer,
    "numeric" double precision
);


ALTER TABLE public.attribute_attributevalue OWNER TO saleor;

--
-- Name: attribute_attributevaluetranslation; Type: TABLE; Schema: public; Owner: saleor
--

CREATE TABLE public.attribute_attributevaluetranslation (
    id integer NOT NULL,
    language_code character varying(35) NOT NULL,
    name character varying(250) NOT NULL,
    attribute_value_id integer NOT NULL,
    rich_text jsonb,
    plain_text text
);


ALTER TABLE public.attribute_attributevaluetranslation OWNER TO saleor;

--
-- Name: attribute_attributevariant; Type: TABLE; Schema: public; Owner: saleor
--

CREATE TABLE public.attribute_attributevariant (
    id integer NOT NULL,
    attribute_id integer NOT NULL,
    product_type_id integer NOT NULL,
    sort_order integer,
    variant_selection boolean NOT NULL
);


ALTER TABLE public.attribute_attributevariant OWNER TO saleor;

--
-- Name: auth_group_id_seq; Type: SEQUENCE; Schema: public; Owner: saleor
--

ALTER TABLE public.account_group ALTER COLUMN id ADD GENERATED BY DEFAULT AS IDENTITY (
    SEQUENCE NAME public.auth_group_id_seq
    START WITH 1
    INCREMENT BY 1
    NO MINVALUE
    NO MAXVALUE
    CACHE 1
);


--
-- Name: auth_group_permissions_id_seq; Type: SEQUENCE; Schema: public; Owner: saleor
--

ALTER TABLE public.account_group_permissions ALTER COLUMN id ADD GENERATED BY DEFAULT AS IDENTITY (
    SEQUENCE NAME public.auth_group_permissions_id_seq
    START WITH 1
    INCREMENT BY 1
    NO MINVALUE
    NO MAXVALUE
    CACHE 1
);


--
-- Name: permission_permission; Type: TABLE; Schema: public; Owner: saleor
--

CREATE TABLE public.permission_permission (
    id integer NOT NULL,
    name character varying(255) NOT NULL,
    content_type_id integer NOT NULL,
    codename character varying(100) NOT NULL
);


ALTER TABLE public.permission_permission OWNER TO saleor;

--
-- Name: auth_permission_id_seq; Type: SEQUENCE; Schema: public; Owner: saleor
--

ALTER TABLE public.permission_permission ALTER COLUMN id ADD GENERATED BY DEFAULT AS IDENTITY (
    SEQUENCE NAME public.auth_permission_id_seq
    START WITH 1
    INCREMENT BY 1
    NO MINVALUE
    NO MAXVALUE
    CACHE 1
);


--
-- Name: channel_channel; Type: TABLE; Schema: public; Owner: saleor
--

CREATE TABLE public.channel_channel (
    id integer NOT NULL,
    name character varying(250) NOT NULL,
    slug character varying(255) NOT NULL,
    is_active boolean NOT NULL,
    currency_code character varying(3) NOT NULL,
    default_country character varying(2) NOT NULL,
    allocation_strategy character varying(255) NOT NULL,
    automatically_confirm_all_new_orders boolean,
    automatically_fulfill_non_shippable_gift_card boolean,
    order_mark_as_paid_strategy character varying(255) DEFAULT 'payment_flow'::character varying NOT NULL,
    default_transaction_flow_strategy character varying(255) DEFAULT 'charge'::character varying NOT NULL,
    expire_orders_after integer,
    delete_expired_orders_after interval DEFAULT '60 days'::interval NOT NULL,
    metadata jsonb DEFAULT '{}'::jsonb NOT NULL,
    private_metadata jsonb DEFAULT '{}'::jsonb NOT NULL,
    allow_unpaid_orders boolean DEFAULT false NOT NULL,
    use_legacy_error_flow_for_checkout boolean DEFAULT true NOT NULL,
    include_draft_order_in_voucher_usage boolean DEFAULT false NOT NULL,
    automatically_complete_fully_paid_checkouts boolean DEFAULT false NOT NULL,
    draft_order_line_price_freeze_period integer DEFAULT 24,
    use_legacy_line_discount_propagation_for_order boolean DEFAULT true NOT NULL,
    checkout_release_funds_cut_off_date timestamp with time zone,
    checkout_ttl_before_releasing_funds interval DEFAULT '06:00:00'::interval NOT NULL,
    release_funds_for_expired_checkouts boolean DEFAULT false NOT NULL,
    automatic_completion_delay integer,
    automatic_completion_cut_off_date timestamp with time zone,
    CONSTRAINT channel_channel_draft_order_line_price_freeze_period_check CHECK ((draft_order_line_price_freeze_period >= 0))
);


ALTER TABLE public.channel_channel OWNER TO saleor;

--
-- Name: channel_channel_id_seq; Type: SEQUENCE; Schema: public; Owner: saleor
--

ALTER TABLE public.channel_channel ALTER COLUMN id ADD GENERATED BY DEFAULT AS IDENTITY (
    SEQUENCE NAME public.channel_channel_id_seq
    START WITH 1
    INCREMENT BY 1
    NO MINVALUE
    NO MAXVALUE
    CACHE 1
);


--
-- Name: checkout_checkout; Type: TABLE; Schema: public; Owner: saleor
--

CREATE TABLE public.checkout_checkout (
    created_at timestamp with time zone NOT NULL,
    last_change timestamp with time zone NOT NULL,
    email character varying(254),
    token uuid NOT NULL,
    user_id integer,
    billing_address_id integer,
    discount_amount numeric(20,3) NOT NULL,
    discount_name character varying(255),
    note text NOT NULL,
    shipping_address_id integer,
    shipping_method_id integer,
    voucher_code character varying(255),
    translated_discount_name character varying(255),
    metadata jsonb,
    private_metadata jsonb,
    currency character varying(3) NOT NULL,
    country character varying(2) NOT NULL,
    redirect_url character varying(200),
    tracking_code character varying(255),
    channel_id integer NOT NULL,
    language_code character varying(35) NOT NULL,
    collection_point_id uuid,
    price_expiration timestamp with time zone NOT NULL,
    shipping_price_gross_amount numeric(20,3) NOT NULL,
    shipping_price_net_amount numeric(20,3) NOT NULL,
    shipping_tax_rate numeric(5,4) NOT NULL,
    subtotal_gross_amount numeric(20,3) NOT NULL,
    subtotal_net_amount numeric(20,3) NOT NULL,
    total_gross_amount numeric(20,3) NOT NULL,
    total_net_amount numeric(20,3) NOT NULL,
    tax_exemption boolean DEFAULT false NOT NULL,
    authorize_status character varying(32) DEFAULT 'none'::character varying NOT NULL,
    charge_status character varying(32) DEFAULT 'none'::character varying NOT NULL,
    last_transaction_modified_at timestamp with time zone,
    automatically_refundable boolean DEFAULT false NOT NULL,
    base_subtotal_amount numeric(20,3) DEFAULT 0 NOT NULL,
    base_total_amount numeric(20,3) DEFAULT 0 NOT NULL,
    tax_error character varying(255),
    is_voucher_usage_increased boolean DEFAULT false NOT NULL,
    completing_started_at timestamp with time zone,
    external_shipping_method_id character varying(1024),
    shipping_method_name character varying(255),
    undiscounted_base_shipping_price_amount numeric(20,3) DEFAULT 0 NOT NULL,
    save_billing_address boolean DEFAULT true NOT NULL,
    save_shipping_address boolean DEFAULT true NOT NULL,
    discount_expiration timestamp with time zone DEFAULT now() NOT NULL,
    last_automatic_completion_attempt timestamp with time zone,
    delivery_methods_stale_at timestamp with time zone,
    assigned_delivery_id uuid
);


ALTER TABLE public.checkout_checkout OWNER TO saleor;

--
-- Name: checkout_checkout_gift_cards; Type: TABLE; Schema: public; Owner: saleor
--

CREATE TABLE public.checkout_checkout_gift_cards (
    id integer NOT NULL,
    checkout_id uuid NOT NULL,
    giftcard_id integer NOT NULL
);


ALTER TABLE public.checkout_checkout_gift_cards OWNER TO saleor;

--
-- Name: checkout_checkout_gift_cards_id_seq; Type: SEQUENCE; Schema: public; Owner: saleor
--

ALTER TABLE public.checkout_checkout_gift_cards ALTER COLUMN id ADD GENERATED BY DEFAULT AS IDENTITY (
    SEQUENCE NAME public.checkout_checkout_gift_cards_id_seq
    START WITH 1
    INCREMENT BY 1
    NO MINVALUE
    NO MAXVALUE
    CACHE 1
);


--
-- Name: checkout_checkoutdelivery; Type: TABLE; Schema: public; Owner: saleor
--

CREATE TABLE public.checkout_checkoutdelivery (
    id uuid NOT NULL,
    external_shipping_method_id character varying(1024),
    built_in_shipping_method_id integer,
    name character varying(255) NOT NULL,
    description text,
    price_amount numeric(20,3) NOT NULL,
    currency character varying(3) NOT NULL,
    maximum_delivery_days integer,
    minimum_delivery_days integer,
    metadata jsonb NOT NULL,
    private_metadata jsonb NOT NULL,
    active boolean NOT NULL,
    message text,
    is_external boolean NOT NULL,
    is_valid boolean NOT NULL,
    created_at timestamp with time zone NOT NULL,
    updated_at timestamp with time zone NOT NULL,
    tax_class_id integer,
    tax_class_name character varying(255),
    tax_class_private_metadata jsonb DEFAULT '{}'::jsonb NOT NULL,
    tax_class_metadata jsonb DEFAULT '{}'::jsonb NOT NULL,
    checkout_id uuid NOT NULL,
    CONSTRAINT checkout_checkoutdelivery_maximum_delivery_days_check CHECK ((maximum_delivery_days >= 0)),
    CONSTRAINT checkout_checkoutdelivery_minimum_delivery_days_check CHECK ((minimum_delivery_days >= 0))
);


ALTER TABLE public.checkout_checkoutdelivery OWNER TO saleor;

--
-- Name: checkout_checkoutline; Type: TABLE; Schema: public; Owner: saleor
--

CREATE TABLE public.checkout_checkoutline (
    quantity integer NOT NULL,
    checkout_id uuid NOT NULL,
    variant_id integer NOT NULL,
    price_override numeric(20,3),
    created_at timestamp with time zone NOT NULL,
    old_id integer,
    id uuid NOT NULL,
    metadata jsonb DEFAULT '{}'::jsonb NOT NULL,
    private_metadata jsonb DEFAULT '{}'::jsonb NOT NULL,
    currency character varying(3) NOT NULL,
    tax_rate numeric(5,4) NOT NULL,
    total_price_gross_amount numeric(20,3) NOT NULL,
    total_price_net_amount numeric(20,3) NOT NULL,
    is_gift boolean DEFAULT false NOT NULL,
    undiscounted_unit_price_amount numeric(20,3) NOT NULL,
    prior_unit_price_amount numeric(20,3),
    CONSTRAINT cart_cartline_quantity_check CHECK ((quantity >= 0)),
    CONSTRAINT checkout_checkoutline_old_id_check CHECK ((old_id >= 0))
);


ALTER TABLE public.checkout_checkoutline OWNER TO saleor;

--
-- Name: checkout_checkoutmetadata; Type: TABLE; Schema: public; Owner: saleor
--

CREATE TABLE public.checkout_checkoutmetadata (
    id integer NOT NULL,
    private_metadata jsonb DEFAULT '{}'::jsonb NOT NULL,
    metadata jsonb DEFAULT '{}'::jsonb NOT NULL,
    checkout_id uuid NOT NULL
);


ALTER TABLE public.checkout_checkoutmetadata OWNER TO saleor;

--
-- Name: checkout_checkoutmetadata_id_seq; Type: SEQUENCE; Schema: public; Owner: saleor
--

ALTER TABLE public.checkout_checkoutmetadata ALTER COLUMN id ADD GENERATED BY DEFAULT AS IDENTITY (
    SEQUENCE NAME public.checkout_checkoutmetadata_id_seq
    START WITH 1
    INCREMENT BY 1
    NO MINVALUE
    NO MAXVALUE
    CACHE 1
);


--
-- Name: core_eventdelivery; Type: TABLE; Schema: public; Owner: saleor
--

CREATE TABLE public.core_eventdelivery (
    id integer NOT NULL,
    created_at timestamp with time zone NOT NULL,
    status character varying(255) NOT NULL,
    event_type character varying(255) NOT NULL,
    payload_id integer,
    webhook_id integer NOT NULL
);


ALTER TABLE public.core_eventdelivery OWNER TO saleor;

--
-- Name: core_eventdelivery_id_seq; Type: SEQUENCE; Schema: public; Owner: saleor
--

ALTER TABLE public.core_eventdelivery ALTER COLUMN id ADD GENERATED BY DEFAULT AS IDENTITY (
    SEQUENCE NAME public.core_eventdelivery_id_seq
    START WITH 1
    INCREMENT BY 1
    NO MINVALUE
    NO MAXVALUE
    CACHE 1
);


--
-- Name: core_eventdeliveryattempt; Type: TABLE; Schema: public; Owner: saleor
--

CREATE TABLE public.core_eventdeliveryattempt (
    id integer NOT NULL,
    created_at timestamp with time zone NOT NULL,
    task_id character varying(255),
    duration double precision,
    response text,
    response_headers text,
    request_headers text,
    status character varying(255) NOT NULL,
    delivery_id integer,
    response_status_code smallint,
    CONSTRAINT core_eventdeliveryattempt_response_status_code_check CHECK ((response_status_code >= 0))
);


ALTER TABLE public.core_eventdeliveryattempt OWNER TO saleor;

--
-- Name: core_eventdeliveryattempt_id_seq; Type: SEQUENCE; Schema: public; Owner: saleor
--

ALTER TABLE public.core_eventdeliveryattempt ALTER COLUMN id ADD GENERATED BY DEFAULT AS IDENTITY (
    SEQUENCE NAME public.core_eventdeliveryattempt_id_seq
    START WITH 1
    INCREMENT BY 1
    NO MINVALUE
    NO MAXVALUE
    CACHE 1
);


--
-- Name: core_eventpayload; Type: TABLE; Schema: public; Owner: saleor
--

CREATE TABLE public.core_eventpayload (
    id integer NOT NULL,
    payload text DEFAULT ''::text NOT NULL,
    created_at timestamp with time zone NOT NULL,
    payload_file character varying(100)
);


ALTER TABLE public.core_eventpayload OWNER TO saleor;

--
-- Name: core_eventpayload_id_seq; Type: SEQUENCE; Schema: public; Owner: saleor
--

ALTER TABLE public.core_eventpayload ALTER COLUMN id ADD GENERATED BY DEFAULT AS IDENTITY (
    SEQUENCE NAME public.core_eventpayload_id_seq
    START WITH 1
    INCREMENT BY 1
    NO MINVALUE
    NO MAXVALUE
    CACHE 1
);


--
-- Name: csv_exportevent; Type: TABLE; Schema: public; Owner: saleor
--

CREATE TABLE public.csv_exportevent (
    id integer NOT NULL,
    date timestamp with time zone NOT NULL,
    type character varying(255) NOT NULL,
    parameters jsonb NOT NULL,
    app_id integer,
    export_file_id integer NOT NULL,
    user_id integer
);


ALTER TABLE public.csv_exportevent OWNER TO saleor;

--
-- Name: csv_exportevent_id_seq; Type: SEQUENCE; Schema: public; Owner: saleor
--

ALTER TABLE public.csv_exportevent ALTER COLUMN id ADD GENERATED BY DEFAULT AS IDENTITY (
    SEQUENCE NAME public.csv_exportevent_id_seq
    START WITH 1
    INCREMENT BY 1
    NO MINVALUE
    NO MAXVALUE
    CACHE 1
);


--
-- Name: csv_exportfile; Type: TABLE; Schema: public; Owner: saleor
--

CREATE TABLE public.csv_exportfile (
    id integer NOT NULL,
    status character varying(50) NOT NULL,
    created_at timestamp with time zone NOT NULL,
    updated_at timestamp with time zone NOT NULL,
    content_file character varying(100),
    app_id integer,
    user_id integer,
    message character varying(255)
);


ALTER TABLE public.csv_exportfile OWNER TO saleor;

--
-- Name: csv_exportfile_id_seq; Type: SEQUENCE; Schema: public; Owner: saleor
--

ALTER TABLE public.csv_exportfile ALTER COLUMN id ADD GENERATED BY DEFAULT AS IDENTITY (
    SEQUENCE NAME public.csv_exportfile_id_seq
    START WITH 1
    INCREMENT BY 1
    NO MINVALUE
    NO MAXVALUE
    CACHE 1
);


--
-- Name: discount_checkoutdiscount; Type: TABLE; Schema: public; Owner: saleor
--

CREATE TABLE public.discount_checkoutdiscount (
    id uuid NOT NULL,
    created_at timestamp with time zone NOT NULL,
    type character varying(64) NOT NULL,
    value_type character varying(10) NOT NULL,
    value numeric(20,3) NOT NULL,
    amount_value numeric(20,3) NOT NULL,
    currency character varying(3) NOT NULL,
    name character varying(255),
    translated_name character varying(255),
    reason text,
    voucher_code character varying(255),
    checkout_id uuid,
    promotion_rule_id uuid,
    voucher_id integer
);


ALTER TABLE public.discount_checkoutdiscount OWNER TO saleor;

--
-- Name: discount_checkoutlinediscount; Type: TABLE; Schema: public; Owner: saleor
--

CREATE TABLE public.discount_checkoutlinediscount (
    id uuid NOT NULL,
    created_at timestamp with time zone NOT NULL,
    type character varying(64) NOT NULL,
    value_type character varying(10) NOT NULL,
    value numeric(20,3) NOT NULL,
    amount_value numeric(20,3) NOT NULL,
    currency character varying(3) NOT NULL,
    name character varying(255),
    translated_name character varying(255),
    reason text,
    line_id uuid,
    sale_id integer,
    voucher_id integer,
    promotion_rule_id uuid,
    voucher_code character varying(255),
    unique_type character varying(64)
);


ALTER TABLE public.discount_checkoutlinediscount OWNER TO saleor;

--
-- Name: discount_orderdiscount; Type: TABLE; Schema: public; Owner: saleor
--

CREATE TABLE public.discount_orderdiscount (
    type character varying(64) NOT NULL,
    value_type character varying(10) NOT NULL,
    value numeric(20,3) NOT NULL,
    amount_value numeric(20,3) NOT NULL,
    currency character varying(3) NOT NULL,
    name character varying(255),
    translated_name character varying(255),
    reason text,
    order_id uuid,
    created_at timestamp with time zone NOT NULL,
    old_id integer,
    id uuid NOT NULL,
    sale_id integer,
    voucher_id integer,
    promotion_rule_id uuid,
    voucher_code character varying(255),
    CONSTRAINT discount_orderdiscount_old_id_check CHECK ((old_id >= 0))
);


ALTER TABLE public.discount_orderdiscount OWNER TO saleor;

--
-- Name: discount_orderlinediscount; Type: TABLE; Schema: public; Owner: saleor
--

CREATE TABLE public.discount_orderlinediscount (
    id uuid NOT NULL,
    created_at timestamp with time zone NOT NULL,
    type character varying(64) NOT NULL,
    value_type character varying(10) NOT NULL,
    value numeric(20,3) NOT NULL,
    amount_value numeric(20,3) NOT NULL,
    currency character varying(3) NOT NULL,
    name character varying(255),
    translated_name character varying(255),
    reason text,
    line_id uuid,
    promotion_rule_id uuid,
    sale_id integer,
    voucher_id integer,
    voucher_code character varying(255),
    unique_type character varying(64)
);


ALTER TABLE public.discount_orderlinediscount OWNER TO saleor;

--
-- Name: discount_promotion; Type: TABLE; Schema: public; Owner: saleor
--

CREATE TABLE public.discount_promotion (
    id uuid NOT NULL,
    private_metadata jsonb DEFAULT '{}'::jsonb NOT NULL,
    metadata jsonb DEFAULT '{}'::jsonb NOT NULL,
    name character varying(255) NOT NULL,
    description jsonb,
    old_sale_id integer,
    start_date timestamp with time zone NOT NULL,
    end_date timestamp with time zone,
    created_at timestamp with time zone NOT NULL,
    updated_at timestamp with time zone NOT NULL,
    last_notification_scheduled_at timestamp with time zone,
    type character varying(255) DEFAULT 'catalogue'::character varying NOT NULL
);


ALTER TABLE public.discount_promotion OWNER TO saleor;

--
-- Name: discount_promotion_old_sale_id_seq; Type: SEQUENCE; Schema: public; Owner: saleor
--

CREATE SEQUENCE public.discount_promotion_old_sale_id_seq
    START WITH 1
    INCREMENT BY 1
    NO MINVALUE
    NO MAXVALUE
    CACHE 1;


ALTER TABLE public.discount_promotion_old_sale_id_seq OWNER TO saleor;

--
-- Name: discount_promotion_old_sale_id_seq; Type: SEQUENCE OWNED BY; Schema: public; Owner: saleor
--

ALTER SEQUENCE public.discount_promotion_old_sale_id_seq OWNED BY public.discount_promotion.old_sale_id;


--
-- Name: discount_promotionevent; Type: TABLE; Schema: public; Owner: saleor
--

CREATE TABLE public.discount_promotionevent (
    id uuid NOT NULL,
    date timestamp with time zone NOT NULL,
    type character varying(255) NOT NULL,
    parameters jsonb NOT NULL,
    app_id integer,
    promotion_id uuid NOT NULL,
    user_id integer
);


ALTER TABLE public.discount_promotionevent OWNER TO saleor;

--
-- Name: discount_promotionrule; Type: TABLE; Schema: public; Owner: saleor
--

CREATE TABLE public.discount_promotionrule (
    id uuid NOT NULL,
    name character varying(255),
    description jsonb,
    catalogue_predicate jsonb NOT NULL,
    reward_value_type character varying(255),
    reward_value numeric(20,3),
    promotion_id uuid NOT NULL,
    old_channel_listing_id integer,
    order_predicate jsonb DEFAULT '{}'::jsonb NOT NULL,
    reward_type character varying(255),
    variants_dirty boolean DEFAULT false
);


ALTER TABLE public.discount_promotionrule OWNER TO saleor;

--
-- Name: discount_promotionrule_channels; Type: TABLE; Schema: public; Owner: saleor
--

CREATE TABLE public.discount_promotionrule_channels (
    id integer NOT NULL,
    promotionrule_id uuid NOT NULL,
    channel_id integer NOT NULL
);


ALTER TABLE public.discount_promotionrule_channels OWNER TO saleor;

--
-- Name: discount_promotionrule_channels_id_seq; Type: SEQUENCE; Schema: public; Owner: saleor
--

ALTER TABLE public.discount_promotionrule_channels ALTER COLUMN id ADD GENERATED BY DEFAULT AS IDENTITY (
    SEQUENCE NAME public.discount_promotionrule_channels_id_seq
    START WITH 1
    INCREMENT BY 1
    NO MINVALUE
    NO MAXVALUE
    CACHE 1
);


--
-- Name: discount_promotionrule_gifts; Type: TABLE; Schema: public; Owner: saleor
--

CREATE TABLE public.discount_promotionrule_gifts (
    id integer NOT NULL,
    promotionrule_id uuid NOT NULL,
    productvariant_id integer NOT NULL
);


ALTER TABLE public.discount_promotionrule_gifts OWNER TO saleor;

--
-- Name: discount_promotionrule_gifts_id_seq; Type: SEQUENCE; Schema: public; Owner: saleor
--

ALTER TABLE public.discount_promotionrule_gifts ALTER COLUMN id ADD GENERATED BY DEFAULT AS IDENTITY (
    SEQUENCE NAME public.discount_promotionrule_gifts_id_seq
    START WITH 1
    INCREMENT BY 1
    NO MINVALUE
    NO MAXVALUE
    CACHE 1
);


--
-- Name: discount_promotionrule_old_channel_listing_id_seq; Type: SEQUENCE; Schema: public; Owner: saleor
--

CREATE SEQUENCE public.discount_promotionrule_old_channel_listing_id_seq
    START WITH 1
    INCREMENT BY 1
    NO MINVALUE
    NO MAXVALUE
    CACHE 1;


ALTER TABLE public.discount_promotionrule_old_channel_listing_id_seq OWNER TO saleor;

--
-- Name: discount_promotionrule_old_channel_listing_id_seq; Type: SEQUENCE OWNED BY; Schema: public; Owner: saleor
--

ALTER SEQUENCE public.discount_promotionrule_old_channel_listing_id_seq OWNED BY public.discount_promotionrule.old_channel_listing_id;


--
-- Name: discount_promotionrule_variants; Type: TABLE; Schema: public; Owner: saleor
--

CREATE TABLE public.discount_promotionrule_variants (
    id bigint NOT NULL,
    promotionrule_id uuid NOT NULL,
    productvariant_id integer NOT NULL
);


ALTER TABLE public.discount_promotionrule_variants OWNER TO saleor;

--
-- Name: discount_promotionrule_variants_id_seq; Type: SEQUENCE; Schema: public; Owner: saleor
--

ALTER TABLE public.discount_promotionrule_variants ALTER COLUMN id ADD GENERATED BY DEFAULT AS IDENTITY (
    SEQUENCE NAME public.discount_promotionrule_variants_id_seq
    START WITH 1
    INCREMENT BY 1
    NO MINVALUE
    NO MAXVALUE
    CACHE 1
);


--
-- Name: discount_promotionruletranslation; Type: TABLE; Schema: public; Owner: saleor
--

CREATE TABLE public.discount_promotionruletranslation (
    id integer NOT NULL,
    language_code character varying(35) NOT NULL,
    name character varying(255),
    description jsonb,
    promotion_rule_id uuid NOT NULL
);


ALTER TABLE public.discount_promotionruletranslation OWNER TO saleor;

--
-- Name: discount_promotionruletranslation_id_seq; Type: SEQUENCE; Schema: public; Owner: saleor
--

ALTER TABLE public.discount_promotionruletranslation ALTER COLUMN id ADD GENERATED BY DEFAULT AS IDENTITY (
    SEQUENCE NAME public.discount_promotionruletranslation_id_seq
    START WITH 1
    INCREMENT BY 1
    NO MINVALUE
    NO MAXVALUE
    CACHE 1
);


--
-- Name: discount_promotiontranslation; Type: TABLE; Schema: public; Owner: saleor
--

CREATE TABLE public.discount_promotiontranslation (
    id integer NOT NULL,
    language_code character varying(35) NOT NULL,
    name character varying(255),
    description jsonb,
    promotion_id uuid NOT NULL
);


ALTER TABLE public.discount_promotiontranslation OWNER TO saleor;

--
-- Name: discount_promotiontranslation_id_seq; Type: SEQUENCE; Schema: public; Owner: saleor
--

ALTER TABLE public.discount_promotiontranslation ALTER COLUMN id ADD GENERATED BY DEFAULT AS IDENTITY (
    SEQUENCE NAME public.discount_promotiontranslation_id_seq
    START WITH 1
    INCREMENT BY 1
    NO MINVALUE
    NO MAXVALUE
    CACHE 1
);


--
-- Name: discount_voucher; Type: TABLE; Schema: public; Owner: saleor
--

CREATE TABLE public.discount_voucher (
    id integer NOT NULL,
    type character varying(20) NOT NULL,
    name character varying(255),
    usage_limit integer,
    start_date timestamp with time zone NOT NULL,
    end_date timestamp with time zone,
    discount_value_type character varying(10) NOT NULL,
    apply_once_per_order boolean NOT NULL,
    countries character varying(752) NOT NULL,
    min_checkout_items_quantity integer,
    apply_once_per_customer boolean NOT NULL,
    only_for_staff boolean NOT NULL,
    metadata jsonb DEFAULT '{}'::jsonb NOT NULL,
    private_metadata jsonb DEFAULT '{}'::jsonb NOT NULL,
    single_use boolean DEFAULT false NOT NULL,
    CONSTRAINT discount_voucher_min_checkout_items_quantity_check CHECK ((min_checkout_items_quantity >= 0)),
    CONSTRAINT discount_voucher_usage_limit_check CHECK ((usage_limit >= 0))
);


ALTER TABLE public.discount_voucher OWNER TO saleor;

--
-- Name: discount_voucher_categories; Type: TABLE; Schema: public; Owner: saleor
--

CREATE TABLE public.discount_voucher_categories (
    id integer NOT NULL,
    voucher_id integer NOT NULL,
    category_id integer NOT NULL
);


ALTER TABLE public.discount_voucher_categories OWNER TO saleor;

--
-- Name: discount_voucher_categories_id_seq; Type: SEQUENCE; Schema: public; Owner: saleor
--

ALTER TABLE public.discount_voucher_categories ALTER COLUMN id ADD GENERATED BY DEFAULT AS IDENTITY (
    SEQUENCE NAME public.discount_voucher_categories_id_seq
    START WITH 1
    INCREMENT BY 1
    NO MINVALUE
    NO MAXVALUE
    CACHE 1
);


--
-- Name: discount_voucher_collections; Type: TABLE; Schema: public; Owner: saleor
--

CREATE TABLE public.discount_voucher_collections (
    id integer NOT NULL,
    voucher_id integer NOT NULL,
    collection_id integer NOT NULL
);


ALTER TABLE public.discount_voucher_collections OWNER TO saleor;

--
-- Name: discount_voucher_collections_id_seq; Type: SEQUENCE; Schema: public; Owner: saleor
--

ALTER TABLE public.discount_voucher_collections ALTER COLUMN id ADD GENERATED BY DEFAULT AS IDENTITY (
    SEQUENCE NAME public.discount_voucher_collections_id_seq
    START WITH 1
    INCREMENT BY 1
    NO MINVALUE
    NO MAXVALUE
    CACHE 1
);


--
-- Name: discount_voucher_id_seq; Type: SEQUENCE; Schema: public; Owner: saleor
--

ALTER TABLE public.discount_voucher ALTER COLUMN id ADD GENERATED BY DEFAULT AS IDENTITY (
    SEQUENCE NAME public.discount_voucher_id_seq
    START WITH 1
    INCREMENT BY 1
    NO MINVALUE
    NO MAXVALUE
    CACHE 1
);


--
-- Name: discount_voucher_products; Type: TABLE; Schema: public; Owner: saleor
--

CREATE TABLE public.discount_voucher_products (
    id integer NOT NULL,
    voucher_id integer NOT NULL,
    product_id integer NOT NULL
);


ALTER TABLE public.discount_voucher_products OWNER TO saleor;

--
-- Name: discount_voucher_products_id_seq; Type: SEQUENCE; Schema: public; Owner: saleor
--

ALTER TABLE public.discount_voucher_products ALTER COLUMN id ADD GENERATED BY DEFAULT AS IDENTITY (
    SEQUENCE NAME public.discount_voucher_products_id_seq
    START WITH 1
    INCREMENT BY 1
    NO MINVALUE
    NO MAXVALUE
    CACHE 1
);


--
-- Name: discount_voucher_variants; Type: TABLE; Schema: public; Owner: saleor
--

CREATE TABLE public.discount_voucher_variants (
    id integer NOT NULL,
    voucher_id integer NOT NULL,
    productvariant_id integer NOT NULL
);


ALTER TABLE public.discount_voucher_variants OWNER TO saleor;

--
-- Name: discount_voucher_variants_id_seq; Type: SEQUENCE; Schema: public; Owner: saleor
--

ALTER TABLE public.discount_voucher_variants ALTER COLUMN id ADD GENERATED BY DEFAULT AS IDENTITY (
    SEQUENCE NAME public.discount_voucher_variants_id_seq
    START WITH 1
    INCREMENT BY 1
    NO MINVALUE
    NO MAXVALUE
    CACHE 1
);


--
-- Name: discount_voucherchannellisting; Type: TABLE; Schema: public; Owner: saleor
--

CREATE TABLE public.discount_voucherchannellisting (
    id integer NOT NULL,
    discount_value numeric(20,3) NOT NULL,
    currency character varying(3) NOT NULL,
    min_spent_amount numeric(20,3),
    channel_id integer NOT NULL,
    voucher_id integer NOT NULL
);


ALTER TABLE public.discount_voucherchannellisting OWNER TO saleor;

--
-- Name: discount_voucherchannellisting_id_seq; Type: SEQUENCE; Schema: public; Owner: saleor
--

ALTER TABLE public.discount_voucherchannellisting ALTER COLUMN id ADD GENERATED BY DEFAULT AS IDENTITY (
    SEQUENCE NAME public.discount_voucherchannellisting_id_seq
    START WITH 1
    INCREMENT BY 1
    NO MINVALUE
    NO MAXVALUE
    CACHE 1
);


--
-- Name: discount_vouchercode; Type: TABLE; Schema: public; Owner: saleor
--

CREATE TABLE public.discount_vouchercode (
    id uuid NOT NULL,
    code character varying(255) NOT NULL,
    used integer NOT NULL,
    is_active boolean DEFAULT true NOT NULL,
    created_at timestamp with time zone DEFAULT CURRENT_TIMESTAMP NOT NULL,
    voucher_id integer NOT NULL,
    CONSTRAINT discount_vouchercode_used_check CHECK ((used >= 0))
);


ALTER TABLE public.discount_vouchercode OWNER TO saleor;

--
-- Name: discount_vouchercustomer; Type: TABLE; Schema: public; Owner: saleor
--

CREATE TABLE public.discount_vouchercustomer (
    id integer NOT NULL,
    customer_email character varying(254) NOT NULL,
    voucher_code_id uuid NOT NULL
);


ALTER TABLE public.discount_vouchercustomer OWNER TO saleor;

--
-- Name: discount_vouchercustomer_id_seq; Type: SEQUENCE; Schema: public; Owner: saleor
--

ALTER TABLE public.discount_vouchercustomer ALTER COLUMN id ADD GENERATED BY DEFAULT AS IDENTITY (
    SEQUENCE NAME public.discount_vouchercustomer_id_seq
    START WITH 1
    INCREMENT BY 1
    NO MINVALUE
    NO MAXVALUE
    CACHE 1
);


--
-- Name: discount_vouchertranslation; Type: TABLE; Schema: public; Owner: saleor
--

CREATE TABLE public.discount_vouchertranslation (
    id integer NOT NULL,
    language_code character varying(35) NOT NULL,
    name character varying(255),
    voucher_id integer NOT NULL
);


ALTER TABLE public.discount_vouchertranslation OWNER TO saleor;

--
-- Name: discount_vouchertranslation_id_seq; Type: SEQUENCE; Schema: public; Owner: saleor
--

ALTER TABLE public.discount_vouchertranslation ALTER COLUMN id ADD GENERATED BY DEFAULT AS IDENTITY (
    SEQUENCE NAME public.discount_vouchertranslation_id_seq
    START WITH 1
    INCREMENT BY 1
    NO MINVALUE
    NO MAXVALUE
    CACHE 1
);


--
-- Name: django_celery_beat_clockedschedule; Type: TABLE; Schema: public; Owner: saleor
--

CREATE TABLE public.django_celery_beat_clockedschedule (
    id integer NOT NULL,
    clocked_time timestamp with time zone NOT NULL
);


ALTER TABLE public.django_celery_beat_clockedschedule OWNER TO saleor;

--
-- Name: django_celery_beat_clockedschedule_id_seq; Type: SEQUENCE; Schema: public; Owner: saleor
--

ALTER TABLE public.django_celery_beat_clockedschedule ALTER COLUMN id ADD GENERATED BY DEFAULT AS IDENTITY (
    SEQUENCE NAME public.django_celery_beat_clockedschedule_id_seq
    START WITH 1
    INCREMENT BY 1
    NO MINVALUE
    NO MAXVALUE
    CACHE 1
);


--
-- Name: django_celery_beat_crontabschedule; Type: TABLE; Schema: public; Owner: saleor
--

CREATE TABLE public.django_celery_beat_crontabschedule (
    id integer NOT NULL,
    minute character varying(240) NOT NULL,
    hour character varying(96) NOT NULL,
    day_of_week character varying(64) NOT NULL,
    day_of_month character varying(124) NOT NULL,
    month_of_year character varying(64) NOT NULL,
    timezone character varying(63) NOT NULL
);


ALTER TABLE public.django_celery_beat_crontabschedule OWNER TO saleor;

--
-- Name: django_celery_beat_crontabschedule_id_seq; Type: SEQUENCE; Schema: public; Owner: saleor
--

ALTER TABLE public.django_celery_beat_crontabschedule ALTER COLUMN id ADD GENERATED BY DEFAULT AS IDENTITY (
    SEQUENCE NAME public.django_celery_beat_crontabschedule_id_seq
    START WITH 1
    INCREMENT BY 1
    NO MINVALUE
    NO MAXVALUE
    CACHE 1
);


--
-- Name: django_celery_beat_intervalschedule; Type: TABLE; Schema: public; Owner: saleor
--

CREATE TABLE public.django_celery_beat_intervalschedule (
    id integer NOT NULL,
    every integer NOT NULL,
    period character varying(24) NOT NULL
);


ALTER TABLE public.django_celery_beat_intervalschedule OWNER TO saleor;

--
-- Name: django_celery_beat_intervalschedule_id_seq; Type: SEQUENCE; Schema: public; Owner: saleor
--

ALTER TABLE public.django_celery_beat_intervalschedule ALTER COLUMN id ADD GENERATED BY DEFAULT AS IDENTITY (
    SEQUENCE NAME public.django_celery_beat_intervalschedule_id_seq
    START WITH 1
    INCREMENT BY 1
    NO MINVALUE
    NO MAXVALUE
    CACHE 1
);


--
-- Name: django_celery_beat_periodictask; Type: TABLE; Schema: public; Owner: saleor
--

CREATE TABLE public.django_celery_beat_periodictask (
    id integer NOT NULL,
    name character varying(200) NOT NULL,
    task character varying(200) NOT NULL,
    args text NOT NULL,
    kwargs text NOT NULL,
    queue character varying(200),
    exchange character varying(200),
    routing_key character varying(200),
    expires timestamp with time zone,
    enabled boolean NOT NULL,
    last_run_at timestamp with time zone,
    total_run_count integer NOT NULL,
    date_changed timestamp with time zone NOT NULL,
    description text NOT NULL,
    crontab_id integer,
    interval_id integer,
    solar_id integer,
    one_off boolean NOT NULL,
    start_time timestamp with time zone,
    priority integer,
    headers text NOT NULL,
    clocked_id integer,
    expire_seconds integer,
    CONSTRAINT django_celery_beat_periodictask_expire_seconds_check CHECK ((expire_seconds >= 0)),
    CONSTRAINT django_celery_beat_periodictask_priority_check CHECK ((priority >= 0)),
    CONSTRAINT django_celery_beat_periodictask_total_run_count_check CHECK ((total_run_count >= 0))
);


ALTER TABLE public.django_celery_beat_periodictask OWNER TO saleor;

--
-- Name: django_celery_beat_periodictask_id_seq; Type: SEQUENCE; Schema: public; Owner: saleor
--

ALTER TABLE public.django_celery_beat_periodictask ALTER COLUMN id ADD GENERATED BY DEFAULT AS IDENTITY (
    SEQUENCE NAME public.django_celery_beat_periodictask_id_seq
    START WITH 1
    INCREMENT BY 1
    NO MINVALUE
    NO MAXVALUE
    CACHE 1
);


--
-- Name: django_celery_beat_periodictasks; Type: TABLE; Schema: public; Owner: saleor
--

CREATE TABLE public.django_celery_beat_periodictasks (
    ident smallint NOT NULL,
    last_update timestamp with time zone NOT NULL
);


ALTER TABLE public.django_celery_beat_periodictasks OWNER TO saleor;

--
-- Name: django_celery_beat_solarschedule; Type: TABLE; Schema: public; Owner: saleor
--

CREATE TABLE public.django_celery_beat_solarschedule (
    id integer NOT NULL,
    event character varying(24) NOT NULL,
    latitude numeric(9,6) NOT NULL,
    longitude numeric(9,6) NOT NULL
);


ALTER TABLE public.django_celery_beat_solarschedule OWNER TO saleor;

--
-- Name: django_celery_beat_solarschedule_id_seq; Type: SEQUENCE; Schema: public; Owner: saleor
--

ALTER TABLE public.django_celery_beat_solarschedule ALTER COLUMN id ADD GENERATED BY DEFAULT AS IDENTITY (
    SEQUENCE NAME public.django_celery_beat_solarschedule_id_seq
    START WITH 1
    INCREMENT BY 1
    NO MINVALUE
    NO MAXVALUE
    CACHE 1
);


--
-- Name: django_content_type; Type: TABLE; Schema: public; Owner: saleor
--

CREATE TABLE public.django_content_type (
    id integer NOT NULL,
    app_label character varying(100) NOT NULL,
    model character varying(100) NOT NULL
);


ALTER TABLE public.django_content_type OWNER TO saleor;

--
-- Name: django_content_type_id_seq; Type: SEQUENCE; Schema: public; Owner: saleor
--

ALTER TABLE public.django_content_type ALTER COLUMN id ADD GENERATED BY DEFAULT AS IDENTITY (
    SEQUENCE NAME public.django_content_type_id_seq
    START WITH 1
    INCREMENT BY 1
    NO MINVALUE
    NO MAXVALUE
    CACHE 1
);


--
-- Name: django_migrations; Type: TABLE; Schema: public; Owner: saleor
--

CREATE TABLE public.django_migrations (
    id integer NOT NULL,
    app character varying(255) NOT NULL,
    name character varying(255) NOT NULL,
    applied timestamp with time zone NOT NULL
);


ALTER TABLE public.django_migrations OWNER TO saleor;

--
-- Name: django_migrations_id_seq; Type: SEQUENCE; Schema: public; Owner: saleor
--

ALTER TABLE public.django_migrations ALTER COLUMN id ADD GENERATED BY DEFAULT AS IDENTITY (
    SEQUENCE NAME public.django_migrations_id_seq
    START WITH 1
    INCREMENT BY 1
    NO MINVALUE
    NO MAXVALUE
    CACHE 1
);


--
-- Name: django_site; Type: TABLE; Schema: public; Owner: saleor
--

CREATE TABLE public.django_site (
    id integer NOT NULL,
    domain character varying(100) NOT NULL,
    name character varying(50) NOT NULL
);


ALTER TABLE public.django_site OWNER TO saleor;

--
-- Name: django_site_id_seq; Type: SEQUENCE; Schema: public; Owner: saleor
--

ALTER TABLE public.django_site ALTER COLUMN id ADD GENERATED BY DEFAULT AS IDENTITY (
    SEQUENCE NAME public.django_site_id_seq
    START WITH 1
    INCREMENT BY 1
    NO MINVALUE
    NO MAXVALUE
    CACHE 1
);


--
-- Name: giftcard_giftcard; Type: TABLE; Schema: public; Owner: saleor
--

CREATE TABLE public.giftcard_giftcard (
    id integer NOT NULL,
    code character varying(16) NOT NULL,
    created_at timestamp with time zone NOT NULL,
    last_used_on timestamp with time zone,
    is_active boolean NOT NULL,
    initial_balance_amount numeric(20,3) NOT NULL,
    current_balance_amount numeric(20,3) NOT NULL,
    currency character varying(3) NOT NULL,
    app_id integer,
    created_by_id integer,
    created_by_email character varying(254),
    expiry_date date,
    metadata jsonb DEFAULT '{}'::jsonb NOT NULL,
    private_metadata jsonb DEFAULT '{}'::jsonb NOT NULL,
    product_id integer,
    used_by_id integer,
    used_by_email character varying(254),
    fulfillment_line_id integer,
    search_index_dirty boolean DEFAULT true NOT NULL,
    search_vector tsvector
);


ALTER TABLE public.giftcard_giftcard OWNER TO saleor;

--
-- Name: giftcard_giftcard_id_seq; Type: SEQUENCE; Schema: public; Owner: saleor
--

ALTER TABLE public.giftcard_giftcard ALTER COLUMN id ADD GENERATED BY DEFAULT AS IDENTITY (
    SEQUENCE NAME public.giftcard_giftcard_id_seq
    START WITH 1
    INCREMENT BY 1
    NO MINVALUE
    NO MAXVALUE
    CACHE 1
);


--
-- Name: giftcard_giftcard_tags; Type: TABLE; Schema: public; Owner: saleor
--

CREATE TABLE public.giftcard_giftcard_tags (
    id integer NOT NULL,
    giftcard_id integer NOT NULL,
    giftcardtag_id integer NOT NULL
);


ALTER TABLE public.giftcard_giftcard_tags OWNER TO saleor;

--
-- Name: giftcard_giftcard_tags_id_seq; Type: SEQUENCE; Schema: public; Owner: saleor
--

ALTER TABLE public.giftcard_giftcard_tags ALTER COLUMN id ADD GENERATED BY DEFAULT AS IDENTITY (
    SEQUENCE NAME public.giftcard_giftcard_tags_id_seq
    START WITH 1
    INCREMENT BY 1
    NO MINVALUE
    NO MAXVALUE
    CACHE 1
);


--
-- Name: giftcard_giftcardevent; Type: TABLE; Schema: public; Owner: saleor
--

CREATE TABLE public.giftcard_giftcardevent (
    id integer NOT NULL,
    date timestamp with time zone NOT NULL,
    type character varying(255) NOT NULL,
    parameters jsonb NOT NULL,
    app_id integer,
    gift_card_id integer NOT NULL,
    user_id integer,
    order_id uuid
);


ALTER TABLE public.giftcard_giftcardevent OWNER TO saleor;

--
-- Name: giftcard_giftcardevent_id_seq; Type: SEQUENCE; Schema: public; Owner: saleor
--

ALTER TABLE public.giftcard_giftcardevent ALTER COLUMN id ADD GENERATED BY DEFAULT AS IDENTITY (
    SEQUENCE NAME public.giftcard_giftcardevent_id_seq
    START WITH 1
    INCREMENT BY 1
    NO MINVALUE
    NO MAXVALUE
    CACHE 1
);


--
-- Name: giftcard_giftcardtag; Type: TABLE; Schema: public; Owner: saleor
--

CREATE TABLE public.giftcard_giftcardtag (
    id integer NOT NULL,
    name character varying(255) NOT NULL
);


ALTER TABLE public.giftcard_giftcardtag OWNER TO saleor;

--
-- Name: giftcard_giftcardtag_id_seq; Type: SEQUENCE; Schema: public; Owner: saleor
--

ALTER TABLE public.giftcard_giftcardtag ALTER COLUMN id ADD GENERATED BY DEFAULT AS IDENTITY (
    SEQUENCE NAME public.giftcard_giftcardtag_id_seq
    START WITH 1
    INCREMENT BY 1
    NO MINVALUE
    NO MAXVALUE
    CACHE 1
);


--
-- Name: invoice_invoice; Type: TABLE; Schema: public; Owner: saleor
--

CREATE TABLE public.invoice_invoice (
    id integer NOT NULL,
    private_metadata jsonb DEFAULT '{}'::jsonb NOT NULL,
    metadata jsonb DEFAULT '{}'::jsonb NOT NULL,
    status character varying(50) NOT NULL,
    created_at timestamp with time zone NOT NULL,
    updated_at timestamp with time zone NOT NULL,
    number character varying(255),
    created timestamp with time zone,
    external_url character varying(2048),
    invoice_file character varying(100) NOT NULL,
    message character varying(255),
    order_id uuid
);


ALTER TABLE public.invoice_invoice OWNER TO saleor;

--
-- Name: invoice_invoice_id_seq; Type: SEQUENCE; Schema: public; Owner: saleor
--

ALTER TABLE public.invoice_invoice ALTER COLUMN id ADD GENERATED BY DEFAULT AS IDENTITY (
    SEQUENCE NAME public.invoice_invoice_id_seq
    START WITH 1
    INCREMENT BY 1
    NO MINVALUE
    NO MAXVALUE
    CACHE 1
);


--
-- Name: invoice_invoiceevent; Type: TABLE; Schema: public; Owner: saleor
--

CREATE TABLE public.invoice_invoiceevent (
    id integer NOT NULL,
    date timestamp with time zone NOT NULL,
    type character varying(255) NOT NULL,
    parameters jsonb NOT NULL,
    invoice_id integer,
    user_id integer,
    app_id integer,
    order_id uuid
);


ALTER TABLE public.invoice_invoiceevent OWNER TO saleor;

--
-- Name: invoice_invoiceevent_id_seq; Type: SEQUENCE; Schema: public; Owner: saleor
--

ALTER TABLE public.invoice_invoiceevent ALTER COLUMN id ADD GENERATED BY DEFAULT AS IDENTITY (
    SEQUENCE NAME public.invoice_invoiceevent_id_seq
    START WITH 1
    INCREMENT BY 1
    NO MINVALUE
    NO MAXVALUE
    CACHE 1
);


--
-- Name: menu_menu; Type: TABLE; Schema: public; Owner: saleor
--

CREATE TABLE public.menu_menu (
    id integer NOT NULL,
    name character varying(250) NOT NULL,
    slug character varying(255) NOT NULL,
    metadata jsonb DEFAULT '{}'::jsonb NOT NULL,
    private_metadata jsonb DEFAULT '{}'::jsonb NOT NULL
);


ALTER TABLE public.menu_menu OWNER TO saleor;

--
-- Name: menu_menu_id_seq; Type: SEQUENCE; Schema: public; Owner: saleor
--

ALTER TABLE public.menu_menu ALTER COLUMN id ADD GENERATED BY DEFAULT AS IDENTITY (
    SEQUENCE NAME public.menu_menu_id_seq
    START WITH 1
    INCREMENT BY 1
    NO MINVALUE
    NO MAXVALUE
    CACHE 1
);


--
-- Name: menu_menuitem; Type: TABLE; Schema: public; Owner: saleor
--

CREATE TABLE public.menu_menuitem (
    id integer NOT NULL,
    name character varying(128) NOT NULL,
    sort_order integer,
    url character varying(256),
    lft integer NOT NULL,
    rght integer NOT NULL,
    tree_id integer NOT NULL,
    level integer NOT NULL,
    category_id integer,
    collection_id integer,
    menu_id integer NOT NULL,
    page_id integer,
    parent_id integer,
    metadata jsonb DEFAULT '{}'::jsonb NOT NULL,
    private_metadata jsonb DEFAULT '{}'::jsonb NOT NULL,
    CONSTRAINT menu_menuitem_level_check CHECK ((level >= 0)),
    CONSTRAINT menu_menuitem_lft_check CHECK ((lft >= 0)),
    CONSTRAINT menu_menuitem_rght_check CHECK ((rght >= 0)),
    CONSTRAINT menu_menuitem_tree_id_check CHECK ((tree_id >= 0))
);


ALTER TABLE public.menu_menuitem OWNER TO saleor;

--
-- Name: menu_menuitem_id_seq; Type: SEQUENCE; Schema: public; Owner: saleor
--

ALTER TABLE public.menu_menuitem ALTER COLUMN id ADD GENERATED BY DEFAULT AS IDENTITY (
    SEQUENCE NAME public.menu_menuitem_id_seq
    START WITH 1
    INCREMENT BY 1
    NO MINVALUE
    NO MAXVALUE
    CACHE 1
);


--
-- Name: menu_menuitemtranslation; Type: TABLE; Schema: public; Owner: saleor
--

CREATE TABLE public.menu_menuitemtranslation (
    id integer NOT NULL,
    language_code character varying(35) NOT NULL,
    name character varying(128) NOT NULL,
    menu_item_id integer NOT NULL
);


ALTER TABLE public.menu_menuitemtranslation OWNER TO saleor;

--
-- Name: menu_menuitemtranslation_id_seq; Type: SEQUENCE; Schema: public; Owner: saleor
--

ALTER TABLE public.menu_menuitemtranslation ALTER COLUMN id ADD GENERATED BY DEFAULT AS IDENTITY (
    SEQUENCE NAME public.menu_menuitemtranslation_id_seq
    START WITH 1
    INCREMENT BY 1
    NO MINVALUE
    NO MAXVALUE
    CACHE 1
);


--
-- Name: order_fulfillment; Type: TABLE; Schema: public; Owner: saleor
--

CREATE TABLE public.order_fulfillment (
    id integer NOT NULL,
    tracking_number character varying(255) NOT NULL,
    created_at timestamp with time zone NOT NULL,
    fulfillment_order integer NOT NULL,
    status character varying(32) NOT NULL,
    metadata jsonb DEFAULT '{}'::jsonb NOT NULL,
    private_metadata jsonb DEFAULT '{}'::jsonb NOT NULL,
    shipping_refund_amount numeric(20,3),
    total_refund_amount numeric(20,3),
    order_id uuid NOT NULL,
    CONSTRAINT order_fulfillment_fulfillment_order_check CHECK ((fulfillment_order >= 0))
);


ALTER TABLE public.order_fulfillment OWNER TO saleor;

--
-- Name: order_fulfillment_id_seq; Type: SEQUENCE; Schema: public; Owner: saleor
--

ALTER TABLE public.order_fulfillment ALTER COLUMN id ADD GENERATED BY DEFAULT AS IDENTITY (
    SEQUENCE NAME public.order_fulfillment_id_seq
    START WITH 1
    INCREMENT BY 1
    NO MINVALUE
    NO MAXVALUE
    CACHE 1
);


--
-- Name: order_fulfillmentline; Type: TABLE; Schema: public; Owner: saleor
--

CREATE TABLE public.order_fulfillmentline (
    id integer NOT NULL,
    quantity integer NOT NULL,
    fulfillment_id integer NOT NULL,
    stock_id integer,
    order_line_id uuid NOT NULL,
    CONSTRAINT order_fulfillmentline_quantity_81b787d3_check CHECK ((quantity >= 0))
);


ALTER TABLE public.order_fulfillmentline OWNER TO saleor;

--
-- Name: order_fulfillmentline_id_seq; Type: SEQUENCE; Schema: public; Owner: saleor
--

ALTER TABLE public.order_fulfillmentline ALTER COLUMN id ADD GENERATED BY DEFAULT AS IDENTITY (
    SEQUENCE NAME public.order_fulfillmentline_id_seq
    START WITH 1
    INCREMENT BY 1
    NO MINVALUE
    NO MAXVALUE
    CACHE 1
);


--
-- Name: order_order; Type: TABLE; Schema: public; Owner: saleor
--

CREATE TABLE public.order_order (
    created_at timestamp with time zone NOT NULL,
    tracking_client_id character varying(36) NOT NULL,
    user_email character varying(254) NOT NULL,
    id uuid NOT NULL,
    billing_address_id integer,
    shipping_address_id integer,
    user_id integer,
    total_net_amount numeric(20,3) NOT NULL,
    voucher_id integer,
    language_code character varying(35) NOT NULL,
    shipping_price_gross_amount numeric(20,3) NOT NULL,
    total_gross_amount numeric(20,3) NOT NULL,
    shipping_price_net_amount numeric(20,3) NOT NULL,
    status character varying(32) NOT NULL,
    shipping_method_name character varying(255),
    shipping_method_id integer,
    display_gross_prices boolean NOT NULL,
    customer_note text NOT NULL,
    weight double precision NOT NULL,
    checkout_token character varying(36) NOT NULL,
    currency character varying(3) NOT NULL,
    metadata jsonb DEFAULT '{}'::jsonb NOT NULL,
    private_metadata jsonb DEFAULT '{}'::jsonb NOT NULL,
    channel_id integer NOT NULL,
    redirect_url character varying(200),
    shipping_tax_rate numeric(5,4),
    undiscounted_total_gross_amount numeric(20,3) NOT NULL,
    undiscounted_total_net_amount numeric(20,3) NOT NULL,
    total_charged_amount numeric(20,3) NOT NULL,
    origin character varying(32) NOT NULL,
    collection_point_id uuid,
    collection_point_name character varying(255),
    search_document text NOT NULL,
    updated_at timestamp with time zone NOT NULL,
    use_old_id boolean NOT NULL,
    number integer NOT NULL,
    original_id uuid,
    total_authorized_amount numeric(20,3) NOT NULL,
    authorize_status character varying(32) NOT NULL,
    charge_status character varying(32) NOT NULL,
    search_vector tsvector,
    should_refresh_prices boolean NOT NULL,
    tax_exemption boolean DEFAULT false NOT NULL,
    base_shipping_price_amount numeric(20,3) NOT NULL,
    shipping_tax_class_id integer,
    shipping_tax_class_metadata jsonb DEFAULT '{}'::jsonb NOT NULL,
    shipping_tax_class_name character varying(255),
    shipping_tax_class_private_metadata jsonb DEFAULT '{}'::jsonb NOT NULL,
    external_reference character varying(250),
    expired_at timestamp with time zone,
    voucher_code character varying(255),
    subtotal_gross_amount numeric(20,3) DEFAULT 0 NOT NULL,
    subtotal_net_amount numeric(20,3) DEFAULT 0 NOT NULL,
    tax_error character varying(255),
    undiscounted_base_shipping_price_amount numeric(20,3) NOT NULL,
    draft_save_billing_address boolean,
    draft_save_shipping_address boolean,
    lines_count integer NOT NULL,
    shipping_method_metadata jsonb DEFAULT '{}'::jsonb,
    shipping_method_private_metadata jsonb DEFAULT '{}'::jsonb,
    CONSTRAINT order_order_lines_count_check CHECK ((lines_count >= 0))
);


ALTER TABLE public.order_order OWNER TO saleor;

--
-- Name: order_order_gift_cards; Type: TABLE; Schema: public; Owner: saleor
--

CREATE TABLE public.order_order_gift_cards (
    id integer NOT NULL,
    giftcard_id integer NOT NULL,
    order_id uuid NOT NULL
);


ALTER TABLE public.order_order_gift_cards OWNER TO saleor;

--
-- Name: order_order_gift_cards_id_seq; Type: SEQUENCE; Schema: public; Owner: saleor
--

ALTER TABLE public.order_order_gift_cards ALTER COLUMN id ADD GENERATED BY DEFAULT AS IDENTITY (
    SEQUENCE NAME public.order_order_gift_cards_id_seq
    START WITH 1
    INCREMENT BY 1
    NO MINVALUE
    NO MAXVALUE
    CACHE 1
);


--
-- Name: order_order_number_seq; Type: SEQUENCE; Schema: public; Owner: saleor
--

CREATE SEQUENCE public.order_order_number_seq
    START WITH 1
    INCREMENT BY 1
    NO MINVALUE
    NO MAXVALUE
    CACHE 1;


ALTER TABLE public.order_order_number_seq OWNER TO saleor;

--
-- Name: order_order_number_seq; Type: SEQUENCE OWNED BY; Schema: public; Owner: saleor
--

ALTER SEQUENCE public.order_order_number_seq OWNED BY public.order_order.number;


--
-- Name: order_orderevent; Type: TABLE; Schema: public; Owner: saleor
--

CREATE TABLE public.order_orderevent (
    id integer NOT NULL,
    date timestamp with time zone NOT NULL,
    type character varying(255) NOT NULL,
    user_id integer,
    parameters jsonb NOT NULL,
    app_id integer,
    order_id uuid NOT NULL,
    related_id integer
);


ALTER TABLE public.order_orderevent OWNER TO saleor;

--
-- Name: order_orderevent_id_seq; Type: SEQUENCE; Schema: public; Owner: saleor
--

ALTER TABLE public.order_orderevent ALTER COLUMN id ADD GENERATED BY DEFAULT AS IDENTITY (
    SEQUENCE NAME public.order_orderevent_id_seq
    START WITH 1
    INCREMENT BY 1
    NO MINVALUE
    NO MAXVALUE
    CACHE 1
);


--
-- Name: order_ordergrantedrefund; Type: TABLE; Schema: public; Owner: saleor
--

CREATE TABLE public.order_ordergrantedrefund (
    id integer NOT NULL,
    created_at timestamp with time zone NOT NULL,
    updated_at timestamp with time zone NOT NULL,
    amount_value numeric(20,3) NOT NULL,
    currency character varying(3) NOT NULL,
    reason text NOT NULL,
    app_id integer,
    order_id uuid NOT NULL,
    user_id integer,
    shipping_costs_included boolean DEFAULT false NOT NULL,
    transaction_item_id integer,
    status character varying(128) DEFAULT 'none'::character varying NOT NULL,
    reason_reference_id integer
);


ALTER TABLE public.order_ordergrantedrefund OWNER TO saleor;

--
-- Name: order_ordergrantedrefund_id_seq; Type: SEQUENCE; Schema: public; Owner: saleor
--

ALTER TABLE public.order_ordergrantedrefund ALTER COLUMN id ADD GENERATED BY DEFAULT AS IDENTITY (
    SEQUENCE NAME public.order_ordergrantedrefund_id_seq
    START WITH 1
    INCREMENT BY 1
    NO MINVALUE
    NO MAXVALUE
    CACHE 1
);


--
-- Name: order_ordergrantedrefundline; Type: TABLE; Schema: public; Owner: saleor
--

CREATE TABLE public.order_ordergrantedrefundline (
    id integer NOT NULL,
    quantity integer NOT NULL,
    granted_refund_id integer NOT NULL,
    order_line_id uuid NOT NULL,
    reason text,
    CONSTRAINT order_ordergrantedrefundline_quantity_check CHECK ((quantity >= 0))
);


ALTER TABLE public.order_ordergrantedrefundline OWNER TO saleor;

--
-- Name: order_ordergrantedrefundline_id_seq; Type: SEQUENCE; Schema: public; Owner: saleor
--

ALTER TABLE public.order_ordergrantedrefundline ALTER COLUMN id ADD GENERATED BY DEFAULT AS IDENTITY (
    SEQUENCE NAME public.order_ordergrantedrefundline_id_seq
    START WITH 1
    INCREMENT BY 1
    NO MINVALUE
    NO MAXVALUE
    CACHE 1
);


--
-- Name: order_orderline; Type: TABLE; Schema: public; Owner: saleor
--

CREATE TABLE public.order_orderline (
    product_name character varying(386) NOT NULL,
    product_sku character varying(255),
    quantity integer NOT NULL,
    unit_price_net_amount numeric(20,3) NOT NULL,
    unit_price_gross_amount numeric(20,3) NOT NULL,
    is_shipping_required boolean NOT NULL,
    quantity_fulfilled integer NOT NULL,
    variant_id integer,
    tax_rate numeric(5,4),
    translated_product_name character varying(386) NOT NULL,
    currency character varying(3) NOT NULL,
    translated_variant_name character varying(255) NOT NULL,
    variant_name character varying(255) NOT NULL,
    total_price_gross_amount numeric(20,3) NOT NULL,
    total_price_net_amount numeric(20,3) NOT NULL,
    unit_discount_amount numeric(20,3) NOT NULL,
    unit_discount_value numeric(20,3) NOT NULL,
    unit_discount_reason text,
    unit_discount_type character varying(10) DEFAULT NULL::character varying,
    undiscounted_total_price_gross_amount numeric(20,3) NOT NULL,
    undiscounted_total_price_net_amount numeric(20,3) NOT NULL,
    undiscounted_unit_price_gross_amount numeric(20,3) NOT NULL,
    undiscounted_unit_price_net_amount numeric(20,3) NOT NULL,
    is_gift_card boolean NOT NULL,
    product_variant_id character varying(255),
    sale_id character varying(255),
    voucher_code character varying(255),
    order_id uuid NOT NULL,
    id uuid NOT NULL,
    old_id integer,
    created_at timestamp with time zone NOT NULL,
    base_unit_price_amount numeric(20,3) NOT NULL,
    undiscounted_base_unit_price_amount numeric(20,3) NOT NULL,
    metadata jsonb DEFAULT '{}'::jsonb NOT NULL,
    private_metadata jsonb DEFAULT '{}'::jsonb NOT NULL,
    tax_class_id integer,
    tax_class_metadata jsonb DEFAULT '{}'::jsonb NOT NULL,
    tax_class_name character varying(255),
    tax_class_private_metadata jsonb DEFAULT '{}'::jsonb NOT NULL,
    is_gift boolean DEFAULT false NOT NULL,
    is_price_overridden boolean,
    draft_base_price_expire_at timestamp with time zone,
    product_type_id integer,
    CONSTRAINT order_orderline_old_id_check CHECK ((old_id >= 0))
);


ALTER TABLE public.order_orderline OWNER TO saleor;

--
-- Name: page_page; Type: TABLE; Schema: public; Owner: saleor
--

CREATE TABLE public.page_page (
    id integer NOT NULL,
    slug character varying(255) NOT NULL,
    title character varying(250) NOT NULL,
    content jsonb,
    created_at timestamp with time zone NOT NULL,
    is_published boolean NOT NULL,
    published_at timestamp with time zone,
    seo_description character varying(300),
    seo_title character varying(70),
    metadata jsonb DEFAULT '{}'::jsonb NOT NULL,
    private_metadata jsonb DEFAULT '{}'::jsonb NOT NULL,
    page_type_id integer NOT NULL
);


ALTER TABLE public.page_page OWNER TO saleor;

--
-- Name: page_page_id_seq; Type: SEQUENCE; Schema: public; Owner: saleor
--

ALTER TABLE public.page_page ALTER COLUMN id ADD GENERATED BY DEFAULT AS IDENTITY (
    SEQUENCE NAME public.page_page_id_seq
    START WITH 1
    INCREMENT BY 1
    NO MINVALUE
    NO MAXVALUE
    CACHE 1
);


--
-- Name: page_pagetranslation; Type: TABLE; Schema: public; Owner: saleor
--

CREATE TABLE public.page_pagetranslation (
    id integer NOT NULL,
    seo_title character varying(70),
    seo_description character varying(300),
    language_code character varying(35) NOT NULL,
    title character varying(255),
    content jsonb,
    page_id integer NOT NULL,
    slug character varying(255)
);


ALTER TABLE public.page_pagetranslation OWNER TO saleor;

--
-- Name: page_pagetranslation_id_seq; Type: SEQUENCE; Schema: public; Owner: saleor
--

ALTER TABLE public.page_pagetranslation ALTER COLUMN id ADD GENERATED BY DEFAULT AS IDENTITY (
    SEQUENCE NAME public.page_pagetranslation_id_seq
    START WITH 1
    INCREMENT BY 1
    NO MINVALUE
    NO MAXVALUE
    CACHE 1
);


--
-- Name: page_pagetype; Type: TABLE; Schema: public; Owner: saleor
--

CREATE TABLE public.page_pagetype (
    id integer NOT NULL,
    private_metadata jsonb DEFAULT '{}'::jsonb NOT NULL,
    metadata jsonb DEFAULT '{}'::jsonb NOT NULL,
    name character varying(250) NOT NULL,
    slug character varying(255) NOT NULL
);


ALTER TABLE public.page_pagetype OWNER TO saleor;

--
-- Name: page_pagetype_id_seq; Type: SEQUENCE; Schema: public; Owner: saleor
--

ALTER TABLE public.page_pagetype ALTER COLUMN id ADD GENERATED BY DEFAULT AS IDENTITY (
    SEQUENCE NAME public.page_pagetype_id_seq
    START WITH 1
    INCREMENT BY 1
    NO MINVALUE
    NO MAXVALUE
    CACHE 1
);


--
-- Name: payment_payment; Type: TABLE; Schema: public; Owner: saleor
--

CREATE TABLE public.payment_payment (
    id integer NOT NULL,
    gateway character varying(255) NOT NULL,
    is_active boolean NOT NULL,
    created_at timestamp with time zone NOT NULL,
    modified_at timestamp with time zone NOT NULL,
    charge_status character varying(20) NOT NULL,
    billing_first_name character varying(256) NOT NULL,
    billing_last_name character varying(256) NOT NULL,
    billing_company_name character varying(256) NOT NULL,
    billing_address_1 character varying(256) NOT NULL,
    billing_address_2 character varying(256) NOT NULL,
    billing_city character varying(256) NOT NULL,
    billing_city_area character varying(128) NOT NULL,
    billing_postal_code character varying(256) NOT NULL,
    billing_country_code character varying(2) NOT NULL,
    billing_country_area character varying(256) NOT NULL,
    billing_email character varying(254) NOT NULL,
    customer_ip_address inet,
    cc_brand character varying(40) NOT NULL,
    cc_exp_month integer,
    cc_exp_year integer,
    cc_first_digits character varying(6) NOT NULL,
    cc_last_digits character varying(4) NOT NULL,
    extra_data text NOT NULL,
    token character varying(512) NOT NULL,
    currency character varying(3) NOT NULL,
    total numeric(20,3) NOT NULL,
    captured_amount numeric(20,3) NOT NULL,
    checkout_id uuid,
    to_confirm boolean NOT NULL,
    payment_method_type character varying(256) NOT NULL,
    return_url character varying(200),
    psp_reference character varying(512),
    partial boolean NOT NULL,
    metadata jsonb DEFAULT '{}'::jsonb NOT NULL,
    private_metadata jsonb DEFAULT '{}'::jsonb NOT NULL,
    store_payment_method character varying(11) NOT NULL,
    order_id uuid,
    CONSTRAINT payment_paymentmethod_cc_exp_month_check CHECK ((cc_exp_month >= 0)),
    CONSTRAINT payment_paymentmethod_cc_exp_year_check CHECK ((cc_exp_year >= 0))
);


ALTER TABLE public.payment_payment OWNER TO saleor;

--
-- Name: payment_paymentmethod_id_seq; Type: SEQUENCE; Schema: public; Owner: saleor
--

ALTER TABLE public.payment_payment ALTER COLUMN id ADD GENERATED BY DEFAULT AS IDENTITY (
    SEQUENCE NAME public.payment_paymentmethod_id_seq
    START WITH 1
    INCREMENT BY 1
    NO MINVALUE
    NO MAXVALUE
    CACHE 1
);


--
-- Name: payment_transaction; Type: TABLE; Schema: public; Owner: saleor
--

CREATE TABLE public.payment_transaction (
    id integer NOT NULL,
    created_at timestamp with time zone NOT NULL,
    token character varying(512) NOT NULL,
    kind character varying(25) NOT NULL,
    is_success boolean NOT NULL,
    error text,
    currency character varying(3) NOT NULL,
    amount numeric(20,3) NOT NULL,
    gateway_response jsonb NOT NULL,
    payment_id integer NOT NULL,
    customer_id character varying(256),
    action_required boolean NOT NULL,
    action_required_data jsonb NOT NULL,
    already_processed boolean NOT NULL,
    legacy_adyen_plugin_payment_method text,
    legacy_adyen_plugin_result_code text
);


ALTER TABLE public.payment_transaction OWNER TO saleor;

--
-- Name: payment_transaction_id_seq; Type: SEQUENCE; Schema: public; Owner: saleor
--

ALTER TABLE public.payment_transaction ALTER COLUMN id ADD GENERATED BY DEFAULT AS IDENTITY (
    SEQUENCE NAME public.payment_transaction_id_seq
    START WITH 1
    INCREMENT BY 1
    NO MINVALUE
    NO MAXVALUE
    CACHE 1
);


--
-- Name: payment_transactionevent; Type: TABLE; Schema: public; Owner: saleor
--

CREATE TABLE public.payment_transactionevent (
    id integer NOT NULL,
    created_at timestamp with time zone NOT NULL,
    status character varying(128),
    transaction_id integer NOT NULL,
    amount_value numeric(20,3) DEFAULT 0 NOT NULL,
    app_id integer,
    app_identifier character varying(256),
    currency character varying(3) NOT NULL,
    external_url character varying(200),
    include_in_calculations boolean DEFAULT false NOT NULL,
    message character varying(512),
    psp_reference character varying(512),
    type character varying(128) DEFAULT 'info'::character varying NOT NULL,
    user_id integer,
    idempotency_key character varying(512),
    related_granted_refund_id integer,
    reason_reference_id integer
);


ALTER TABLE public.payment_transactionevent OWNER TO saleor;

--
-- Name: payment_transactionevent_id_seq; Type: SEQUENCE; Schema: public; Owner: saleor
--

ALTER TABLE public.payment_transactionevent ALTER COLUMN id ADD GENERATED BY DEFAULT AS IDENTITY (
    SEQUENCE NAME public.payment_transactionevent_id_seq
    START WITH 1
    INCREMENT BY 1
    NO MINVALUE
    NO MAXVALUE
    CACHE 1
);


--
-- Name: payment_transactionitem; Type: TABLE; Schema: public; Owner: saleor
--

CREATE TABLE public.payment_transactionitem (
    id integer NOT NULL,
    private_metadata jsonb DEFAULT '{}'::jsonb NOT NULL,
    metadata jsonb DEFAULT '{}'::jsonb NOT NULL,
    created_at timestamp with time zone NOT NULL,
    modified_at timestamp with time zone NOT NULL,
    status character varying(512),
    available_actions character varying(128)[] NOT NULL,
    currency character varying(3) NOT NULL,
    charged_value numeric(20,3) NOT NULL,
    authorized_value numeric(20,3) NOT NULL,
    refunded_value numeric(20,3) NOT NULL,
    checkout_id uuid,
    order_id uuid,
    app_id integer,
    app_identifier character varying(256),
    authorize_pending_value numeric(20,3) DEFAULT 0 NOT NULL,
    cancel_pending_value numeric(20,3) DEFAULT 0 NOT NULL,
    canceled_value numeric(20,3) DEFAULT 0 NOT NULL,
    charge_pending_value numeric(20,3) DEFAULT 0 NOT NULL,
    external_url character varying(200),
    message character varying(512),
    name character varying(512),
    psp_reference character varying(512),
    refund_pending_value numeric(20,3) DEFAULT 0 NOT NULL,
    user_id integer,
    token uuid NOT NULL,
    use_old_id boolean DEFAULT false NOT NULL,
    last_refund_success boolean DEFAULT true NOT NULL,
    idempotency_key character varying(512),
    cc_brand character varying(40),
    cc_exp_month integer,
    cc_exp_year integer,
    cc_first_digits character varying(4),
    cc_last_digits character varying(4),
    payment_method_name character varying(256),
    payment_method_type character varying(32),
    CONSTRAINT payment_transactionitem_cc_exp_month_check CHECK ((cc_exp_month >= 0)),
    CONSTRAINT payment_transactionitem_cc_exp_year_check CHECK ((cc_exp_year >= 0))
);


ALTER TABLE public.payment_transactionitem OWNER TO saleor;

--
-- Name: payment_transactionitem_id_seq; Type: SEQUENCE; Schema: public; Owner: saleor
--

ALTER TABLE public.payment_transactionitem ALTER COLUMN id ADD GENERATED BY DEFAULT AS IDENTITY (
    SEQUENCE NAME public.payment_transactionitem_id_seq
    START WITH 1
    INCREMENT BY 1
    NO MINVALUE
    NO MAXVALUE
    CACHE 1
);


--
-- Name: plugins_emailtemplate; Type: TABLE; Schema: public; Owner: saleor
--

CREATE TABLE public.plugins_emailtemplate (
    id integer NOT NULL,
    name character varying(255) NOT NULL,
    value text NOT NULL,
    plugin_configuration_id integer NOT NULL
);


ALTER TABLE public.plugins_emailtemplate OWNER TO saleor;

--
-- Name: plugins_emailtemplate_id_seq; Type: SEQUENCE; Schema: public; Owner: saleor
--

ALTER TABLE public.plugins_emailtemplate ALTER COLUMN id ADD GENERATED BY DEFAULT AS IDENTITY (
    SEQUENCE NAME public.plugins_emailtemplate_id_seq
    START WITH 1
    INCREMENT BY 1
    NO MINVALUE
    NO MAXVALUE
    CACHE 1
);


--
-- Name: plugins_pluginconfiguration; Type: TABLE; Schema: public; Owner: saleor
--

CREATE TABLE public.plugins_pluginconfiguration (
    id integer NOT NULL,
    name character varying(128) NOT NULL,
    description text NOT NULL,
    active boolean NOT NULL,
    configuration jsonb DEFAULT '{}'::jsonb NOT NULL,
    identifier character varying(128) NOT NULL,
    channel_id integer
);


ALTER TABLE public.plugins_pluginconfiguration OWNER TO saleor;

--
-- Name: plugins_pluginconfiguration_id_seq; Type: SEQUENCE; Schema: public; Owner: saleor
--

ALTER TABLE public.plugins_pluginconfiguration ALTER COLUMN id ADD GENERATED BY DEFAULT AS IDENTITY (
    SEQUENCE NAME public.plugins_pluginconfiguration_id_seq
    START WITH 1
    INCREMENT BY 1
    NO MINVALUE
    NO MAXVALUE
    CACHE 1
);


--
-- Name: product_assignedvariantattribute_id_seq; Type: SEQUENCE; Schema: public; Owner: saleor
--

ALTER TABLE public.attribute_assignedvariantattribute ALTER COLUMN id ADD GENERATED BY DEFAULT AS IDENTITY (
    SEQUENCE NAME public.product_assignedvariantattribute_id_seq
    START WITH 1
    INCREMENT BY 1
    NO MINVALUE
    NO MAXVALUE
    CACHE 1
);


--
-- Name: product_attributechoicevalue_id_seq; Type: SEQUENCE; Schema: public; Owner: saleor
--

ALTER TABLE public.attribute_attributevalue ALTER COLUMN id ADD GENERATED BY DEFAULT AS IDENTITY (
    SEQUENCE NAME public.product_attributechoicevalue_id_seq
    START WITH 1
    INCREMENT BY 1
    NO MINVALUE
    NO MAXVALUE
    CACHE 1
);


--
-- Name: product_attributechoicevaluetranslation_id_seq; Type: SEQUENCE; Schema: public; Owner: saleor
--

ALTER TABLE public.attribute_attributevaluetranslation ALTER COLUMN id ADD GENERATED BY DEFAULT AS IDENTITY (
    SEQUENCE NAME public.product_attributechoicevaluetranslation_id_seq
    START WITH 1
    INCREMENT BY 1
    NO MINVALUE
    NO MAXVALUE
    CACHE 1
);


--
-- Name: product_attributepage_id_seq; Type: SEQUENCE; Schema: public; Owner: saleor
--

ALTER TABLE public.attribute_attributepage ALTER COLUMN id ADD GENERATED BY DEFAULT AS IDENTITY (
    SEQUENCE NAME public.product_attributepage_id_seq
    START WITH 1
    INCREMENT BY 1
    NO MINVALUE
    NO MAXVALUE
    CACHE 1
);


--
-- Name: product_attributeproduct_id_seq; Type: SEQUENCE; Schema: public; Owner: saleor
--

ALTER TABLE public.attribute_attributeproduct ALTER COLUMN id ADD GENERATED BY DEFAULT AS IDENTITY (
    SEQUENCE NAME public.product_attributeproduct_id_seq
    START WITH 1
    INCREMENT BY 1
    NO MINVALUE
    NO MAXVALUE
    CACHE 1
);


--
-- Name: product_attributevariant_id_seq; Type: SEQUENCE; Schema: public; Owner: saleor
--

ALTER TABLE public.attribute_attributevariant ALTER COLUMN id ADD GENERATED BY DEFAULT AS IDENTITY (
    SEQUENCE NAME public.product_attributevariant_id_seq
    START WITH 1
    INCREMENT BY 1
    NO MINVALUE
    NO MAXVALUE
    CACHE 1
);


--
-- Name: product_category; Type: TABLE; Schema: public; Owner: saleor
--

CREATE TABLE public.product_category (
    id integer NOT NULL,
    name character varying(250) NOT NULL,
    slug character varying(255) NOT NULL,
    description jsonb,
    lft integer NOT NULL,
    rght integer NOT NULL,
    tree_id integer NOT NULL,
    level integer NOT NULL,
    parent_id integer,
    background_image character varying(100),
    seo_description character varying(300),
    seo_title character varying(70),
    background_image_alt character varying(128) NOT NULL,
    metadata jsonb DEFAULT '{}'::jsonb NOT NULL,
    private_metadata jsonb DEFAULT '{}'::jsonb NOT NULL,
    description_plaintext text NOT NULL,
    updated_at timestamp with time zone DEFAULT now(),
    CONSTRAINT product_category_level_check CHECK ((level >= 0)),
    CONSTRAINT product_category_lft_check CHECK ((lft >= 0)),
    CONSTRAINT product_category_rght_check CHECK ((rght >= 0)),
    CONSTRAINT product_category_tree_id_check CHECK ((tree_id >= 0))
);


ALTER TABLE public.product_category OWNER TO saleor;

--
-- Name: product_category_id_seq; Type: SEQUENCE; Schema: public; Owner: saleor
--

ALTER TABLE public.product_category ALTER COLUMN id ADD GENERATED BY DEFAULT AS IDENTITY (
    SEQUENCE NAME public.product_category_id_seq
    START WITH 1
    INCREMENT BY 1
    NO MINVALUE
    NO MAXVALUE
    CACHE 1
);


--
-- Name: product_categorytranslation; Type: TABLE; Schema: public; Owner: saleor
--

CREATE TABLE public.product_categorytranslation (
    id integer NOT NULL,
    seo_title character varying(70),
    seo_description character varying(300),
    language_code character varying(35) NOT NULL,
    name character varying(128),
    description jsonb,
    category_id integer NOT NULL,
    slug character varying(255)
);


ALTER TABLE public.product_categorytranslation OWNER TO saleor;

--
-- Name: product_categorytranslation_id_seq; Type: SEQUENCE; Schema: public; Owner: saleor
--

ALTER TABLE public.product_categorytranslation ALTER COLUMN id ADD GENERATED BY DEFAULT AS IDENTITY (
    SEQUENCE NAME public.product_categorytranslation_id_seq
    START WITH 1
    INCREMENT BY 1
    NO MINVALUE
    NO MAXVALUE
    CACHE 1
);


--
-- Name: product_collection; Type: TABLE; Schema: public; Owner: saleor
--

CREATE TABLE public.product_collection (
    id integer NOT NULL,
    name character varying(250) NOT NULL,
    slug character varying(255) NOT NULL,
    background_image character varying(100),
    seo_description character varying(300),
    seo_title character varying(70),
    description jsonb,
    background_image_alt character varying(128) NOT NULL,
    metadata jsonb DEFAULT '{}'::jsonb NOT NULL,
    private_metadata jsonb DEFAULT '{}'::jsonb NOT NULL
);


ALTER TABLE public.product_collection OWNER TO saleor;

--
-- Name: product_collection_id_seq; Type: SEQUENCE; Schema: public; Owner: saleor
--

ALTER TABLE public.product_collection ALTER COLUMN id ADD GENERATED BY DEFAULT AS IDENTITY (
    SEQUENCE NAME public.product_collection_id_seq
    START WITH 1
    INCREMENT BY 1
    NO MINVALUE
    NO MAXVALUE
    CACHE 1
);


--
-- Name: product_collectionproduct; Type: TABLE; Schema: public; Owner: saleor
--

CREATE TABLE public.product_collectionproduct (
    id integer NOT NULL,
    collection_id integer NOT NULL,
    product_id integer NOT NULL,
    sort_order integer
);


ALTER TABLE public.product_collectionproduct OWNER TO saleor;

--
-- Name: product_collection_products_id_seq; Type: SEQUENCE; Schema: public; Owner: saleor
--

ALTER TABLE public.product_collectionproduct ALTER COLUMN id ADD GENERATED BY DEFAULT AS IDENTITY (
    SEQUENCE NAME public.product_collection_products_id_seq
    START WITH 1
    INCREMENT BY 1
    NO MINVALUE
    NO MAXVALUE
    CACHE 1
);


--
-- Name: product_collectionchannellisting; Type: TABLE; Schema: public; Owner: saleor
--

CREATE TABLE public.product_collectionchannellisting (
    id integer NOT NULL,
    published_at timestamp with time zone,
    is_published boolean NOT NULL,
    channel_id integer NOT NULL,
    collection_id integer NOT NULL
);


ALTER TABLE public.product_collectionchannellisting OWNER TO saleor;

--
-- Name: product_collectionchannellisting_id_seq; Type: SEQUENCE; Schema: public; Owner: saleor
--

ALTER TABLE public.product_collectionchannellisting ALTER COLUMN id ADD GENERATED BY DEFAULT AS IDENTITY (
    SEQUENCE NAME public.product_collectionchannellisting_id_seq
    START WITH 1
    INCREMENT BY 1
    NO MINVALUE
    NO MAXVALUE
    CACHE 1
);


--
-- Name: product_collectiontranslation; Type: TABLE; Schema: public; Owner: saleor
--

CREATE TABLE public.product_collectiontranslation (
    id integer NOT NULL,
    seo_title character varying(70),
    seo_description character varying(300),
    language_code character varying(35) NOT NULL,
    name character varying(128),
    collection_id integer NOT NULL,
    description jsonb,
    slug character varying(255)
);


ALTER TABLE public.product_collectiontranslation OWNER TO saleor;

--
-- Name: product_collectiontranslation_id_seq; Type: SEQUENCE; Schema: public; Owner: saleor
--

ALTER TABLE public.product_collectiontranslation ALTER COLUMN id ADD GENERATED BY DEFAULT AS IDENTITY (
    SEQUENCE NAME public.product_collectiontranslation_id_seq
    START WITH 1
    INCREMENT BY 1
    NO MINVALUE
    NO MAXVALUE
    CACHE 1
);


--
-- Name: product_digitalcontent; Type: TABLE; Schema: public; Owner: saleor
--

CREATE TABLE public.product_digitalcontent (
    id integer NOT NULL,
    use_default_settings boolean NOT NULL,
    automatic_fulfillment boolean NOT NULL,
    content_type character varying(128) NOT NULL,
    content_file character varying(100) NOT NULL,
    max_downloads integer,
    url_valid_days integer,
    product_variant_id integer NOT NULL,
    metadata jsonb DEFAULT '{}'::jsonb NOT NULL,
    private_metadata jsonb DEFAULT '{}'::jsonb NOT NULL
);


ALTER TABLE public.product_digitalcontent OWNER TO saleor;

--
-- Name: product_digitalcontent_id_seq; Type: SEQUENCE; Schema: public; Owner: saleor
--

ALTER TABLE public.product_digitalcontent ALTER COLUMN id ADD GENERATED BY DEFAULT AS IDENTITY (
    SEQUENCE NAME public.product_digitalcontent_id_seq
    START WITH 1
    INCREMENT BY 1
    NO MINVALUE
    NO MAXVALUE
    CACHE 1
);


--
-- Name: product_digitalcontenturl; Type: TABLE; Schema: public; Owner: saleor
--

CREATE TABLE public.product_digitalcontenturl (
    id integer NOT NULL,
    token uuid NOT NULL,
    created_at timestamp with time zone NOT NULL,
    download_num integer NOT NULL,
    content_id integer NOT NULL,
    line_id uuid
);


ALTER TABLE public.product_digitalcontenturl OWNER TO saleor;

--
-- Name: product_digitalcontenturl_id_seq; Type: SEQUENCE; Schema: public; Owner: saleor
--

ALTER TABLE public.product_digitalcontenturl ALTER COLUMN id ADD GENERATED BY DEFAULT AS IDENTITY (
    SEQUENCE NAME public.product_digitalcontenturl_id_seq
    START WITH 1
    INCREMENT BY 1
    NO MINVALUE
    NO MAXVALUE
    CACHE 1
);


--
-- Name: product_product; Type: TABLE; Schema: public; Owner: saleor
--

CREATE TABLE public.product_product (
    id integer NOT NULL,
    name character varying(250) NOT NULL,
    description jsonb,
    updated_at timestamp with time zone NOT NULL,
    product_type_id integer NOT NULL,
    category_id integer,
    seo_description character varying(300),
    seo_title character varying(70),
    weight double precision,
    metadata jsonb DEFAULT '{}'::jsonb NOT NULL,
    private_metadata jsonb DEFAULT '{}'::jsonb NOT NULL,
    slug character varying(255) NOT NULL,
    default_variant_id integer,
    description_plaintext text NOT NULL,
    rating double precision,
    search_document text NOT NULL,
    created_at timestamp with time zone NOT NULL,
    search_vector tsvector,
    search_index_dirty boolean NOT NULL,
    tax_class_id integer,
    external_reference character varying(250)
);


ALTER TABLE public.product_product OWNER TO saleor;

--
-- Name: product_product_id_seq; Type: SEQUENCE; Schema: public; Owner: saleor
--

ALTER TABLE public.product_product ALTER COLUMN id ADD GENERATED BY DEFAULT AS IDENTITY (
    SEQUENCE NAME public.product_product_id_seq
    START WITH 1
    INCREMENT BY 1
    NO MINVALUE
    NO MAXVALUE
    CACHE 1
);


--
-- Name: product_productattribute_id_seq; Type: SEQUENCE; Schema: public; Owner: saleor
--

ALTER TABLE public.attribute_attribute ALTER COLUMN id ADD GENERATED BY DEFAULT AS IDENTITY (
    SEQUENCE NAME public.product_productattribute_id_seq
    START WITH 1
    INCREMENT BY 1
    NO MINVALUE
    NO MAXVALUE
    CACHE 1
);


--
-- Name: product_productattributetranslation_id_seq; Type: SEQUENCE; Schema: public; Owner: saleor
--

ALTER TABLE public.attribute_attributetranslation ALTER COLUMN id ADD GENERATED BY DEFAULT AS IDENTITY (
    SEQUENCE NAME public.product_productattributetranslation_id_seq
    START WITH 1
    INCREMENT BY 1
    NO MINVALUE
    NO MAXVALUE
    CACHE 1
);


--
-- Name: product_productchannellisting; Type: TABLE; Schema: public; Owner: saleor
--

CREATE TABLE public.product_productchannellisting (
    id integer NOT NULL,
    published_at timestamp with time zone,
    is_published boolean NOT NULL,
    channel_id integer NOT NULL,
    product_id integer NOT NULL,
    discounted_price_amount numeric(20,3),
    currency character varying(3) NOT NULL,
    visible_in_listings boolean NOT NULL,
    available_for_purchase_at timestamp with time zone,
    discounted_price_dirty boolean DEFAULT false NOT NULL
);


ALTER TABLE public.product_productchannellisting OWNER TO saleor;

--
-- Name: product_productchannellisting_id_seq; Type: SEQUENCE; Schema: public; Owner: saleor
--

ALTER TABLE public.product_productchannellisting ALTER COLUMN id ADD GENERATED BY DEFAULT AS IDENTITY (
    SEQUENCE NAME public.product_productchannellisting_id_seq
    START WITH 1
    INCREMENT BY 1
    NO MINVALUE
    NO MAXVALUE
    CACHE 1
);


--
-- Name: product_producttype; Type: TABLE; Schema: public; Owner: saleor
--

CREATE TABLE public.product_producttype (
    id integer NOT NULL,
    name character varying(250) NOT NULL,
    has_variants boolean NOT NULL,
    is_shipping_required boolean NOT NULL,
    weight double precision NOT NULL,
    is_digital boolean NOT NULL,
    metadata jsonb DEFAULT '{}'::jsonb NOT NULL,
    private_metadata jsonb DEFAULT '{}'::jsonb NOT NULL,
    slug character varying(255) NOT NULL,
    kind character varying(32) NOT NULL,
    tax_class_id integer
);


ALTER TABLE public.product_producttype OWNER TO saleor;

--
-- Name: product_productclass_id_seq; Type: SEQUENCE; Schema: public; Owner: saleor
--

ALTER TABLE public.product_producttype ALTER COLUMN id ADD GENERATED BY DEFAULT AS IDENTITY (
    SEQUENCE NAME public.product_productclass_id_seq
    START WITH 1
    INCREMENT BY 1
    NO MINVALUE
    NO MAXVALUE
    CACHE 1
);


--
-- Name: product_productmedia; Type: TABLE; Schema: public; Owner: saleor
--

CREATE TABLE public.product_productmedia (
    id integer NOT NULL,
    sort_order integer,
    image character varying(100),
    alt character varying(250) NOT NULL,
    type character varying(32) NOT NULL,
    external_url character varying(256),
    oembed_data jsonb NOT NULL,
    product_id integer,
    to_remove boolean NOT NULL,
    metadata jsonb DEFAULT '{}'::jsonb NOT NULL,
    private_metadata jsonb DEFAULT '{}'::jsonb NOT NULL
);


ALTER TABLE public.product_productmedia OWNER TO saleor;

--
-- Name: product_productmedia_id_seq; Type: SEQUENCE; Schema: public; Owner: saleor
--

ALTER TABLE public.product_productmedia ALTER COLUMN id ADD GENERATED BY DEFAULT AS IDENTITY (
    SEQUENCE NAME public.product_productmedia_id_seq
    START WITH 1
    INCREMENT BY 1
    NO MINVALUE
    NO MAXVALUE
    CACHE 1
);


--
-- Name: product_producttranslation; Type: TABLE; Schema: public; Owner: saleor
--

CREATE TABLE public.product_producttranslation (
    id integer NOT NULL,
    seo_title character varying(70),
    seo_description character varying(300),
    language_code character varying(35) NOT NULL,
    name character varying(250),
    description jsonb,
    product_id integer NOT NULL,
    slug character varying(255)
);


ALTER TABLE public.product_producttranslation OWNER TO saleor;

--
-- Name: product_producttranslation_id_seq; Type: SEQUENCE; Schema: public; Owner: saleor
--

ALTER TABLE public.product_producttranslation ALTER COLUMN id ADD GENERATED BY DEFAULT AS IDENTITY (
    SEQUENCE NAME public.product_producttranslation_id_seq
    START WITH 1
    INCREMENT BY 1
    NO MINVALUE
    NO MAXVALUE
    CACHE 1
);


--
-- Name: product_productvariant; Type: TABLE; Schema: public; Owner: saleor
--

CREATE TABLE public.product_productvariant (
    id integer NOT NULL,
    sku character varying(255),
    name character varying(255) NOT NULL,
    product_id integer NOT NULL,
    track_inventory boolean NOT NULL,
    weight double precision,
    metadata jsonb DEFAULT '{}'::jsonb NOT NULL,
    private_metadata jsonb DEFAULT '{}'::jsonb NOT NULL,
    sort_order integer,
    is_preorder boolean NOT NULL,
    preorder_end_date timestamp with time zone,
    preorder_global_threshold integer,
    quantity_limit_per_customer integer,
    created_at timestamp with time zone NOT NULL,
    updated_at timestamp with time zone NOT NULL,
    external_reference character varying(250)
);


ALTER TABLE public.product_productvariant OWNER TO saleor;

--
-- Name: product_productvariant_id_seq; Type: SEQUENCE; Schema: public; Owner: saleor
--

ALTER TABLE public.product_productvariant ALTER COLUMN id ADD GENERATED BY DEFAULT AS IDENTITY (
    SEQUENCE NAME public.product_productvariant_id_seq
    START WITH 1
    INCREMENT BY 1
    NO MINVALUE
    NO MAXVALUE
    CACHE 1
);


--
-- Name: product_productvariantchannellisting; Type: TABLE; Schema: public; Owner: saleor
--

CREATE TABLE public.product_productvariantchannellisting (
    id integer NOT NULL,
    currency character varying(3) NOT NULL,
    price_amount numeric(20,3),
    channel_id integer NOT NULL,
    variant_id integer NOT NULL,
    cost_price_amount numeric(20,3),
    preorder_quantity_threshold integer,
    discounted_price_amount numeric(20,3),
    prior_price_amount numeric(20,3)
);


ALTER TABLE public.product_productvariantchannellisting OWNER TO saleor;

--
-- Name: product_productvariantchannellisting_id_seq; Type: SEQUENCE; Schema: public; Owner: saleor
--

ALTER TABLE public.product_productvariantchannellisting ALTER COLUMN id ADD GENERATED BY DEFAULT AS IDENTITY (
    SEQUENCE NAME public.product_productvariantchannellisting_id_seq
    START WITH 1
    INCREMENT BY 1
    NO MINVALUE
    NO MAXVALUE
    CACHE 1
);


--
-- Name: product_productvarianttranslation; Type: TABLE; Schema: public; Owner: saleor
--

CREATE TABLE public.product_productvarianttranslation (
    id integer NOT NULL,
    language_code character varying(35) NOT NULL,
    name character varying(255) NOT NULL,
    product_variant_id integer NOT NULL
);


ALTER TABLE public.product_productvarianttranslation OWNER TO saleor;

--
-- Name: product_productvarianttranslation_id_seq; Type: SEQUENCE; Schema: public; Owner: saleor
--

ALTER TABLE public.product_productvarianttranslation ALTER COLUMN id ADD GENERATED BY DEFAULT AS IDENTITY (
    SEQUENCE NAME public.product_productvarianttranslation_id_seq
    START WITH 1
    INCREMENT BY 1
    NO MINVALUE
    NO MAXVALUE
    CACHE 1
);


--
-- Name: product_variantchannellistingpromotionrule; Type: TABLE; Schema: public; Owner: saleor
--

CREATE TABLE public.product_variantchannellistingpromotionrule (
    id integer NOT NULL,
    discount_amount numeric(20,3) NOT NULL,
    currency character varying(3) NOT NULL,
    promotion_rule_id uuid NOT NULL,
    variant_channel_listing_id integer NOT NULL
);


ALTER TABLE public.product_variantchannellistingpromotionrule OWNER TO saleor;

--
-- Name: product_variantchannellistingpromotionrule_id_seq; Type: SEQUENCE; Schema: public; Owner: saleor
--

ALTER TABLE public.product_variantchannellistingpromotionrule ALTER COLUMN id ADD GENERATED BY DEFAULT AS IDENTITY (
    SEQUENCE NAME public.product_variantchannellistingpromotionrule_id_seq
    START WITH 1
    INCREMENT BY 1
    NO MINVALUE
    NO MAXVALUE
    CACHE 1
);


--
-- Name: product_variantmedia; Type: TABLE; Schema: public; Owner: saleor
--

CREATE TABLE public.product_variantmedia (
    id integer NOT NULL,
    media_id integer NOT NULL,
    variant_id integer NOT NULL
);


ALTER TABLE public.product_variantmedia OWNER TO saleor;

--
-- Name: product_variantmedia_id_seq; Type: SEQUENCE; Schema: public; Owner: saleor
--

ALTER TABLE public.product_variantmedia ALTER COLUMN id ADD GENERATED BY DEFAULT AS IDENTITY (
    SEQUENCE NAME public.product_variantmedia_id_seq
    START WITH 1
    INCREMENT BY 1
    NO MINVALUE
    NO MAXVALUE
    CACHE 1
);


--
-- Name: schedulers_customperiodictask; Type: TABLE; Schema: public; Owner: saleor
--

CREATE TABLE public.schedulers_customperiodictask (
    periodictask_ptr_id integer NOT NULL,
    custom_id integer
);


ALTER TABLE public.schedulers_customperiodictask OWNER TO saleor;

--
-- Name: schedulers_customschedule; Type: TABLE; Schema: public; Owner: saleor
--

CREATE TABLE public.schedulers_customschedule (
    id integer NOT NULL,
    schedule_import_path character varying(255) NOT NULL
);


ALTER TABLE public.schedulers_customschedule OWNER TO saleor;

--
-- Name: schedulers_customschedule_id_seq; Type: SEQUENCE; Schema: public; Owner: saleor
--

ALTER TABLE public.schedulers_customschedule ALTER COLUMN id ADD GENERATED BY DEFAULT AS IDENTITY (
    SEQUENCE NAME public.schedulers_customschedule_id_seq
    START WITH 1
    INCREMENT BY 1
    NO MINVALUE
    NO MAXVALUE
    CACHE 1
);


--
-- Name: shipping_shippingmethod; Type: TABLE; Schema: public; Owner: saleor
--

CREATE TABLE public.shipping_shippingmethod (
    id integer NOT NULL,
    name character varying(100) NOT NULL,
    maximum_order_weight double precision,
    minimum_order_weight double precision,
    type character varying(30) NOT NULL,
    shipping_zone_id integer NOT NULL,
    metadata jsonb DEFAULT '{}'::jsonb NOT NULL,
    private_metadata jsonb DEFAULT '{}'::jsonb NOT NULL,
    maximum_delivery_days integer,
    minimum_delivery_days integer,
    description jsonb,
    tax_class_id integer,
    CONSTRAINT shipping_shippingmethod_maximum_delivery_days_check CHECK ((maximum_delivery_days >= 0)),
    CONSTRAINT shipping_shippingmethod_minimum_delivery_days_check CHECK ((minimum_delivery_days >= 0))
);


ALTER TABLE public.shipping_shippingmethod OWNER TO saleor;

--
-- Name: shipping_shippingmethod_excluded_products; Type: TABLE; Schema: public; Owner: saleor
--

CREATE TABLE public.shipping_shippingmethod_excluded_products (
    id integer NOT NULL,
    shippingmethod_id integer NOT NULL,
    product_id integer NOT NULL
);


ALTER TABLE public.shipping_shippingmethod_excluded_products OWNER TO saleor;

--
-- Name: shipping_shippingmethod_excluded_products_id_seq; Type: SEQUENCE; Schema: public; Owner: saleor
--

ALTER TABLE public.shipping_shippingmethod_excluded_products ALTER COLUMN id ADD GENERATED BY DEFAULT AS IDENTITY (
    SEQUENCE NAME public.shipping_shippingmethod_excluded_products_id_seq
    START WITH 1
    INCREMENT BY 1
    NO MINVALUE
    NO MAXVALUE
    CACHE 1
);


--
-- Name: shipping_shippingmethod_id_seq; Type: SEQUENCE; Schema: public; Owner: saleor
--

ALTER TABLE public.shipping_shippingmethod ALTER COLUMN id ADD GENERATED BY DEFAULT AS IDENTITY (
    SEQUENCE NAME public.shipping_shippingmethod_id_seq
    START WITH 1
    INCREMENT BY 1
    NO MINVALUE
    NO MAXVALUE
    CACHE 1
);


--
-- Name: shipping_shippingmethodchannellisting; Type: TABLE; Schema: public; Owner: saleor
--

CREATE TABLE public.shipping_shippingmethodchannellisting (
    id integer NOT NULL,
    minimum_order_price_amount numeric(20,3),
    currency character varying(3) NOT NULL,
    maximum_order_price_amount numeric(20,3),
    price_amount numeric(20,3) NOT NULL,
    channel_id integer NOT NULL,
    shipping_method_id integer NOT NULL
);


ALTER TABLE public.shipping_shippingmethodchannellisting OWNER TO saleor;

--
-- Name: shipping_shippingmethodchannellisting_id_seq; Type: SEQUENCE; Schema: public; Owner: saleor
--

ALTER TABLE public.shipping_shippingmethodchannellisting ALTER COLUMN id ADD GENERATED BY DEFAULT AS IDENTITY (
    SEQUENCE NAME public.shipping_shippingmethodchannellisting_id_seq
    START WITH 1
    INCREMENT BY 1
    NO MINVALUE
    NO MAXVALUE
    CACHE 1
);


--
-- Name: shipping_shippingmethodpostalcoderule; Type: TABLE; Schema: public; Owner: saleor
--

CREATE TABLE public.shipping_shippingmethodpostalcoderule (
    id integer NOT NULL,
    start character varying(32) NOT NULL,
    "end" character varying(32),
    shipping_method_id integer NOT NULL,
    inclusion_type character varying(32) NOT NULL
);


ALTER TABLE public.shipping_shippingmethodpostalcoderule OWNER TO saleor;

--
-- Name: shipping_shippingmethodtranslation; Type: TABLE; Schema: public; Owner: saleor
--

CREATE TABLE public.shipping_shippingmethodtranslation (
    id integer NOT NULL,
    language_code character varying(35) NOT NULL,
    name character varying(255),
    shipping_method_id integer NOT NULL,
    description jsonb
);


ALTER TABLE public.shipping_shippingmethodtranslation OWNER TO saleor;

--
-- Name: shipping_shippingmethodtranslation_id_seq; Type: SEQUENCE; Schema: public; Owner: saleor
--

ALTER TABLE public.shipping_shippingmethodtranslation ALTER COLUMN id ADD GENERATED BY DEFAULT AS IDENTITY (
    SEQUENCE NAME public.shipping_shippingmethodtranslation_id_seq
    START WITH 1
    INCREMENT BY 1
    NO MINVALUE
    NO MAXVALUE
    CACHE 1
);


--
-- Name: shipping_shippingmethodzipcoderule_id_seq; Type: SEQUENCE; Schema: public; Owner: saleor
--

ALTER TABLE public.shipping_shippingmethodpostalcoderule ALTER COLUMN id ADD GENERATED BY DEFAULT AS IDENTITY (
    SEQUENCE NAME public.shipping_shippingmethodzipcoderule_id_seq
    START WITH 1
    INCREMENT BY 1
    NO MINVALUE
    NO MAXVALUE
    CACHE 1
);


--
-- Name: shipping_shippingzone; Type: TABLE; Schema: public; Owner: saleor
--

CREATE TABLE public.shipping_shippingzone (
    id integer NOT NULL,
    name character varying(100) NOT NULL,
    countries character varying(752) NOT NULL,
    "default" boolean NOT NULL,
    metadata jsonb DEFAULT '{}'::jsonb NOT NULL,
    private_metadata jsonb DEFAULT '{}'::jsonb NOT NULL,
    description text NOT NULL
);


ALTER TABLE public.shipping_shippingzone OWNER TO saleor;

--
-- Name: shipping_shippingzone_channels; Type: TABLE; Schema: public; Owner: saleor
--

CREATE TABLE public.shipping_shippingzone_channels (
    id integer NOT NULL,
    shippingzone_id integer NOT NULL,
    channel_id integer NOT NULL
);


ALTER TABLE public.shipping_shippingzone_channels OWNER TO saleor;

--
-- Name: shipping_shippingzone_channels_id_seq; Type: SEQUENCE; Schema: public; Owner: saleor
--

ALTER TABLE public.shipping_shippingzone_channels ALTER COLUMN id ADD GENERATED BY DEFAULT AS IDENTITY (
    SEQUENCE NAME public.shipping_shippingzone_channels_id_seq
    START WITH 1
    INCREMENT BY 1
    NO MINVALUE
    NO MAXVALUE
    CACHE 1
);


--
-- Name: shipping_shippingzone_id_seq; Type: SEQUENCE; Schema: public; Owner: saleor
--

ALTER TABLE public.shipping_shippingzone ALTER COLUMN id ADD GENERATED BY DEFAULT AS IDENTITY (
    SEQUENCE NAME public.shipping_shippingzone_id_seq
    START WITH 1
    INCREMENT BY 1
    NO MINVALUE
    NO MAXVALUE
    CACHE 1
);


--
-- Name: site_sitesettings; Type: TABLE; Schema: public; Owner: saleor
--

CREATE TABLE public.site_sitesettings (
    id integer NOT NULL,
    header_text character varying(200) NOT NULL,
    description character varying(500) NOT NULL,
    site_id integer NOT NULL,
    bottom_menu_id integer,
    top_menu_id integer,
    display_gross_prices boolean NOT NULL,
    include_taxes_in_prices boolean NOT NULL,
    charge_taxes_on_shipping boolean NOT NULL,
    track_inventory_by_default boolean NOT NULL,
    default_weight_unit character varying(30) NOT NULL,
    automatic_fulfillment_digital_products boolean NOT NULL,
    default_digital_max_downloads integer,
    default_digital_url_valid_days integer,
    company_address_id integer,
    default_mail_sender_address character varying(254),
    default_mail_sender_name character varying(78) NOT NULL,
    customer_set_password_url character varying(255),
    fulfillment_allow_unpaid boolean NOT NULL,
    fulfillment_auto_approve boolean NOT NULL,
    gift_card_expiry_period integer,
    gift_card_expiry_period_type character varying(32),
    gift_card_expiry_type character varying(32) NOT NULL,
    reserve_stock_duration_anonymous_user integer,
    reserve_stock_duration_authenticated_user integer,
    limit_quantity_per_checkout integer,
    enable_account_confirmation_by_email boolean DEFAULT true NOT NULL,
    metadata jsonb DEFAULT '{}'::jsonb NOT NULL,
    private_metadata jsonb DEFAULT '{}'::jsonb NOT NULL,
    allow_login_without_confirmation boolean DEFAULT false NOT NULL,
    refund_reason_reference_type_id integer,
    use_legacy_update_webhook_emission boolean DEFAULT true NOT NULL,
    preserve_all_address_fields boolean DEFAULT false NOT NULL,
    CONSTRAINT site_sitesettings_gift_card_expiry_period_check CHECK ((gift_card_expiry_period >= 0))
);


ALTER TABLE public.site_sitesettings OWNER TO saleor;

--
-- Name: site_sitesettings_id_seq; Type: SEQUENCE; Schema: public; Owner: saleor
--

ALTER TABLE public.site_sitesettings ALTER COLUMN id ADD GENERATED BY DEFAULT AS IDENTITY (
    SEQUENCE NAME public.site_sitesettings_id_seq
    START WITH 1
    INCREMENT BY 1
    NO MINVALUE
    NO MAXVALUE
    CACHE 1
);


--
-- Name: site_sitesettingstranslation; Type: TABLE; Schema: public; Owner: saleor
--

CREATE TABLE public.site_sitesettingstranslation (
    id integer NOT NULL,
    language_code character varying(35) NOT NULL,
    header_text character varying(200) NOT NULL,
    description character varying(500) NOT NULL,
    site_settings_id integer NOT NULL
);


ALTER TABLE public.site_sitesettingstranslation OWNER TO saleor;

--
-- Name: site_sitesettingstranslation_id_seq; Type: SEQUENCE; Schema: public; Owner: saleor
--

ALTER TABLE public.site_sitesettingstranslation ALTER COLUMN id ADD GENERATED BY DEFAULT AS IDENTITY (
    SEQUENCE NAME public.site_sitesettingstranslation_id_seq
    START WITH 1
    INCREMENT BY 1
    NO MINVALUE
    NO MAXVALUE
    CACHE 1
);


--
-- Name: tax_taxclass; Type: TABLE; Schema: public; Owner: saleor
--

CREATE TABLE public.tax_taxclass (
    id integer NOT NULL,
    private_metadata jsonb DEFAULT '{}'::jsonb NOT NULL,
    metadata jsonb DEFAULT '{}'::jsonb NOT NULL,
    name character varying(255) NOT NULL
);


ALTER TABLE public.tax_taxclass OWNER TO saleor;

--
-- Name: tax_taxclass_id_seq; Type: SEQUENCE; Schema: public; Owner: saleor
--

ALTER TABLE public.tax_taxclass ALTER COLUMN id ADD GENERATED BY DEFAULT AS IDENTITY (
    SEQUENCE NAME public.tax_taxclass_id_seq
    START WITH 1
    INCREMENT BY 1
    NO MINVALUE
    NO MAXVALUE
    CACHE 1
);


--
-- Name: tax_taxclasscountryrate; Type: TABLE; Schema: public; Owner: saleor
--

CREATE TABLE public.tax_taxclasscountryrate (
    id integer NOT NULL,
    country character varying(2) NOT NULL,
    rate numeric(20,3) NOT NULL,
    tax_class_id integer
);


ALTER TABLE public.tax_taxclasscountryrate OWNER TO saleor;

--
-- Name: tax_taxclasscountryrate_id_seq; Type: SEQUENCE; Schema: public; Owner: saleor
--

ALTER TABLE public.tax_taxclasscountryrate ALTER COLUMN id ADD GENERATED BY DEFAULT AS IDENTITY (
    SEQUENCE NAME public.tax_taxclasscountryrate_id_seq
    START WITH 1
    INCREMENT BY 1
    NO MINVALUE
    NO MAXVALUE
    CACHE 1
);


--
-- Name: tax_taxconfiguration; Type: TABLE; Schema: public; Owner: saleor
--

CREATE TABLE public.tax_taxconfiguration (
    id integer NOT NULL,
    private_metadata jsonb DEFAULT '{}'::jsonb NOT NULL,
    metadata jsonb DEFAULT '{}'::jsonb NOT NULL,
    charge_taxes boolean NOT NULL,
    tax_calculation_strategy character varying(20),
    display_gross_prices boolean NOT NULL,
    prices_entered_with_tax boolean NOT NULL,
    channel_id integer NOT NULL,
    tax_app_id character varying(256),
    use_weighted_tax_for_shipping boolean DEFAULT false NOT NULL
);


ALTER TABLE public.tax_taxconfiguration OWNER TO saleor;

--
-- Name: tax_taxconfiguration_id_seq; Type: SEQUENCE; Schema: public; Owner: saleor
--

ALTER TABLE public.tax_taxconfiguration ALTER COLUMN id ADD GENERATED BY DEFAULT AS IDENTITY (
    SEQUENCE NAME public.tax_taxconfiguration_id_seq
    START WITH 1
    INCREMENT BY 1
    NO MINVALUE
    NO MAXVALUE
    CACHE 1
);


--
-- Name: tax_taxconfigurationpercountry; Type: TABLE; Schema: public; Owner: saleor
--

CREATE TABLE public.tax_taxconfigurationpercountry (
    id integer NOT NULL,
    country character varying(2) NOT NULL,
    charge_taxes boolean NOT NULL,
    tax_calculation_strategy character varying(20),
    display_gross_prices boolean NOT NULL,
    tax_configuration_id integer NOT NULL,
    tax_app_id character varying(256),
    use_weighted_tax_for_shipping boolean DEFAULT false NOT NULL
);


ALTER TABLE public.tax_taxconfigurationpercountry OWNER TO saleor;

--
-- Name: tax_taxconfigurationpercountry_id_seq; Type: SEQUENCE; Schema: public; Owner: saleor
--

ALTER TABLE public.tax_taxconfigurationpercountry ALTER COLUMN id ADD GENERATED BY DEFAULT AS IDENTITY (
    SEQUENCE NAME public.tax_taxconfigurationpercountry_id_seq
    START WITH 1
    INCREMENT BY 1
    NO MINVALUE
    NO MAXVALUE
    CACHE 1
);


--
-- Name: thumbnail_thumbnail; Type: TABLE; Schema: public; Owner: saleor
--

CREATE TABLE public.thumbnail_thumbnail (
    id integer NOT NULL,
    image character varying(100) NOT NULL,
    size integer NOT NULL,
    format character varying(32),
    category_id integer,
    collection_id integer,
    product_media_id integer,
    user_id integer,
    app_id integer,
    app_installation_id integer,
    CONSTRAINT thumbnail_thumbnail_size_check CHECK ((size >= 0))
);


ALTER TABLE public.thumbnail_thumbnail OWNER TO saleor;

--
-- Name: thumbnail_thumbnail_id_seq; Type: SEQUENCE; Schema: public; Owner: saleor
--

ALTER TABLE public.thumbnail_thumbnail ALTER COLUMN id ADD GENERATED BY DEFAULT AS IDENTITY (
    SEQUENCE NAME public.thumbnail_thumbnail_id_seq
    START WITH 1
    INCREMENT BY 1
    NO MINVALUE
    NO MAXVALUE
    CACHE 1
);


--
-- Name: userprofile_address_id_seq; Type: SEQUENCE; Schema: public; Owner: saleor
--

ALTER TABLE public.account_address ALTER COLUMN id ADD GENERATED BY DEFAULT AS IDENTITY (
    SEQUENCE NAME public.userprofile_address_id_seq
    START WITH 1
    INCREMENT BY 1
    NO MINVALUE
    NO MAXVALUE
    CACHE 1
);


--
-- Name: userprofile_user_addresses_id_seq; Type: SEQUENCE; Schema: public; Owner: saleor
--

ALTER TABLE public.account_user_addresses ALTER COLUMN id ADD GENERATED BY DEFAULT AS IDENTITY (
    SEQUENCE NAME public.userprofile_user_addresses_id_seq
    START WITH 1
    INCREMENT BY 1
    NO MINVALUE
    NO MAXVALUE
    CACHE 1
);


--
-- Name: userprofile_user_groups_id_seq; Type: SEQUENCE; Schema: public; Owner: saleor
--

ALTER TABLE public.account_user_groups ALTER COLUMN id ADD GENERATED BY DEFAULT AS IDENTITY (
    SEQUENCE NAME public.userprofile_user_groups_id_seq
    START WITH 1
    INCREMENT BY 1
    NO MINVALUE
    NO MAXVALUE
    CACHE 1
);


--
-- Name: userprofile_user_id_seq; Type: SEQUENCE; Schema: public; Owner: saleor
--

ALTER TABLE public.account_user ALTER COLUMN id ADD GENERATED BY DEFAULT AS IDENTITY (
    SEQUENCE NAME public.userprofile_user_id_seq
    START WITH 1
    INCREMENT BY 1
    NO MINVALUE
    NO MAXVALUE
    CACHE 1
);


--
-- Name: userprofile_user_user_permissions_id_seq; Type: SEQUENCE; Schema: public; Owner: saleor
--

ALTER TABLE public.account_user_user_permissions ALTER COLUMN id ADD GENERATED BY DEFAULT AS IDENTITY (
    SEQUENCE NAME public.userprofile_user_user_permissions_id_seq
    START WITH 1
    INCREMENT BY 1
    NO MINVALUE
    NO MAXVALUE
    CACHE 1
);


--
-- Name: warehouse_allocation; Type: TABLE; Schema: public; Owner: saleor
--

CREATE TABLE public.warehouse_allocation (
    id integer NOT NULL,
    quantity_allocated integer NOT NULL,
    stock_id integer NOT NULL,
    order_line_id uuid NOT NULL,
    CONSTRAINT warehouse_allocation_quantity_allocated_check CHECK ((quantity_allocated >= 0))
);


ALTER TABLE public.warehouse_allocation OWNER TO saleor;

--
-- Name: warehouse_allocation_id_seq; Type: SEQUENCE; Schema: public; Owner: saleor
--

ALTER TABLE public.warehouse_allocation ALTER COLUMN id ADD GENERATED BY DEFAULT AS IDENTITY (
    SEQUENCE NAME public.warehouse_allocation_id_seq
    START WITH 1
    INCREMENT BY 1
    NO MINVALUE
    NO MAXVALUE
    CACHE 1
);


--
-- Name: warehouse_channelwarehouse; Type: TABLE; Schema: public; Owner: saleor
--

CREATE TABLE public.warehouse_channelwarehouse (
    id integer NOT NULL,
    warehouse_id uuid NOT NULL,
    channel_id integer NOT NULL,
    sort_order integer
);


ALTER TABLE public.warehouse_channelwarehouse OWNER TO saleor;

--
-- Name: warehouse_preorderallocation; Type: TABLE; Schema: public; Owner: saleor
--

CREATE TABLE public.warehouse_preorderallocation (
    id integer NOT NULL,
    quantity integer NOT NULL,
    product_variant_channel_listing_id integer NOT NULL,
    order_line_id uuid NOT NULL,
    CONSTRAINT warehouse_preorderallocation_quantity_check CHECK ((quantity >= 0))
);


ALTER TABLE public.warehouse_preorderallocation OWNER TO saleor;

--
-- Name: warehouse_preorderallocation_id_seq; Type: SEQUENCE; Schema: public; Owner: saleor
--

ALTER TABLE public.warehouse_preorderallocation ALTER COLUMN id ADD GENERATED BY DEFAULT AS IDENTITY (
    SEQUENCE NAME public.warehouse_preorderallocation_id_seq
    START WITH 1
    INCREMENT BY 1
    NO MINVALUE
    NO MAXVALUE
    CACHE 1
);


--
-- Name: warehouse_preorderreservation; Type: TABLE; Schema: public; Owner: saleor
--

CREATE TABLE public.warehouse_preorderreservation (
    id integer NOT NULL,
    quantity_reserved integer NOT NULL,
    reserved_until timestamp with time zone NOT NULL,
    product_variant_channel_listing_id integer NOT NULL,
    checkout_line_id uuid NOT NULL,
    CONSTRAINT warehouse_preorderreservation_quantity_reserved_check CHECK ((quantity_reserved >= 0))
);


ALTER TABLE public.warehouse_preorderreservation OWNER TO saleor;

--
-- Name: warehouse_preorderreservation_id_seq; Type: SEQUENCE; Schema: public; Owner: saleor
--

ALTER TABLE public.warehouse_preorderreservation ALTER COLUMN id ADD GENERATED BY DEFAULT AS IDENTITY (
    SEQUENCE NAME public.warehouse_preorderreservation_id_seq
    START WITH 1
    INCREMENT BY 1
    NO MINVALUE
    NO MAXVALUE
    CACHE 1
);


--
-- Name: warehouse_reservation; Type: TABLE; Schema: public; Owner: saleor
--

CREATE TABLE public.warehouse_reservation (
    id integer NOT NULL,
    quantity_reserved integer NOT NULL,
    reserved_until timestamp with time zone NOT NULL,
    stock_id integer NOT NULL,
    checkout_line_id uuid NOT NULL,
    CONSTRAINT warehouse_reservation_quantity_reserved_check CHECK ((quantity_reserved >= 0))
);


ALTER TABLE public.warehouse_reservation OWNER TO saleor;

--
-- Name: warehouse_reservation_id_seq; Type: SEQUENCE; Schema: public; Owner: saleor
--

ALTER TABLE public.warehouse_reservation ALTER COLUMN id ADD GENERATED BY DEFAULT AS IDENTITY (
    SEQUENCE NAME public.warehouse_reservation_id_seq
    START WITH 1
    INCREMENT BY 1
    NO MINVALUE
    NO MAXVALUE
    CACHE 1
);


--
-- Name: warehouse_stock; Type: TABLE; Schema: public; Owner: saleor
--

CREATE TABLE public.warehouse_stock (
    id integer NOT NULL,
    quantity integer NOT NULL,
    product_variant_id integer NOT NULL,
    warehouse_id uuid NOT NULL,
    quantity_allocated integer NOT NULL
);


ALTER TABLE public.warehouse_stock OWNER TO saleor;

--
-- Name: warehouse_stock_id_seq; Type: SEQUENCE; Schema: public; Owner: saleor
--

ALTER TABLE public.warehouse_stock ALTER COLUMN id ADD GENERATED BY DEFAULT AS IDENTITY (
    SEQUENCE NAME public.warehouse_stock_id_seq
    START WITH 1
    INCREMENT BY 1
    NO MINVALUE
    NO MAXVALUE
    CACHE 1
);


--
-- Name: warehouse_warehouse; Type: TABLE; Schema: public; Owner: saleor
--

CREATE TABLE public.warehouse_warehouse (
    id uuid NOT NULL,
    name character varying(250) NOT NULL,
    email character varying(254) NOT NULL,
    address_id integer NOT NULL,
    slug character varying(255) NOT NULL,
    metadata jsonb DEFAULT '{}'::jsonb NOT NULL,
    private_metadata jsonb DEFAULT '{}'::jsonb NOT NULL,
    click_and_collect_option character varying(30) NOT NULL,
    is_private boolean NOT NULL,
    external_reference character varying(250)
);


ALTER TABLE public.warehouse_warehouse OWNER TO saleor;

--
-- Name: warehouse_warehouse_channels_id_seq; Type: SEQUENCE; Schema: public; Owner: saleor
--

ALTER TABLE public.warehouse_channelwarehouse ALTER COLUMN id ADD GENERATED BY DEFAULT AS IDENTITY (
    SEQUENCE NAME public.warehouse_warehouse_channels_id_seq
    START WITH 1
    INCREMENT BY 1
    NO MINVALUE
    NO MAXVALUE
    CACHE 1
);


--
-- Name: warehouse_warehouse_shipping_zones; Type: TABLE; Schema: public; Owner: saleor
--

CREATE TABLE public.warehouse_warehouse_shipping_zones (
    id integer NOT NULL,
    warehouse_id uuid NOT NULL,
    shippingzone_id integer NOT NULL
);


ALTER TABLE public.warehouse_warehouse_shipping_zones OWNER TO saleor;

--
-- Name: warehouse_warehouse_shipping_zones_id_seq; Type: SEQUENCE; Schema: public; Owner: saleor
--

ALTER TABLE public.warehouse_warehouse_shipping_zones ALTER COLUMN id ADD GENERATED BY DEFAULT AS IDENTITY (
    SEQUENCE NAME public.warehouse_warehouse_shipping_zones_id_seq
    START WITH 1
    INCREMENT BY 1
    NO MINVALUE
    NO MAXVALUE
    CACHE 1
);


--
-- Name: webhook_webhook; Type: TABLE; Schema: public; Owner: saleor
--

CREATE TABLE public.webhook_webhook (
    id integer NOT NULL,
    target_url character varying(255) NOT NULL,
    is_active boolean NOT NULL,
    secret_key character varying(255),
    app_id integer NOT NULL,
    name character varying(255),
    subscription_query text,
    custom_headers jsonb,
    filterable_channel_slugs character varying(255)[] DEFAULT ARRAY[]::character varying[] NOT NULL
);


ALTER TABLE public.webhook_webhook OWNER TO saleor;

--
-- Name: webhook_webhook_id_seq; Type: SEQUENCE; Schema: public; Owner: saleor
--

ALTER TABLE public.webhook_webhook ALTER COLUMN id ADD GENERATED BY DEFAULT AS IDENTITY (
    SEQUENCE NAME public.webhook_webhook_id_seq
    START WITH 1
    INCREMENT BY 1
    NO MINVALUE
    NO MAXVALUE
    CACHE 1
);


--
-- Name: webhook_webhookevent; Type: TABLE; Schema: public; Owner: saleor
--

CREATE TABLE public.webhook_webhookevent (
    id integer NOT NULL,
    event_type character varying(128) NOT NULL,
    webhook_id integer NOT NULL
);


ALTER TABLE public.webhook_webhookevent OWNER TO saleor;

--
-- Name: webhook_webhookevent_id_seq; Type: SEQUENCE; Schema: public; Owner: saleor
--

ALTER TABLE public.webhook_webhookevent ALTER COLUMN id ADD GENERATED BY DEFAULT AS IDENTITY (
    SEQUENCE NAME public.webhook_webhookevent_id_seq
    START WITH 1
    INCREMENT BY 1
    NO MINVALUE
    NO MAXVALUE
    CACHE 1
);


--
-- Data for Name: account_address; Type: TABLE DATA; Schema: public; Owner: saleor
--

COPY public.account_address (id, first_name, last_name, company_name, street_address_1, street_address_2, city, postal_code, country, country_area, phone, city_area, metadata, private_metadata, validation_skipped) FROM stdin;
1								US				{}	{}	f
2	Tom	Mccoy	Nguyen Inc	04135 Marvin Via		North Kristabury	86176	US	AZ			{}	{}	f
3	Anthony	Reid	Kent, Ferguson and Becker	1510 James Ferry		South Jasonton	75689	US	TX			{}	{}	f
4	Jeffrey	Lucas	Coleman, Garcia and Green	2087 Candace Squares Suite 345		Masseyshire	31429	US	GA			{}	{}	f
5	Eric	Martin	Harris, Saunders and Kramer	97207 Mccullough Well Suite 564		New Hannah	03790	US	NH			{}	{}	f
6	Amy	Taylor	Rogers Inc	9459 Jennifer Loaf Suite 109		Lake Matthew	50914	US	IA			{}	{}	f
7	Nancy	Johnson	West, Page and Nunez	027 Jonathon Estate Suite 878		North Troyport	96940	US	PW			{}	{}	f
8	Brendan	Carson		81206 Stewart Forest Apt. 089		East Davidborough	04474	US	ME			{}	{}	f
9	Melissa	Sanders		47142 Wilson Drives		Melissaton	85422	US	AZ			{}	{}	f
10	Edward	Cook		159 Blake Estates Apt. 945		Haysberg	70236	US	LA			{}	{}	f
11	Garrett	Cunningham		13306 Corey Point		Shanefort	82445	US	WY			{}	{}	f
12	Dustin	Gonzalez		8219 Hernandez Lodge Suite 875		Boltonborough	58625	US	ND			{}	{}	f
13	Lindsay	Jones		013 Billy Bridge		Riveraburgh	96942	US	FM			{}	{}	f
14	Ashley	Cook		4666 Frank Crossroad Apt. 450		South Robertfort	15669	US	PA			{}	{}	f
15	Deborah	Lee		09795 Tara Station Suite 264		New Michelleborough	85803	US	AZ			{}	{}	f
16	Robert	Garcia		076 Johnson Way		Jenniferland	48145	US	MI			{}	{}	f
17	Cassidy	Villarreal		1754 Anthony Fords		Matthewport	71133	US	LA			{}	{}	f
18	David	Evans		296 Walsh Corner Apt. 758		South Rickychester	23314	US	VA			{}	{}	f
19	Crystal	Miller		0797 Jeffery Crescent		Amyberg	68091	US	NE			{}	{}	f
20	Regina	Larson		44851 Pamela Track		North Robert	70580	US	LA			{}	{}	f
21	Thomas	Perry		8570 Evans Summit Suite 093		West Thomastown	27142	US	NC			{}	{}	f
22	Mark	Wong		72852 Renee Mills Suite 667		Blairborough	89863	US	NV			{}	{}	f
23	Michael	Ellis		774 Lewis Grove Apt. 002		Adamtown	20005	US	DC			{}	{}	f
24	John	Daniel		8647 Wiggins Garden Apt. 481		South Tylermouth	72445	US	AR			{}	{}	f
25	James	Phillips		978 Nelson Brook Apt. 912		Wrightport	99351	US	WA			{}	{}	f
26	Jade	Guerrero		318 Leonard Fort		Courtneyport	97176	US	OR			{}	{}	f
27	Vickie	Taylor		9332 Kathleen Knoll		Lake Vernon	06316	US	CT			{}	{}	f
28	Jo	Payne		2963 Floyd Lights		East Benjaminbury	02768	US	MA			{}	{}	f
29	Douglas	Collins		660 Macdonald Place Suite 091		Finleyburgh	36029	US	AL			{}	{}	f
30	Devon	Melton		53230 Julia Villages		Lake Christian	15850	US	PA			{}	{}	f
31	Christine	Ellis		904 Shaffer Street		Johnsonton	87184	US	NM			{}	{}	f
32	Michael	Powers		85265 Pratt Lock Apt. 484		Maddenside	73142	US	OK			{}	{}	f
33	Jose	Mcdaniel		1657 Andrew Streets Apt. 494		Port Allison	01791	US	MA			{}	{}	f
34	Tiffany	Bonilla		95398 Martin Ways		West Meghan	96960	US	MH			{}	{}	f
35	Brenda	Williams		5445 Patton Rapid		Archertown	82289	US	WY			{}	{}	f
36	Ashley	Ramos		74931 Ramirez Village Apt. 821		New Daniel	14452	US	NY			{}	{}	f
37	Cassidy	Fischer		4064 Medina Plaza Suite 536		Port Adam	11273	US	NY			{}	{}	f
38	Kristen	Miles		7086 Rachel Lake Apt. 357		Lake Jillshire	51125	US	IA			{}	{}	f
39	Jacob	Chang		97378 Susan Expressway Suite 166		Johnnystad	02884	US	RI			{}	{}	f
40	Christopher	Johnson		3666 Terry View		New Stevenshire	20037	US	DC			{}	{}	f
41	Jennifer	Murphy		7820 Ashlee Key		Adamborough	05057	US	VT			{}	{}	f
42	Emily	Ruiz		56246 Caitlin Lodge Suite 802		East Renee	05329	US	VT			{}	{}	f
43	Emily	Ruiz		56246 Caitlin Lodge Suite 802		East Renee	05329	US	VT			{}	{}	f
44	Jennifer	Cummings		625 Christopher Extensions		Jamesview	21331	US	MD			{}	{}	f
45	Kimberly	Holmes		78209 Darlene Bypass Suite 137		Port Stephen	31454	US	GA			{}	{}	f
46	Matthew	Rios		081 Smith Trail Apt. 169		Ashleymouth	96940	US	PW			{}	{}	f
47	William	Archer		50220 Blackwell Fields		South Deannaport	82798	US	WY			{}	{}	f
48	Rhonda	Burke		1607 Munoz River		Emilyshire	96944	US	FM			{}	{}	f
49	Robert	Johnson		61511 Michael Fall Suite 905		Gibbsfort	07165	US	NJ			{}	{}	f
50	Michaela	Nichols		0811 Howard Courts Suite 028		Susantown	39292	US	MS			{}	{}	f
51	Eric	Kelley		22395 Timothy Road		Williamsbury	29289	US	SC			{}	{}	f
52	Mark	Burch		26759 Paul Trail Apt. 290		Higginsburgh	32083	US	FL			{}	{}	f
53	Anthony	Morris		01992 Emily Light		South Samuelmouth	05127	US	VT			{}	{}	f
54	Sandra	Cox		612 Knight Keys		South Paulabury	07782	US	NJ			{}	{}	f
55	Jeffrey	Foster		9144 Daniels Rapids Suite 340		Michellefurt	29110	US	SC			{}	{}	f
56	Amanda	Phelps		606 Hamilton Cove		Munozburgh	30698	US	GA			{}	{}	f
57	Thomas	Moore		155 Courtney Trafficway Suite 803		Gregoryshire	21418	US	MD			{}	{}	f
58	Norman	Williams		64635 David Ridge Suite 206		Fordland	53872	US	WI			{}	{}	f
59	Amy	Spencer		32308 Lori Knolls		Jennifermouth	76473	US	TX			{}	{}	f
60	Leah	Sloan		2585 Rhonda Streets Suite 365		Fryhaven	04740	US	ME			{}	{}	f
61	Wendy	Hess		09981 Caitlin Rapids		West Haleyburgh	38775	US	MS			{}	{}	f
62	Laura	Smith		751 Wood Square Suite 732		Port Melissaburgh	99924	US	AK			{}	{}	f
63	Dawn	Jackson		376 Smith Dale Suite 279		South Sarahland	57603	US	SD			{}	{}	f
64	Richard	Hall		79148 Pierce Lock Suite 423		Erikberg	03101	US	NH			{}	{}	f
65	Sydney	Mendoza		147 Lisa Hill Apt. 512		Port Elizabethshire	43814	US	OH			{}	{}	f
66	Adrian	Atkins		178 Baxter Junctions Apt. 033		Robersonport	40923	US	KY			{}	{}	f
67	Albert	Kelly		14963 Stuart Wall Apt. 343		Kellerstad	70788	US	LA			{}	{}	f
68	Cheryl	Guerra		5873 Chen Knolls		Ramirezfurt	54570	US	WI			{}	{}	f
69	Jennifer	Campbell		4172 Cantu Summit		West Victor	19897	US	DE			{}	{}	f
\.


--
-- Data for Name: account_customerevent; Type: TABLE DATA; Schema: public; Owner: saleor
--

COPY public.account_customerevent (id, date, type, parameters, user_id, app_id, order_id) FROM stdin;
1	2026-03-11 10:40:56.316983+00	account_created	{}	45	\N	\N
\.


--
-- Data for Name: account_customernote; Type: TABLE DATA; Schema: public; Owner: saleor
--

COPY public.account_customernote (id, date, content, is_public, customer_id, user_id) FROM stdin;
\.


--
-- Data for Name: account_group; Type: TABLE DATA; Schema: public; Owner: saleor
--

COPY public.account_group (id, name, restricted_access_to_channels) FROM stdin;
1	Full Access	f
2	Customer Support	f
3	Checkouts management	f
4	Payments management	f
5	Taxes management	f
6	User management	f
7	Apps management	f
8	Channels management	f
9	Discounts management	f
10	Gift card management	f
11	Menus management	f
12	Observability management	f
13	Orders management	f
14	Orders import management	f
15	Page types and attributes management	f
16	Pages management	f
17	Plugins management	f
18	Product types and attributes management	f
19	Products management	f
20	Settings management	f
21	Shipping management	f
22	Staff management	f
23	Translations management	f
24	Users management	f
\.


--
-- Data for Name: account_group_channels; Type: TABLE DATA; Schema: public; Owner: saleor
--

COPY public.account_group_channels (id, group_id, channel_id) FROM stdin;
\.


--
-- Data for Name: account_group_permissions; Type: TABLE DATA; Schema: public; Owner: saleor
--

COPY public.account_group_permissions (id, group_id, permission_id) FROM stdin;
1	1	385
2	1	5
3	1	10
4	1	398
5	1	399
6	1	150
7	1	408
8	1	281
9	1	286
10	1	287
11	1	288
12	1	417
13	1	289
14	1	167
15	1	426
16	1	176
17	1	326
18	1	339
19	1	340
20	1	491
21	1	492
22	1	111
23	1	112
24	1	113
25	2	288
26	2	289
27	2	111
28	2	339
29	2	340
30	2	150
31	2	286
32	2	287
33	3	287
34	4	426
35	5	288
36	6	113
37	7	491
38	8	281
39	3	286
40	9	10
41	10	150
42	11	326
43	12	492
44	13	339
45	14	340
46	15	417
47	16	408
48	17	5
49	18	176
50	19	167
51	20	398
52	21	385
53	22	112
54	5	289
55	23	399
56	24	111
\.


--
-- Data for Name: account_staffnotificationrecipient; Type: TABLE DATA; Schema: public; Owner: saleor
--

COPY public.account_staffnotificationrecipient (id, staff_email, active, user_id) FROM stdin;
\.


--
-- Data for Name: account_user; Type: TABLE DATA; Schema: public; Owner: saleor
--

COPY public.account_user (id, is_superuser, email, is_staff, is_active, password, date_joined, last_login, default_billing_address_id, default_shipping_address_id, note, first_name, last_name, avatar, private_metadata, metadata, jwt_token_key, language_code, search_document, updated_at, uuid, external_reference, last_password_reset_request, is_confirmed, last_confirm_email_request, number_of_orders) FROM stdin;
1	f	melissa.sanders@example.com	f	t	pbkdf2_sha256$1000000$iM2HfAzScQgdm2K6TlSttQ$r6fzj2WlZA0bsemPE5fcOiSGZOlhJd1QaVrZtO0xSgo=	1970-07-02 13:18:33.852697+00	\N	9	9	Fire happen nothing support suffer which parent. Republican total policy head Mrs debate onto.	Melissa	Sanders		{}	{}	dN8ZluYm27fz	en	melissa.sanders@example.com\nmelissa\nsanders\nmelissa\nsanders\n47142 wilson drives\n\nmelissaton\n85422\nunited states of america\nus\n\n	2026-03-06 11:24:28.981147+00	253d5b79-9bf0-4366-bead-72951c4bd847	\N	\N	t	\N	0
2	f	edward.cook@example.com	f	t	pbkdf2_sha256$1000000$zo9pApkwkvs1HC34G3bv72$S5oRDZQue/AA7uzLPh24sHDdhTTkZaMv1vjkJEuEUAQ=	1978-09-29 23:45:36.68442+00	\N	10	10	Value film tax rock few. Federal board night loss front something. Buy break marriage also friend reach.	Edward	Cook		{}	{}	hZ8PEVQEjF9a	en	edward.cook@example.com\nedward\ncook\nedward\ncook\n159 blake estates apt. 945\n\nhaysberg\n70236\nunited states of america\nus\n\n	2026-03-06 11:24:29.27097+00	ddd0966f-65f7-4ed2-a79b-5b357c88aa76	\N	\N	t	\N	0
3	f	garrett.cunningham@example.com	f	t	pbkdf2_sha256$1000000$pfFrjlqg63wLEV4Q6XU7AC$BxDX/iByyRxMLq8HDM/fmyDJOTR8fNHV/84s32nhcs8=	1982-02-16 19:45:30.913496+00	\N	11	11	Happy write end since. Court boy state table agree moment. Budget huge debate among way.	Garrett	Cunningham		{}	{}	7oQTsnkHmFx9	en	garrett.cunningham@example.com\ngarrett\ncunningham\ngarrett\ncunningham\n13306 corey point\n\nshanefort\n82445\nunited states of america\nus\n\n	2026-03-06 11:24:29.500233+00	a8916b96-7d3b-4066-864c-7ba0d2fe36a9	\N	\N	t	\N	0
4	f	dustin.gonzalez@example.com	f	t	pbkdf2_sha256$1000000$NvtAe5vYdMU0awfPeSFDJw$/Steyrxo9NrewDieWvyATGsO0AUzOhQU8eE/0/rBnrc=	2010-05-05 23:11:52.92077+00	\N	12	12	Future while together. Along chance either six success on.	Dustin	Gonzalez		{}	{}	EUREDvKo9Wyf	en	dustin.gonzalez@example.com\ndustin\ngonzalez\ndustin\ngonzalez\n8219 hernandez lodge suite 875\n\nboltonborough\n58625\nunited states of america\nus\n\n	2026-03-06 11:24:29.73557+00	ed9a3254-05bb-44ca-af5d-beede73cd675	\N	\N	t	\N	0
5	f	lindsay.jones@example.com	f	t	pbkdf2_sha256$1000000$mAmkAJkc0JxrWX1JpKEyL1$n2b88YxeoiAU4sEgzkZeBNez0f/oIYC3XtALsN1cxdU=	1986-12-28 15:35:33.921617+00	\N	13	13	Measure too maybe off question source. Wrong section town deal movement out stay lot. Parent do ten after those scientist.	Lindsay	Jones		{}	{}	ERzVDxACPMLl	en	lindsay.jones@example.com\nlindsay\njones\nlindsay\njones\n013 billy bridge\n\nriveraburgh\n96942\nunited states of america\nus\n\n	2026-03-06 11:24:29.954261+00	57f10558-6926-4429-b63f-3af604ff5aa4	\N	\N	t	\N	0
6	f	ashley.cook@example.com	f	t	pbkdf2_sha256$1000000$gmpVmZqOiMwPuZFAtreOd4$eM5Qxw/ilZlyybPskvS+POTA0zX3cTXcJTsvfecPvQc=	2009-04-30 13:37:44.262707+00	\N	14	14	In partner hit another likely character. Our car food.	Ashley	Cook		{}	{}	36Lqy0geKGyn	en	ashley.cook@example.com\nashley\ncook\nashley\ncook\n4666 frank crossroad apt. 450\n\nsouth robertfort\n15669\nunited states of america\nus\n\n	2026-03-06 11:24:30.204262+00	68108d5d-effc-43bb-b5df-4ed711bc4c6c	\N	\N	t	\N	0
7	f	deborah.lee@example.com	f	t	pbkdf2_sha256$1000000$nEotYHSTGzXqURGcoWl9eF$qgN5VeB2Wt/prpf6lPaAkBOkIsIp/EdTWZkEIaE7x+0=	2022-07-27 06:16:04.704624+00	\N	15	15	Series lay smile away and various. Effort ago mind notice then director simply. Single recognize information figure box international not type.	Deborah	Lee		{}	{}	k9eaOoRjWwtk	en	deborah.lee@example.com\ndeborah\nlee\ndeborah\nlee\n09795 tara station suite 264\n\nnew michelleborough\n85803\nunited states of america\nus\n\n	2026-03-06 11:24:30.467173+00	f8516125-92db-456a-8575-a2883c9798e0	\N	\N	t	\N	0
8	f	robert.garcia@example.com	f	t	pbkdf2_sha256$1000000$LQIIPtLon8qqJ9KgiBJtBd$EtNWfj6g5BFR+tTXXIypGhn8iChz6QVO/Soai5pVKOM=	1971-05-21 18:44:13.647863+00	\N	16	16	Reality generation concern store discover hand. Throw debate daughter purpose voice but according hard.	Robert	Garcia		{}	{}	fzYe3zSHNKJb	en	robert.garcia@example.com\nrobert\ngarcia\nrobert\ngarcia\n076 johnson way\n\njenniferland\n48145\nunited states of america\nus\n\n	2026-03-06 11:24:30.723788+00	f3ad284b-f02b-4bfd-b648-8be62cfab4ca	\N	\N	t	\N	0
9	f	cassidy.villarreal@example.com	f	t	pbkdf2_sha256$1000000$eipCdDeX7ON4AFRIuRf1hG$iAifk6BlmH1Vi0WjvS4PEpTES+8kTlSMWI7c6lX0a+k=	2009-06-12 10:45:11.616349+00	\N	17	17	Or ball mouth film. Today watch source firm drug senior. Head production technology over hour.	Cassidy	Villarreal		{}	{}	2rfPnzWyxiKp	en	cassidy.villarreal@example.com\ncassidy\nvillarreal\ncassidy\nvillarreal\n1754 anthony fords\n\nmatthewport\n71133\nunited states of america\nus\n\n	2026-03-06 11:24:30.948992+00	023baa8a-faac-4d24-8853-a360d63ae957	\N	\N	t	\N	0
10	f	david.evans@example.com	f	t	pbkdf2_sha256$1000000$5n7USveMwwkgNFj9NCXdDc$19dMruH7Na/AlW3AdwL+memyPkEaEAB9wccS1EGBttY=	1989-12-18 14:21:26.118375+00	\N	18	18	He weight before control board. Newspaper read somebody land. Control instead company where future model.	David	Evans		{}	{}	EaTlCo9r9JFA	en	david.evans@example.com\ndavid\nevans\ndavid\nevans\n296 walsh corner apt. 758\n\nsouth rickychester\n23314\nunited states of america\nus\n\n	2026-03-06 11:24:31.196573+00	16b3267d-ea24-4e4a-8ced-bf89f8e51d0a	\N	\N	t	\N	0
11	f	crystal.miller@example.com	f	t	pbkdf2_sha256$1000000$0cgMBHlnxHJ0HP2HXrdLif$tDTKyzYIeRQtky0syO9leOYrebOYYv8Skn4SWg9+nxk=	2012-06-05 00:31:00.335695+00	\N	19	19	Question set discussion seven. Place again establish protect a. Moment ok how bill education exist.	Crystal	Miller		{}	{}	lL4PxJUZfU25	en	crystal.miller@example.com\ncrystal\nmiller\ncrystal\nmiller\n0797 jeffery crescent\n\namyberg\n68091\nunited states of america\nus\n\n	2026-03-06 11:24:31.441379+00	47c0f12b-6f7c-46bd-b5c3-cf98c5afa192	\N	\N	t	\N	0
12	f	regina.larson@example.com	f	t	pbkdf2_sha256$1000000$unBvi8rDD9l7CShneRbt07$5ZVLMwr0i5abU+BEVvBYHBl6+FK9V5kTphei1EWmL1g=	1989-11-21 17:27:35.014205+00	\N	20	20	Off phone most improve. Idea sing small factor head pick church. High opportunity cause property.	Regina	Larson		{}	{}	VKdwruzz49iM	en	regina.larson@example.com\nregina\nlarson\nregina\nlarson\n44851 pamela track\n\nnorth robert\n70580\nunited states of america\nus\n\n	2026-03-06 11:24:31.695698+00	e2d8fcd5-6738-4b04-9b97-8e276e5d0901	\N	\N	t	\N	0
13	f	thomas.perry@example.com	f	t	pbkdf2_sha256$1000000$R2xyZxdoJUgIsTZYgMPcCu$re7vCdkTrIcTMKPwV56Iu3IKYE5IWfCoft2pVcndKVs=	1991-07-31 18:21:39.862389+00	\N	21	21	According American per yourself their record. Cell of course its respond.	Thomas	Perry		{}	{}	NS7n6lhmXe3t	en	thomas.perry@example.com\nthomas\nperry\nthomas\nperry\n8570 evans summit suite 093\n\nwest thomastown\n27142\nunited states of america\nus\n\n	2026-03-06 11:24:31.922003+00	905531ef-faa1-4733-a715-38ae5bf441ac	\N	\N	t	\N	0
14	f	mark.wong@example.com	f	t	pbkdf2_sha256$1000000$fXxB5lGLRpZLApKO5WTVOV$tmh2m70dqqCIq3ktU+BUvUlAervgzISjGhxcDAAL20k=	2019-04-18 02:08:22.285649+00	\N	22	22	Report town almost plan that hair sea quality. Particularly partner relate mention expect.	Mark	Wong		{}	{}	mpufBovE3ozV	en	mark.wong@example.com\nmark\nwong\nmark\nwong\n72852 renee mills suite 667\n\nblairborough\n89863\nunited states of america\nus\n\n	2026-03-06 11:24:32.171004+00	42cefbca-e4c8-492c-98fd-86fc87e4cc21	\N	\N	t	\N	0
15	f	michael.ellis@example.com	f	t	pbkdf2_sha256$1000000$p6jJ4N1IwNncUNi64MjogQ$GzKU19GokwjrJ3ddCHC3ygwS19SLrtSrZLvhXm4igi4=	2017-01-13 22:21:59.113932+00	\N	23	23	Wife however TV law fund. Paper beat five movie. Eight miss couple bag thank generation.	Michael	Ellis		{}	{}	LQFMoawzdf0X	en	michael.ellis@example.com\nmichael\nellis\nmichael\nellis\n774 lewis grove apt. 002\n\nadamtown\n20005\nunited states of america\nus\n\n	2026-03-06 11:24:32.393699+00	98aba85a-a0d2-4cd9-a435-d1a49013232d	\N	\N	t	\N	0
16	f	john.daniel@example.com	f	t	pbkdf2_sha256$1000000$K9TTZ3Ubfyac2O3Ejjoa6J$zMQPTTUrWtGONLWgvVbhDsvNzdX25ybekJkuH17va0g=	2000-05-25 01:09:39.32611+00	\N	24	24	Key beat drop step child this degree. Baby interview senior stop always Congress majority campaign. Various floor itself news experience.	John	Daniel		{}	{}	qmhxskSTm5sf	en	john.daniel@example.com\njohn\ndaniel\njohn\ndaniel\n8647 wiggins garden apt. 481\n\nsouth tylermouth\n72445\nunited states of america\nus\n\n	2026-03-06 11:24:32.639162+00	c4cc6f2c-732d-408f-8394-87af462d7a05	\N	\N	t	\N	0
37	f	page.manager@example.com	t	t	pbkdf2_sha256$1000000$59spTsdIEPRuf3RT6a5Xs3$5qviBkhz2YJCzi9sKEDch+CUkiJ4v43Q5S/MLjZC6MA=	2026-03-06 11:24:39.786666+00	\N	60	60	\N	Leah	Sloan		{}	{}	PCMOY8rbAK0e	en	page.manager@example.com\nleah\nsloan\nleah\nsloan\n2585 rhonda streets suite 365\n\nfryhaven\n04740\nunited states of america\nus\n\n	2026-03-06 11:24:40.021983+00	c386cf34-1b52-4a07-95a6-7510ca72ea16	\N	\N	t	\N	0
17	f	james.phillips@example.com	f	t	pbkdf2_sha256$1000000$aNQhT3zkyuxuWnNq6RNFUC$Zmg0bOwBYG9UlDZRxpfJapPPn2lbEkD0XlasDAcsTws=	2007-11-30 13:14:38.668619+00	\N	25	25	Middle teacher business population brother say grow.	James	Phillips		{}	{}	YXps7kux97jP	en	james.phillips@example.com\njames\nphillips\njames\nphillips\n978 nelson brook apt. 912\n\nwrightport\n99351\nunited states of america\nus\n\n	2026-03-06 11:24:32.857316+00	5f9306bc-728c-4f81-b803-50bd97e8b8bf	\N	\N	t	\N	0
18	f	jade.guerrero@example.com	f	t	pbkdf2_sha256$1000000$lq8VJuXixoG4vRC0MhiNnB$tuFCHRzim26WU8Y4yaBJWoejj8ROx86TWQW3W92cEqw=	1979-12-06 22:42:12.524476+00	\N	26	26	Network foreign one. Speech theory choice.	Jade	Guerrero		{}	{}	WzMkbBjR1OhG	en	jade.guerrero@example.com\njade\nguerrero\njade\nguerrero\n318 leonard fort\n\ncourtneyport\n97176\nunited states of america\nus\n\n	2026-03-06 11:24:33.10584+00	678a1008-676f-403b-88c1-33d7bbe36e50	\N	\N	t	\N	0
19	f	vickie.taylor@example.com	f	t	pbkdf2_sha256$1000000$vXq7powaRfvA2CAcwDFIBU$N2dMWOO7Q9yUkQicD3YKYMdENLI5dUgHNvReP+y6QIM=	2015-06-18 07:14:29.227833+00	\N	27	27	Other majority final when new clear these.	Vickie	Taylor		{}	{}	7bqAIxF9Ovm6	en	vickie.taylor@example.com\nvickie\ntaylor\nvickie\ntaylor\n9332 kathleen knoll\n\nlake vernon\n06316\nunited states of america\nus\n\n	2026-03-06 11:24:33.388144+00	868e962a-df62-43d2-aa1c-febae4fa40f4	\N	\N	t	\N	0
20	f	jo.payne@example.com	f	t	pbkdf2_sha256$1000000$qr4cU82GV47h2dKGCq8Opd$PA5vD9rBfXq9mvSyZhpzFAF14I383P9Nae1Z6jZBR7U=	1995-03-23 02:45:56.807386+00	\N	28	28	Employee public figure ground much. Character against physical agency and difficult president at. General professional career two.	Jo	Payne		{}	{}	7u1vDzFMgecz	en	jo.payne@example.com\njo\npayne\njo\npayne\n2963 floyd lights\n\neast benjaminbury\n02768\nunited states of america\nus\n\n	2026-03-06 11:24:33.656078+00	bdf3145b-8d9e-408f-ba97-798d3903b21f	\N	\N	t	\N	0
22	f	jennifer.cummings@example.com	t	t	pbkdf2_sha256$1000000$7oLjUYWXrLxPZ5VfcFOsIa$JdvkamJLXO6ZRX7wDFs49vlbM6QrRt8v+IZJTdeEUK8=	2026-03-06 11:24:35.757146+00	\N	44	44	\N	Jennifer	Cummings		{}	{}	qGB2YaJh73x2	en	jennifer.cummings@example.com\njennifer\ncummings\njennifer\ncummings\n625 christopher extensions\n\njamesview\n21331\nunited states of america\nus\n\n	2026-03-06 11:24:36.01462+00	ab4e8362-cb73-4cd8-80b4-d1a9ffc0b8c1	\N	\N	t	\N	0
23	f	kimberly.holmes@example.com	t	t	pbkdf2_sha256$1000000$NUn70sI7lh99153VgsKhRw$PCiEl2h0QXmxSC4QqVmgdDmq9nU6Gg6EQrLPmz4cHSw=	2026-03-06 11:24:36.023329+00	\N	45	45	\N	Kimberly	Holmes		{}	{}	YeidcgKsHqYU	en	kimberly.holmes@example.com\nkimberly\nholmes\nkimberly\nholmes\n78209 darlene bypass suite 137\n\nport stephen\n31454\nunited states of america\nus\n\n	2026-03-06 11:24:36.311928+00	5ff60593-41ff-4281-b853-dd57bf7bc11c	\N	\N	t	\N	0
24	f	checkout.manager@example.com	t	t	pbkdf2_sha256$1000000$2ESBB5OclTZcpxBACS1B7b$KBKsvPXazLc7PGiWDEfC8zwfS8Zn94fPso3YBlyyUsM=	2026-03-06 11:24:36.328387+00	\N	46	46	\N	Matthew	Rios		{}	{}	6jTEn0OMuyXo	en	checkout.manager@example.com\nmatthew\nrios\nmatthew\nrios\n081 smith trail apt. 169\n\nashleymouth\n96940\nunited states of america\nus\n\n	2026-03-06 11:24:36.585048+00	5a6e1540-7b53-4a98-b8c8-9b2fdc2dc3d7	\N	\N	t	\N	0
25	f	payment.manager@example.com	t	t	pbkdf2_sha256$1000000$3Kb20XQT1WKFZExx6Me0ar$OpIawiITY+sOni6+3Bzj2+k8R4Wg9Km0HDmPEF3Qkq8=	2026-03-06 11:24:36.594244+00	\N	47	47	\N	William	Archer		{}	{}	8A9jSgW9Eb90	en	payment.manager@example.com\nwilliam\narcher\nwilliam\narcher\n50220 blackwell fields\n\nsouth deannaport\n82798\nunited states of america\nus\n\n	2026-03-06 11:24:36.837184+00	b9334182-22e6-47bb-b79e-89dbf1753583	\N	\N	t	\N	0
26	f	taxe.manager@example.com	t	t	pbkdf2_sha256$1000000$rBFDFy9VjoQgtRbN7NKGOM$yUh7l43SYqWG2ONwLLB42uxABVsM5eIEDBMbBPy1rC4=	2026-03-06 11:24:36.855532+00	\N	48	48	\N	Rhonda	Burke		{}	{}	RDy67VeL5WBD	en	taxe.manager@example.com\nrhonda\nburke\nrhonda\nburke\n1607 munoz river\n\nemilyshire\n96944\nunited states of america\nus\n\n	2026-03-06 11:24:37.127242+00	fc874da8-0cf4-4819-b564-b48a095ec0c0	\N	\N	t	\N	0
27	f	user.manager@example.com	t	t	pbkdf2_sha256$1000000$0QxQsSafJA6gu0ILNUWd6N$ng168DvdJQL9xvvrHJ4lnd57lYIcpCAoa3l3X32g+Lo=	2026-03-06 11:24:37.135188+00	\N	49	49	\N	Robert	Johnson		{}	{}	7A9JAw0FzmQo	en	user.manager@example.com\nrobert\njohnson\nrobert\njohnson\n61511 michael fall suite 905\n\ngibbsfort\n07165\nunited states of america\nus\n\n	2026-03-06 11:24:37.396482+00	9bd5238b-4024-4906-a141-28dc9f163c8a	\N	\N	t	\N	0
28	f	app.manager@example.com	t	t	pbkdf2_sha256$1000000$2qXdOYnA5e02P14N736tz6$uYB/VTyCju7+h2tDIU3KRZK+RvLwclcLHbM+aJQcCK8=	2026-03-06 11:24:37.404165+00	\N	50	50	\N	Michaela	Nichols		{}	{}	G8kH329G63Jt	en	app.manager@example.com\nmichaela\nnichols\nmichaela\nnichols\n0811 howard courts suite 028\n\nsusantown\n39292\nunited states of america\nus\n\n	2026-03-06 11:24:37.659037+00	4016519d-5caf-45bd-b9cd-6cf4e9aaf40f	\N	\N	t	\N	0
29	f	channel.manager@example.com	t	t	pbkdf2_sha256$1000000$3fu1vaJorJoYZ8zs2sIuxB$JJ6lULU4XFxUXxiHep7M/xdr+Up5fT0NWRFCv9pjxSo=	2026-03-06 11:24:37.670563+00	\N	51	51	\N	Eric	Kelley		{}	{}	olkyIGSm6mst	en	channel.manager@example.com\neric\nkelley\neric\nkelley\n22395 timothy road\n\nwilliamsbury\n29289\nunited states of america\nus\n\n	2026-03-06 11:24:37.930068+00	7ea18558-6d9a-4cb1-b64d-55b2798e3578	\N	\N	t	\N	0
30	f	discount.manager@example.com	t	t	pbkdf2_sha256$1000000$k8I7E9j6RCE1QyWIlSpIL1$ou0KjhI0HIyXOz+GYCIrL05mzL9vO/965+oYW2PuEbY=	2026-03-06 11:24:37.941114+00	\N	53	53	\N	Anthony	Morris		{}	{}	dzLUl3Ejsj7B	en	discount.manager@example.com\nanthony\nmorris\nanthony\nmorris\n01992 emily light\n\nsouth samuelmouth\n05127\nunited states of america\nus\n\n	2026-03-06 11:24:38.199209+00	1cc3fcf2-6035-4adf-a84e-0f210f9eba92	\N	\N	t	\N	0
31	f	gift.card.manager@example.com	t	t	pbkdf2_sha256$1000000$GAtx6QTERkXcmawRMxCUDH$5DqYaM9k+o0xIFOtAoR2k5i1nls9naLf+AZgYSVq3IQ=	2026-03-06 11:24:38.206484+00	\N	54	54	\N	Sandra	Cox		{}	{}	4oEnt7gcpONJ	en	gift.card.manager@example.com\nsandra\ncox\nsandra\ncox\n612 knight keys\n\nsouth paulabury\n07782\nunited states of america\nus\n\n	2026-03-06 11:24:38.448576+00	5b388c87-b11d-49d7-bb31-eccf6d958a12	\N	\N	t	\N	0
32	f	menu.manager@example.com	t	t	pbkdf2_sha256$1000000$Oroas3jZ1BGaX8RqZ8eue6$OzmNPC/+YhAbPDA6LvZV9rTWwEVGt9D6A9dPwrFIeso=	2026-03-06 11:24:38.456983+00	\N	55	55	\N	Jeffrey	Foster		{}	{}	JtLIRwHqRqmj	en	menu.manager@example.com\njeffrey\nfoster\njeffrey\nfoster\n9144 daniels rapids suite 340\n\nmichellefurt\n29110\nunited states of america\nus\n\n	2026-03-06 11:24:38.7118+00	3a11d7b9-71c4-447e-95cc-ca4e1d93cc71	\N	\N	t	\N	0
33	f	observability.manager@example.com	t	t	pbkdf2_sha256$1000000$OoLbgqaqYrbnkIzlp4IYUb$WloJ7IEv5qqFkAHyB3/iuK/EnHytr0CvYIKct2BBguE=	2026-03-06 11:24:38.724551+00	\N	56	56	\N	Amanda	Phelps		{}	{}	IK66zu1g1yIr	en	observability.manager@example.com\namanda\nphelps\namanda\nphelps\n606 hamilton cove\n\nmunozburgh\n30698\nunited states of america\nus\n\n	2026-03-06 11:24:38.964103+00	05e5cd65-4bf4-4623-8655-b0cffcdf7783	\N	\N	t	\N	0
34	f	order.manager@example.com	t	t	pbkdf2_sha256$1000000$k92kfoz7PuBEL0jJos449B$0hycmGvbGKb5NWJZIDdJ5XjOAkMgUv+xygxaX3csSPI=	2026-03-06 11:24:38.972359+00	\N	57	57	\N	Thomas	Moore		{}	{}	iDyPUNz8wBFH	en	order.manager@example.com\nthomas\nmoore\nthomas\nmoore\n155 courtney trafficway suite 803\n\ngregoryshire\n21418\nunited states of america\nus\n\n	2026-03-06 11:24:39.212046+00	01e318b2-e50f-44db-8573-e16ef46573cb	\N	\N	t	\N	0
35	f	order.import.manager@example.com	t	t	pbkdf2_sha256$1000000$Czsm26rojAHkhagacxumba$vt/nEEPecEfOT/u/tfdEEg2kNW/jjVBe2mtTB9wT6xU=	2026-03-06 11:24:39.219275+00	\N	58	58	\N	Norman	Williams		{}	{}	QC3mjraOkxlu	en	order.import.manager@example.com\nnorman\nwilliams\nnorman\nwilliams\n64635 david ridge suite 206\n\nfordland\n53872\nunited states of america\nus\n\n	2026-03-06 11:24:39.473494+00	470c453f-b61a-4366-b494-dd9e2b66f8c5	\N	\N	t	\N	0
36	f	page.type.and.attribute.manager@example.com	t	t	pbkdf2_sha256$1000000$zxCh3WIGdL47retxVxhLSq$wMaq0OAy+y1EP8ZtRp4dPhBWmV/T26CI1iiug6EYKrE=	2026-03-06 11:24:39.480584+00	\N	59	59	\N	Amy	Spencer		{}	{}	CKkpYwxyxrxF	en	page.type.and.attribute.manager@example.com\namy\nspencer\namy\nspencer\n32308 lori knolls\n\njennifermouth\n76473\nunited states of america\nus\n\n	2026-03-06 11:24:39.776693+00	a72a7e4a-8384-456d-ac17-bff98edbd1ca	\N	\N	t	\N	0
38	f	plugin.manager@example.com	t	t	pbkdf2_sha256$1000000$qAnVexwQrHIdWV5VirzYXR$dSvhLYRN6d4YZAkvkY3VvFEJOjFIIaTt0Q277JMUMr0=	2026-03-06 11:24:40.029501+00	\N	61	61	\N	Wendy	Hess		{}	{}	5PkSEWsKHaim	en	plugin.manager@example.com\nwendy\nhess\nwendy\nhess\n09981 caitlin rapids\n\nwest haleyburgh\n38775\nunited states of america\nus\n\n	2026-03-06 11:24:40.283052+00	f71e69af-e7e9-43e6-9df2-6c6a16753b71	\N	\N	t	\N	0
39	f	product.type.and.attribute.manager@example.com	t	t	pbkdf2_sha256$1000000$Q9wyemktH3tG7lPvs8LKV1$X++QjhWeDGdKhtHnafsbS2OCwY655iIO073AwrRmUDw=	2026-03-06 11:24:40.290084+00	\N	62	62	\N	Laura	Smith		{}	{}	2zrDyXt2JIeC	en	product.type.and.attribute.manager@example.com\nlaura\nsmith\nlaura\nsmith\n751 wood square suite 732\n\nport melissaburgh\n99924\nunited states of america\nus\n\n	2026-03-06 11:24:40.525482+00	911981f0-5ed3-4def-9a94-60cbaebafcaa	\N	\N	t	\N	0
40	f	product.manager@example.com	t	t	pbkdf2_sha256$1000000$jg8V6EvMYWGTNlKWFAr06J$z+IdMMUijiyfny9KSCUlUbUWsOiu5pxQ3w+cQi+hqho=	2026-03-06 11:24:40.53395+00	\N	63	63	\N	Dawn	Jackson		{}	{}	ho2lA2PKwuRx	en	product.manager@example.com\ndawn\njackson\ndawn\njackson\n376 smith dale suite 279\n\nsouth sarahland\n57603\nunited states of america\nus\n\n	2026-03-06 11:24:40.790224+00	47ecadd3-6cad-4853-a6aa-6ffcf708803b	\N	\N	t	\N	0
41	f	setting.manager@example.com	t	t	pbkdf2_sha256$1000000$guF4ITGltE5cvw8gwAjxiH$/Ere2bYrFSPTRWtPg8BMVNcS5/ecg2J2vWR0oInPyvE=	2026-03-06 11:24:40.797305+00	\N	64	64	\N	Richard	Hall		{}	{}	2DSNzVlvcW3H	en	setting.manager@example.com\nrichard\nhall\nrichard\nhall\n79148 pierce lock suite 423\n\nerikberg\n03101\nunited states of america\nus\n\n	2026-03-06 11:24:41.043628+00	f1148180-2479-4196-b544-0de95acec0dc	\N	\N	t	\N	0
42	f	shipping.manager@example.com	t	t	pbkdf2_sha256$1000000$Tfnvkmpo98pAbH6s0qLCrg$Ur9U5xgLC8MAHcj+0NVJxu0POzdtgXiLw8/UM7Qg6M0=	2026-03-06 11:24:41.050402+00	\N	65	65	\N	Sydney	Mendoza		{}	{}	GCSitwOhCKNZ	en	shipping.manager@example.com\nsydney\nmendoza\nsydney\nmendoza\n147 lisa hill apt. 512\n\nport elizabethshire\n43814\nunited states of america\nus\n\n	2026-03-06 11:24:41.305685+00	ed848546-0bbb-48ea-a187-cde3c7038d8b	\N	\N	t	\N	0
43	f	staff.manager@example.com	t	t	pbkdf2_sha256$1000000$YPcs4s4X4RSOdxddriu8dV$xoO09e7xHB3i+D8/1Ff8iTtNugvaldulkZGpRJvtpy0=	2026-03-06 11:24:41.31356+00	\N	66	66	\N	Adrian	Atkins		{}	{}	l9WhoQTcUsww	en	staff.manager@example.com\nadrian\natkins\nadrian\natkins\n178 baxter junctions apt. 033\n\nrobersonport\n40923\nunited states of america\nus\n\n	2026-03-06 11:24:41.560279+00	8e45e03e-9a52-4406-a9ea-6b4ff23ca9db	\N	\N	t	\N	0
44	f	translation.manager@example.com	t	t	pbkdf2_sha256$1000000$osDVZJHCna9WEuZxPSiLfO$EbNei8C6mlz9U1qNUnhLk+k1teMMbsYQHz0mo2lYDTE=	2026-03-06 11:24:41.571789+00	\N	68	68	\N	Cheryl	Guerra		{}	{}	Hq4PpAErh84E	en	translation.manager@example.com\ncheryl\nguerra\ncheryl\nguerra\n5873 chen knolls\n\nramirezfurt\n54570\nunited states of america\nus\n\n	2026-03-06 11:24:41.825405+00	04b43972-4e40-4a70-8550-807abb6e5ad3	\N	\N	t	\N	0
45	f	thebosses@finalboss.io	f	t	pbkdf2_sha256$1000000$LnyoBB6VvwUeDNLRzY30oZ$pdm0rekIDLrfoFpRwSPefbSBgA3SnrvqyemdFF0zq28=	2026-03-11 10:40:55.941677+00	2026-03-12 18:20:50.321733+00	\N	\N	\N	Damien	Larquey		{}	{}	eN4Cf30c1M2l	en	thebosses@finalboss.io\ndamien\nlarquey\n	2026-03-12 18:20:50.32195+00	dd82e291-686e-4c7e-9ca4-251b638fe0e1	\N	\N	t	\N	0
21	t	admin@example.com	t	t	pbkdf2_sha256$1000000$HniniLNAiXH4LXHD9GjjIY$V9JFXBxD4Ef4i9W0XwQl240vmH5uJ4ljGJKLBSPnMzU=	2026-03-06 11:24:35.437734+00	2026-03-24 12:46:44.398882+00	43	43	\N				{}	{"onboarding": "{\\"onboardingExpanded\\":false,\\"stepsCompleted\\":[\\"get-started\\",\\"view-extensions\\",\\"explore-orders\\"],\\"stepsExpanded\\":{\\"get-started\\":false}}", "sidebar_app_webhook_alert_state": "{\\"lastClickDate\\":\\"2026-03-12T11:58:04.903Z\\",\\"lastFailedAttemptDate\\":\\"\\"}"}	SzOBygKuXC6n	en	admin@example.com\nemily\nruiz\n56246 caitlin lodge suite 802\n\neast renee\n05329\nunited states of america\nus\n\n	2026-03-24 12:46:44.399098+00	233ea9b0-3424-461e-b487-cbc9241740f2	\N	\N	t	\N	0
\.


--
-- Data for Name: account_user_addresses; Type: TABLE DATA; Schema: public; Owner: saleor
--

COPY public.account_user_addresses (id, user_id, address_id) FROM stdin;
1	1	9
2	2	10
3	3	11
4	4	12
5	5	13
6	6	14
7	7	15
8	8	16
9	9	17
10	10	18
11	11	19
12	12	20
13	13	21
14	14	22
15	15	23
16	16	24
17	17	25
18	18	26
19	19	27
20	20	28
21	21	43
22	22	44
23	23	45
24	24	46
25	25	47
26	26	48
27	27	49
28	28	50
29	29	51
30	30	53
31	31	54
32	32	55
33	33	56
34	34	57
35	35	58
36	36	59
37	37	60
38	38	61
39	39	62
40	40	63
41	41	64
42	42	65
43	43	66
44	44	68
\.


--
-- Data for Name: account_user_groups; Type: TABLE DATA; Schema: public; Owner: saleor
--

COPY public.account_user_groups (id, user_id, group_id) FROM stdin;
1	21	1
2	22	2
3	23	2
4	24	3
5	25	4
6	26	5
7	27	6
8	28	7
9	29	8
11	30	9
12	31	10
13	32	11
14	33	12
15	34	13
16	35	14
17	36	15
18	37	16
19	38	17
20	39	18
21	40	19
22	41	20
23	42	21
24	43	22
26	44	23
27	27	24
\.


--
-- Data for Name: account_user_user_permissions; Type: TABLE DATA; Schema: public; Owner: saleor
--

COPY public.account_user_user_permissions (id, user_id, permission_id) FROM stdin;
\.


--
-- Data for Name: app_app; Type: TABLE DATA; Schema: public; Owner: saleor
--

COPY public.app_app (id, private_metadata, metadata, name, created_at, is_active, about_app, app_url, configuration_url, data_privacy, data_privacy_url, homepage_url, identifier, support_url, type, version, manifest_url, audience, is_installed, author, uuid, brand_logo_default, removed_at) FROM stdin;
\.


--
-- Data for Name: app_app_permissions; Type: TABLE DATA; Schema: public; Owner: saleor
--

COPY public.app_app_permissions (id, app_id, permission_id) FROM stdin;
\.


--
-- Data for Name: app_appextension; Type: TABLE DATA; Schema: public; Owner: saleor
--

COPY public.app_appextension (id, label, url, app_id, mount, target, http_target_method, settings) FROM stdin;
\.


--
-- Data for Name: app_appextension_permissions; Type: TABLE DATA; Schema: public; Owner: saleor
--

COPY public.app_appextension_permissions (id, appextension_id, permission_id) FROM stdin;
\.


--
-- Data for Name: app_appinstallation; Type: TABLE DATA; Schema: public; Owner: saleor
--

COPY public.app_appinstallation (id, status, message, created_at, updated_at, app_name, manifest_url, uuid, brand_logo_default) FROM stdin;
\.


--
-- Data for Name: app_appinstallation_permissions; Type: TABLE DATA; Schema: public; Owner: saleor
--

COPY public.app_appinstallation_permissions (id, appinstallation_id, permission_id) FROM stdin;
\.


--
-- Data for Name: app_appproblem; Type: TABLE DATA; Schema: public; Owner: saleor
--

COPY public.app_appproblem (id, created_at, updated_at, message, key, count, is_critical, dismissed, dismissed_by_user_email, app_id, dismissed_by_user_id) FROM stdin;
\.


--
-- Data for Name: app_apptoken; Type: TABLE DATA; Schema: public; Owner: saleor
--

COPY public.app_apptoken (id, name, auth_token, app_id, token_last_4) FROM stdin;
\.


--
-- Data for Name: attribute_assignedpageattributevalue; Type: TABLE DATA; Schema: public; Owner: saleor
--

COPY public.attribute_assignedpageattributevalue (id, sort_order, value_id, page_id) FROM stdin;
\.


--
-- Data for Name: attribute_assignedproductattributevalue; Type: TABLE DATA; Schema: public; Owner: saleor
--

COPY public.attribute_assignedproductattributevalue (id, sort_order, value_id, product_id) FROM stdin;
240	0	145	169
241	0	146	169
242	0	147	169
243	0	148	169
244	0	149	169
245	0	150	169
246	0	151	169
247	0	152	169
248	0	153	169
249	0	154	165
250	0	155	165
251	0	156	165
252	0	157	165
253	0	158	165
254	0	159	165
255	0	160	165
256	0	161	165
257	0	162	233
258	0	163	233
259	0	164	233
260	0	165	233
261	0	166	233
\.


--
-- Data for Name: attribute_assignedvariantattribute; Type: TABLE DATA; Schema: public; Owner: saleor
--

COPY public.attribute_assignedvariantattribute (id, variant_id, assignment_id) FROM stdin;
\.


--
-- Data for Name: attribute_assignedvariantattributevalue; Type: TABLE DATA; Schema: public; Owner: saleor
--

COPY public.attribute_assignedvariantattributevalue (id, sort_order, assignment_id, value_id, variant_id) FROM stdin;
\.


--
-- Data for Name: attribute_attribute; Type: TABLE DATA; Schema: public; Owner: saleor
--

COPY public.attribute_attribute (id, slug, name, metadata, private_metadata, input_type, available_in_grid, visible_in_storefront, filterable_in_dashboard, filterable_in_storefront, value_required, storefront_search_position, is_variant_only, type, entity_type, unit, external_reference, max_sort_order) FROM stdin;
36	material	Material	{}	{}	dropdown	t	t	t	t	t	0	f	product-type	\N	\N	\N	\N
37	shoe-size	Shoe size	{}	{}	dropdown	t	t	t	t	f	0	f	product-type	\N	\N	\N	\N
38	size	Size	{}	{}	dropdown	t	t	t	t	f	0	f	product-type	\N	\N	\N	\N
39	volume	Volume	{}	{}	dropdown	t	t	t	t	f	0	f	product-type	\N	\N	\N	\N
40	flavor	Flavor	{}	{}	dropdown	t	t	t	t	f	0	f	product-type	\N	\N	\N	\N
41	ebook-format	EBook Format	{}	{}	dropdown	t	t	t	t	t	0	f	product-type	\N	\N	\N	\N
42	medium	Medium	{}	{}	dropdown	t	t	t	t	t	0	f	product-type	\N	\N	\N	\N
43	publisher	Publisher	{}	{}	dropdown	t	t	t	t	t	0	f	product-type	\N	\N	\N	\N
44	brand	Brand	{}	{}	single-reference	f	t	f	f	f	0	f	product-type	Page	\N	\N	\N
45	purity	Purity	{}	{}	plain-text	f	t	f	f	f	0	f	product-type	\N	\N	\N	\N
46	form	Form	{}	{}	plain-text	f	t	f	f	f	0	f	product-type	\N	\N	\N	\N
47	storage	Storage	{}	{}	plain-text	f	t	f	f	f	0	f	product-type	\N	\N	\N	\N
48	molecular-weight	Molecular Weight	{}	{}	plain-text	f	t	f	f	f	0	f	product-type	\N	\N	\N	\N
49	cas-number	CAS Number	{}	{}	plain-text	f	t	f	f	f	0	f	product-type	\N	\N	\N	\N
50	sequence	Sequence	{}	{}	plain-text	f	t	f	f	f	0	f	product-type	\N	\N	\N	\N
51	origin	Origin	{}	{}	plain-text	f	t	f	f	f	0	f	product-type	\N	\N	\N	\N
52	solubility	Solubility	{}	{}	plain-text	f	t	f	f	f	0	f	product-type	\N	\N	\N	\N
53	research-category	Research Category	{}	{}	plain-text	f	t	f	f	f	0	f	product-type	\N	\N	\N	\N
\.


--
-- Data for Name: attribute_attribute_reference_page_types; Type: TABLE DATA; Schema: public; Owner: saleor
--

COPY public.attribute_attribute_reference_page_types (id, attribute_id, pagetype_id) FROM stdin;
1	44	5
\.


--
-- Data for Name: attribute_attribute_reference_product_types; Type: TABLE DATA; Schema: public; Owner: saleor
--

COPY public.attribute_attribute_reference_product_types (id, attribute_id, producttype_id) FROM stdin;
\.


--
-- Data for Name: attribute_attributepage; Type: TABLE DATA; Schema: public; Owner: saleor
--

COPY public.attribute_attributepage (id, sort_order, attribute_id, page_type_id) FROM stdin;
\.


--
-- Data for Name: attribute_attributeproduct; Type: TABLE DATA; Schema: public; Owner: saleor
--

COPY public.attribute_attributeproduct (id, attribute_id, product_type_id, sort_order) FROM stdin;
22	45	31	\N
23	46	31	\N
24	47	31	\N
25	48	31	\N
26	49	31	\N
27	50	31	\N
28	51	31	\N
29	52	31	\N
30	53	31	\N
31	45	32	\N
32	46	32	\N
33	47	32	\N
34	48	32	\N
35	49	32	\N
36	50	32	\N
37	51	32	\N
38	52	32	\N
39	53	32	\N
40	45	33	\N
41	46	33	\N
42	47	33	\N
43	48	33	\N
44	49	33	\N
45	50	33	\N
46	51	33	\N
47	52	33	\N
48	53	33	\N
49	45	34	\N
50	46	34	\N
51	47	34	\N
52	48	34	\N
53	49	34	\N
54	50	34	\N
55	51	34	\N
56	52	34	\N
57	53	34	\N
58	45	35	\N
59	46	35	\N
60	47	35	\N
61	48	35	\N
62	49	35	\N
63	50	35	\N
64	51	35	\N
65	52	35	\N
66	53	35	\N
67	45	36	\N
68	46	36	\N
69	47	36	\N
70	48	36	\N
71	49	36	\N
72	50	36	\N
73	51	36	\N
74	52	36	\N
75	53	36	\N
\.


--
-- Data for Name: attribute_attributetranslation; Type: TABLE DATA; Schema: public; Owner: saleor
--

COPY public.attribute_attributetranslation (id, language_code, name, attribute_id) FROM stdin;
\.


--
-- Data for Name: attribute_attributevalue; Type: TABLE DATA; Schema: public; Owner: saleor
--

COPY public.attribute_attributevalue (id, name, attribute_id, slug, sort_order, value, content_type, file_url, rich_text, "boolean", date_time, reference_page_id, reference_product_id, plain_text, reference_variant_id, external_reference, reference_category_id, reference_collection_id, "numeric") FROM stdin;
105	Cotton	36	cotton	0		\N	\N	null	\N	\N	\N	\N	\N	\N	\N	\N	\N	\N
106	Elastane	36	elastane	1		\N	\N	null	\N	\N	\N	\N	\N	\N	\N	\N	\N	\N
107	Polyester	36	polyester	2		\N	\N	null	\N	\N	\N	\N	\N	\N	\N	\N	\N	\N
108	39	37	39	0		\N	\N	null	\N	\N	\N	\N	\N	\N	\N	\N	\N	\N
109	40	37	40	1		\N	\N	null	\N	\N	\N	\N	\N	\N	\N	\N	\N	\N
110	41	37	41	2		\N	\N	null	\N	\N	\N	\N	\N	\N	\N	\N	\N	\N
111	42	37	42	3		\N	\N	null	\N	\N	\N	\N	\N	\N	\N	\N	\N	\N
112	43	37	43	4		\N	\N	null	\N	\N	\N	\N	\N	\N	\N	\N	\N	\N
113	44	37	44	5		\N	\N	null	\N	\N	\N	\N	\N	\N	\N	\N	\N	\N
114	45	37	45	6		\N	\N	null	\N	\N	\N	\N	\N	\N	\N	\N	\N	\N
115	S	38	s	0		\N	\N	null	\N	\N	\N	\N	\N	\N	\N	\N	\N	\N
116	M	38	m	1		\N	\N	null	\N	\N	\N	\N	\N	\N	\N	\N	\N	\N
117	L	38	l	2		\N	\N	null	\N	\N	\N	\N	\N	\N	\N	\N	\N	\N
118	XL	38	xl	3		\N	\N	null	\N	\N	\N	\N	\N	\N	\N	\N	\N	\N
119	XXL	38	xxl	4		\N	\N	null	\N	\N	\N	\N	\N	\N	\N	\N	\N	\N
120	700ml	39	700ml	0		\N	\N	null	\N	\N	\N	\N	\N	\N	\N	\N	\N	\N
121	Orange	40	orange	0		\N	\N	null	\N	\N	\N	\N	\N	\N	\N	\N	\N	\N
122	Banana	40	banana	1		\N	\N	null	\N	\N	\N	\N	\N	\N	\N	\N	\N	\N
123	Bean	40	bean	2		\N	\N	null	\N	\N	\N	\N	\N	\N	\N	\N	\N	\N
124	Carrot	40	carrot	3		\N	\N	null	\N	\N	\N	\N	\N	\N	\N	\N	\N	\N
125	Sprouty	40	sprouty	4		\N	\N	null	\N	\N	\N	\N	\N	\N	\N	\N	\N	\N
126	Salty, like the tears of your enemy	40	salty-like-the-tears-of-your-enemy	5		\N	\N	null	\N	\N	\N	\N	\N	\N	\N	\N	\N	\N
127	Pineapple	40	pineapple	6		\N	\N	null	\N	\N	\N	\N	\N	\N	\N	\N	\N	\N
128	Coconut	40	coconut	7		\N	\N	null	\N	\N	\N	\N	\N	\N	\N	\N	\N	\N
129	Apple	40	apple	8		\N	\N	null	\N	\N	\N	\N	\N	\N	\N	\N	\N	\N
130	EPUB	41	epub	0		\N	\N	null	\N	\N	\N	\N	\N	\N	\N	\N	\N	\N
131	MOBI	41	mobi	1		\N	\N	null	\N	\N	\N	\N	\N	\N	\N	\N	\N	\N
132	Vinyl	42	vinyl	0		\N	\N	null	\N	\N	\N	\N	\N	\N	\N	\N	\N	\N
133	DVD	42	dvd	1		\N	\N	null	\N	\N	\N	\N	\N	\N	\N	\N	\N	\N
134	VHS	42	vhs	2		\N	\N	null	\N	\N	\N	\N	\N	\N	\N	\N	\N	\N
135	iTunes	42	itunes	3		\N	\N	null	\N	\N	\N	\N	\N	\N	\N	\N	\N	\N
136	CD	42	cd	4		\N	\N	null	\N	\N	\N	\N	\N	\N	\N	\N	\N	\N
137	MP3	42	mp3	5		\N	\N	null	\N	\N	\N	\N	\N	\N	\N	\N	\N	\N
138	Digital Audio	43	digital-audio	0		\N	\N	null	\N	\N	\N	\N	\N	\N	\N	\N	\N	\N
140	Wool	36	wool	3		\N	\N	null	\N	\N	\N	\N	\N	\N	\N	\N	\N	\N
141	Saleor Publishing	43	saleor-publishing	1		\N	\N	null	\N	\N	\N	\N	\N	\N	\N	\N	\N	\N
142	Frutello	44	152_4	1		\N	\N	null	\N	\N	4	\N	\N	\N	\N	\N	\N	\N
143	Saleor Loom	44	saleor-loom	2		\N	\N	null	\N	\N	5	\N	\N	\N	\N	\N	\N	\N
144	CozyNest	44	cozzynest	3		\N	\N	null	\N	\N	6	\N	\N	\N	\N	\N	\N	\N
145	137525-51-0	49	169_49	\N		\N	\N	null	\N	\N	\N	\N	137525-51-0	\N	\N	\N	\N	\N
146	Lyophilized Powder	46	169_46	\N		\N	\N	null	\N	\N	\N	\N	Lyophilized Powder	\N	\N	\N	\N	\N
147	1419.53 Da	48	169_48	\N		\N	\N	null	\N	\N	\N	\N	1419.53 Da	\N	\N	\N	\N	\N
148	Synthetic	51	169_51	\N		\N	\N	null	\N	\N	\N	\N	Synthetic	\N	\N	\N	\N	\N
149	≥98% (HPLC)	45	169_45	\N		\N	\N	null	\N	\N	\N	\N	≥98% (HPLC)	\N	\N	\N	\N	\N
150	Tissue Repair & Cytoprotection	53	169_53	\N		\N	\N	null	\N	\N	\N	\N	Tissue Repair & Cytoprotection	\N	\N	\N	\N	\N
151	Gly-Glu-Pro-Pro-Pro-Gly-Lys-Pro-Ala-Asp-Asp-Ala-Gly-Leu-Val	50	169_50	\N		\N	\N	null	\N	\N	\N	\N	Gly-Glu-Pro-Pro-Pro-Gly-Lys-Pro-Ala-Asp-Asp-Ala-Gly-Leu-Val	\N	\N	\N	\N	\N
152	Soluble in sterile water, bacteriostatic water (0.9% benzyl alcohol)	52	169_52	\N		\N	\N	null	\N	\N	\N	\N	Soluble in sterile water, bacteriostatic water (0.9% benzyl alcohol)	\N	\N	\N	\N	\N
153	-20°C, protect from light and moisture. Reconstituted: 2-8°C, use within 14 days.	47	169_47	\N		\N	\N	null	\N	\N	\N	\N	-20°C, protect from light and moisture. Reconstituted: 2-8°C, use within 14 days.	\N	\N	\N	\N	\N
154	910463-68-2	49	165_49	\N		\N	\N	null	\N	\N	\N	\N	910463-68-2	\N	\N	\N	\N	\N
155	Lyophilized Powder	46	165_46	\N		\N	\N	null	\N	\N	\N	\N	Lyophilized Powder	\N	\N	\N	\N	\N
156	4113.58 Da	48	165_48	\N		\N	\N	null	\N	\N	\N	\N	4113.58 Da	\N	\N	\N	\N	\N
157	Synthetic	51	165_51	\N		\N	\N	null	\N	\N	\N	\N	Synthetic	\N	\N	\N	\N	\N
158	≥97% (HPLC)	45	165_45	\N		\N	\N	null	\N	\N	\N	\N	≥97% (HPLC)	\N	\N	\N	\N	\N
159	GLP-1 Receptor Agonist	53	165_53	\N		\N	\N	null	\N	\N	\N	\N	GLP-1 Receptor Agonist	\N	\N	\N	\N	\N
160	Soluble in sterile water, bacteriostatic water, or PBS (pH 7.4)	52	165_52	\N		\N	\N	null	\N	\N	\N	\N	Soluble in sterile water, bacteriostatic water, or PBS (pH 7.4)	\N	\N	\N	\N	\N
161	-20°C, protect from light. Reconstituted: 2-8°C, use within 30 days.	47	165_47	\N		\N	\N	null	\N	\N	\N	\N	-20°C, protect from light. Reconstituted: 2-8°C, use within 30 days.	\N	\N	\N	\N	\N
162	Liquid	46	233_46	\N		\N	\N	null	\N	\N	\N	\N	Liquid	\N	\N	\N	\N	\N
163	Natural	51	233_51	\N		\N	\N	null	\N	\N	\N	\N	Natural	\N	\N	\N	\N	\N
164	Research Supply	53	233_53	\N		\N	\N	null	\N	\N	\N	\N	Research Supply	\N	\N	\N	\N	\N
165	Miscible with water, aqueous solutions	52	233_52	\N		\N	\N	null	\N	\N	\N	\N	Miscible with water, aqueous solutions	\N	\N	\N	\N	\N
166	Room temperature (15-25°C), protect from light. Discard 28 days after first puncture.	47	233_47	\N		\N	\N	null	\N	\N	\N	\N	Room temperature (15-25°C), protect from light. Discard 28 days after first puncture.	\N	\N	\N	\N	\N
\.


--
-- Data for Name: attribute_attributevaluetranslation; Type: TABLE DATA; Schema: public; Owner: saleor
--

COPY public.attribute_attributevaluetranslation (id, language_code, name, attribute_value_id, rich_text, plain_text) FROM stdin;
\.


--
-- Data for Name: attribute_attributevariant; Type: TABLE DATA; Schema: public; Owner: saleor
--

COPY public.attribute_attributevariant (id, attribute_id, product_type_id, sort_order, variant_selection) FROM stdin;
\.


--
-- Data for Name: channel_channel; Type: TABLE DATA; Schema: public; Owner: saleor
--

COPY public.channel_channel (id, name, slug, is_active, currency_code, default_country, allocation_strategy, automatically_confirm_all_new_orders, automatically_fulfill_non_shippable_gift_card, order_mark_as_paid_strategy, default_transaction_flow_strategy, expire_orders_after, delete_expired_orders_after, metadata, private_metadata, allow_unpaid_orders, use_legacy_error_flow_for_checkout, include_draft_order_in_voucher_usage, automatically_complete_fully_paid_checkouts, draft_order_line_price_freeze_period, use_legacy_line_discount_propagation_for_order, checkout_release_funds_cut_off_date, checkout_ttl_before_releasing_funds, release_funds_for_expired_checkouts, automatic_completion_delay, automatic_completion_cut_off_date) FROM stdin;
2	Channel-PLN	channel-pln	t	PLN	PL	prioritize-sorting-order	t	t	transaction_flow	charge	\N	60 days	{}	{}	f	t	f	f	24	t	\N	06:00:00	f	\N	\N
1	United States	us	t	USD	US	prioritize-high-stock	t	t	transaction_flow	authorization	\N	60 days	{}	{}	f	t	f	f	24	t	\N	06:00:00	t	\N	\N
\.


--
-- Data for Name: checkout_checkout; Type: TABLE DATA; Schema: public; Owner: saleor
--

COPY public.checkout_checkout (created_at, last_change, email, token, user_id, billing_address_id, discount_amount, discount_name, note, shipping_address_id, shipping_method_id, voucher_code, translated_discount_name, metadata, private_metadata, currency, country, redirect_url, tracking_code, channel_id, language_code, collection_point_id, price_expiration, shipping_price_gross_amount, shipping_price_net_amount, shipping_tax_rate, subtotal_gross_amount, subtotal_net_amount, total_gross_amount, total_net_amount, tax_exemption, authorize_status, charge_status, last_transaction_modified_at, automatically_refundable, base_subtotal_amount, base_total_amount, tax_error, is_voucher_usage_increased, completing_started_at, external_shipping_method_id, shipping_method_name, undiscounted_base_shipping_price_amount, save_billing_address, save_shipping_address, discount_expiration, last_automatic_completion_attempt, delivery_methods_stale_at, assigned_delivery_id) FROM stdin;
2026-03-06 11:24:35.377378+00	2026-03-06 11:24:35.377389+00	\N	3c3621b9-3ddb-44fe-9fe5-c5d76db3b72f	\N	\N	0.000	\N		\N	\N	\N	\N	\N	\N	USD	US	\N	\N	1	en	\N	2026-03-06 11:24:35.37716+00	0.000	0.000	0.0000	0.000	0.000	0.000	0.000	f	none	none	\N	f	0.000	0.000	\N	f	\N	\N	\N	0.000	t	t	2026-03-06 11:24:35.377164+00	\N	\N	\N
2026-03-06 11:24:35.398607+00	2026-03-06 11:24:35.398612+00	\N	5dda6f30-133d-4a16-b1ce-f8f6f496df67	\N	\N	0.000	\N		\N	\N	\N	\N	\N	\N	USD	US	\N	\N	1	en	\N	2026-03-06 11:24:35.39852+00	0.000	0.000	0.0000	0.000	0.000	0.000	0.000	f	none	none	\N	f	0.000	0.000	\N	f	\N	\N	\N	0.000	t	t	2026-03-06 11:24:35.398522+00	\N	\N	\N
2026-03-06 11:24:35.413953+00	2026-03-06 11:24:35.413959+00	\N	50528422-6e6a-427c-8921-4688cb5f2675	\N	\N	0.000	\N		\N	\N	\N	\N	\N	\N	USD	US	\N	\N	1	en	\N	2026-03-06 11:24:35.413864+00	0.000	0.000	0.0000	0.000	0.000	0.000	0.000	f	none	none	\N	f	0.000	0.000	\N	f	\N	\N	\N	0.000	t	t	2026-03-06 11:24:35.413866+00	\N	\N	\N
2026-03-24 09:16:53.824564+00	2026-03-24 09:16:54.074174+00	\N	28847c02-3242-4adc-bf81-993d7a0a753f	\N	\N	50.000	Happy black day!		\N	\N	\N	\N	\N	\N	USD	US	\N	\N	1	en	\N	2026-03-24 10:16:54.298427+00	0.000	0.000	0.0000	106.000	106.000	106.000	106.000	f	none	none	\N	f	156.000	156.000	\N	f	\N	\N	\N	0.000	t	t	2026-03-24 10:16:54.298427+00	\N	\N	\N
2026-03-11 10:40:08.679708+00	2026-03-11 10:40:17.493033+00	\N	5ea8aa72-787c-49b6-b1ff-25c657caeadb	\N	\N	279.000	Happy maybe day!		\N	\N	\N	\N	\N	\N	USD	US	\N	\N	1	en	\N	2026-03-11 12:44:44.895337+00	0.000	0.000	0.0000	651.000	651.000	651.000	651.000	f	none	none	\N	f	930.000	930.000	\N	f	\N	\N	\N	0.000	t	t	2026-03-11 12:44:44.895337+00	\N	\N	\N
2026-03-24 09:17:27.289335+00	2026-03-24 09:17:27.539843+00	\N	e2dd19f9-1e37-4882-bb7b-54820b28c4d9	\N	\N	50.000	Happy black day!		\N	\N	\N	\N	\N	\N	USD	US	\N	\N	1	en	\N	2026-03-24 10:17:27.772383+00	0.000	0.000	0.0000	106.000	106.000	106.000	106.000	f	none	none	\N	f	156.000	156.000	\N	f	\N	\N	\N	0.000	t	t	2026-03-24 10:17:27.772383+00	\N	\N	\N
2026-03-23 17:39:11.351955+00	2026-03-23 17:39:11.603917+00	\N	af3707aa-6d0a-4c88-810e-d39c8cd297c2	\N	\N	50.000	Happy black day!		\N	\N	\N	\N	\N	\N	USD	US	\N	\N	1	en	\N	2026-03-23 18:39:11.831544+00	0.000	0.000	0.0000	106.000	106.000	106.000	106.000	f	none	none	\N	f	156.000	156.000	\N	f	\N	\N	\N	0.000	t	t	2026-03-23 18:39:11.831544+00	\N	\N	\N
\.


--
-- Data for Name: checkout_checkout_gift_cards; Type: TABLE DATA; Schema: public; Owner: saleor
--

COPY public.checkout_checkout_gift_cards (id, checkout_id, giftcard_id) FROM stdin;
\.


--
-- Data for Name: checkout_checkoutdelivery; Type: TABLE DATA; Schema: public; Owner: saleor
--

COPY public.checkout_checkoutdelivery (id, external_shipping_method_id, built_in_shipping_method_id, name, description, price_amount, currency, maximum_delivery_days, minimum_delivery_days, metadata, private_metadata, active, message, is_external, is_valid, created_at, updated_at, tax_class_id, tax_class_name, tax_class_private_metadata, tax_class_metadata, checkout_id) FROM stdin;
\.


--
-- Data for Name: checkout_checkoutline; Type: TABLE DATA; Schema: public; Owner: saleor
--

COPY public.checkout_checkoutline (quantity, checkout_id, variant_id, price_override, created_at, old_id, id, metadata, private_metadata, currency, tax_rate, total_price_gross_amount, total_price_net_amount, is_gift, undiscounted_unit_price_amount, prior_unit_price_amount) FROM stdin;
2	5ea8aa72-787c-49b6-b1ff-25c657caeadb	526	\N	2026-03-11 10:40:08.881548+00	\N	909cb0d4-53cd-446d-9b83-2275cb5ac6d6	{}	{}	USD	0.0000	651.000	651.000	f	465.000	\N
1	af3707aa-6d0a-4c88-810e-d39c8cd297c2	548	\N	2026-03-23 17:39:11.558894+00	\N	cf02ce0a-3090-48bd-8076-0e96edea8af4	{}	{}	USD	0.0000	106.000	106.000	f	156.000	\N
1	28847c02-3242-4adc-bf81-993d7a0a753f	548	\N	2026-03-24 09:16:54.030967+00	\N	76e1e9c9-ca81-42e2-9980-340aef9277f6	{}	{}	USD	0.0000	106.000	106.000	f	156.000	\N
1	e2dd19f9-1e37-4882-bb7b-54820b28c4d9	548	\N	2026-03-24 09:17:27.500109+00	\N	8e4d6173-a50a-47cb-aa0c-0524a704414d	{}	{}	USD	0.0000	106.000	106.000	f	156.000	\N
\.


--
-- Data for Name: checkout_checkoutmetadata; Type: TABLE DATA; Schema: public; Owner: saleor
--

COPY public.checkout_checkoutmetadata (id, private_metadata, metadata, checkout_id) FROM stdin;
1	{}	{}	5ea8aa72-787c-49b6-b1ff-25c657caeadb
2	{}	{}	af3707aa-6d0a-4c88-810e-d39c8cd297c2
3	{}	{}	28847c02-3242-4adc-bf81-993d7a0a753f
4	{}	{}	e2dd19f9-1e37-4882-bb7b-54820b28c4d9
\.


--
-- Data for Name: core_eventdelivery; Type: TABLE DATA; Schema: public; Owner: saleor
--

COPY public.core_eventdelivery (id, created_at, status, event_type, payload_id, webhook_id) FROM stdin;
\.


--
-- Data for Name: core_eventdeliveryattempt; Type: TABLE DATA; Schema: public; Owner: saleor
--

COPY public.core_eventdeliveryattempt (id, created_at, task_id, duration, response, response_headers, request_headers, status, delivery_id, response_status_code) FROM stdin;
\.


--
-- Data for Name: core_eventpayload; Type: TABLE DATA; Schema: public; Owner: saleor
--

COPY public.core_eventpayload (id, payload, created_at, payload_file) FROM stdin;
\.


--
-- Data for Name: csv_exportevent; Type: TABLE DATA; Schema: public; Owner: saleor
--

COPY public.csv_exportevent (id, date, type, parameters, app_id, export_file_id, user_id) FROM stdin;
\.


--
-- Data for Name: csv_exportfile; Type: TABLE DATA; Schema: public; Owner: saleor
--

COPY public.csv_exportfile (id, status, created_at, updated_at, content_file, app_id, user_id, message) FROM stdin;
\.


--
-- Data for Name: discount_checkoutdiscount; Type: TABLE DATA; Schema: public; Owner: saleor
--

COPY public.discount_checkoutdiscount (id, created_at, type, value_type, value, amount_value, currency, name, translated_name, reason, voucher_code, checkout_id, promotion_rule_id, voucher_id) FROM stdin;
3bd98a52-1238-4c96-8c51-8c949be42fd7	2026-03-11 10:40:08.924262+00	order_promotion	percentage	30.000	279.000	USD	Happy maybe day!	\N	Promotion: UHJvbW90aW9uOjFmMDI3ZjAyLWI4ZjAtNDk1Yy05NzA5LWI3Yjk3MzE4ZDgzMA==	\N	5ea8aa72-787c-49b6-b1ff-25c657caeadb	5af43575-f787-4bd7-89ce-5ec53e10e7c6	\N
3003ab53-c68f-480a-b8da-876f6b604f69	2026-03-23 17:39:11.600892+00	order_promotion	fixed	50.000	50.000	USD	Happy black day!	\N	Promotion: UHJvbW90aW9uOmU4OGU5M2U5LTNjMzQtNDA0My04OTE1LTE0OTYyZTZmYjIwNA==	\N	af3707aa-6d0a-4c88-810e-d39c8cd297c2	817f6bc8-ffc3-4cd7-9880-1ab14ba15909	\N
403c2c5e-d35b-4282-aaa5-2700ac7f03b7	2026-03-24 09:16:54.071673+00	order_promotion	fixed	50.000	50.000	USD	Happy black day!	\N	Promotion: UHJvbW90aW9uOmU4OGU5M2U5LTNjMzQtNDA0My04OTE1LTE0OTYyZTZmYjIwNA==	\N	28847c02-3242-4adc-bf81-993d7a0a753f	817f6bc8-ffc3-4cd7-9880-1ab14ba15909	\N
27d35e30-61fc-46a1-a381-33f0c38390a0	2026-03-24 09:17:27.537675+00	order_promotion	fixed	50.000	50.000	USD	Happy black day!	\N	Promotion: UHJvbW90aW9uOmU4OGU5M2U5LTNjMzQtNDA0My04OTE1LTE0OTYyZTZmYjIwNA==	\N	e2dd19f9-1e37-4882-bb7b-54820b28c4d9	817f6bc8-ffc3-4cd7-9880-1ab14ba15909	\N
\.


--
-- Data for Name: discount_checkoutlinediscount; Type: TABLE DATA; Schema: public; Owner: saleor
--

COPY public.discount_checkoutlinediscount (id, created_at, type, value_type, value, amount_value, currency, name, translated_name, reason, line_id, sale_id, voucher_id, promotion_rule_id, voucher_code, unique_type) FROM stdin;
\.


--
-- Data for Name: discount_orderdiscount; Type: TABLE DATA; Schema: public; Owner: saleor
--

COPY public.discount_orderdiscount (type, value_type, value, amount_value, currency, name, translated_name, reason, order_id, created_at, old_id, id, sale_id, voucher_id, promotion_rule_id, voucher_code) FROM stdin;
\.


--
-- Data for Name: discount_orderlinediscount; Type: TABLE DATA; Schema: public; Owner: saleor
--

COPY public.discount_orderlinediscount (id, created_at, type, value_type, value, amount_value, currency, name, translated_name, reason, line_id, promotion_rule_id, sale_id, voucher_id, voucher_code, unique_type) FROM stdin;
\.


--
-- Data for Name: discount_promotion; Type: TABLE DATA; Schema: public; Owner: saleor
--

COPY public.discount_promotion (id, private_metadata, metadata, name, description, old_sale_id, start_date, end_date, created_at, updated_at, last_notification_scheduled_at, type) FROM stdin;
e88e93e9-3c34-4043-8915-14962e6fb204	{}	{}	Happy black day!	null	\N	2026-03-07 11:24:28.708703+00	\N	2026-03-06 11:24:28.70884+00	2026-03-06 11:24:28.708843+00	\N	order
1f027f02-b8f0-495c-9709-b7b97318d830	{}	{}	Happy maybe day!	null	\N	2026-03-07 11:24:28.713733+00	\N	2026-03-06 11:24:28.71391+00	2026-03-06 11:24:28.713913+00	\N	order
a9abdbd5-4082-410f-a386-3fbdcec3fec9	{}	{}	Happy risk day!	null	\N	2026-03-06 11:24:28.585034+00	\N	2026-03-06 11:24:28.585227+00	2026-03-06 11:24:28.58523+00	2026-03-06 16:05:57.905443+00	catalogue
3695e1a9-1ae1-4c90-9528-7cd281354942	{}	{}	Happy court day!	null	\N	2026-03-06 11:24:28.593484+00	\N	2026-03-06 11:24:28.593571+00	2026-03-06 11:24:28.593574+00	2026-03-06 16:05:57.905443+00	catalogue
\.


--
-- Data for Name: discount_promotionevent; Type: TABLE DATA; Schema: public; Owner: saleor
--

COPY public.discount_promotionevent (id, date, type, parameters, app_id, promotion_id, user_id) FROM stdin;
\.


--
-- Data for Name: discount_promotionrule; Type: TABLE DATA; Schema: public; Owner: saleor
--

COPY public.discount_promotionrule (id, name, description, catalogue_predicate, reward_value_type, reward_value, promotion_id, old_channel_listing_id, order_predicate, reward_type, variants_dirty) FROM stdin;
b50cc63a-f90b-45a6-9a9b-ef360bc7ba1e	\N	null	{}	percentage	20.000	e88e93e9-3c34-4043-8915-14962e6fb204	\N	{"discountedObjectPredicate": {"baseSubtotalPrice": {"range": {"gte": "200"}}}}	subtotal_discount	f
817f6bc8-ffc3-4cd7-9880-1ab14ba15909	\N	null	{}	fixed	50.000	e88e93e9-3c34-4043-8915-14962e6fb204	\N	{"discountedObjectPredicate": {"baseSubtotalPrice": {"range": {"gte": "100"}}}}	subtotal_discount	f
5af43575-f787-4bd7-89ce-5ec53e10e7c6	\N	null	{}	percentage	30.000	1f027f02-b8f0-495c-9709-b7b97318d830	\N	{"discountedObjectPredicate": {"baseSubtotalPrice": {"range": {"gte": "200"}}}}	subtotal_discount	f
6fb1b8eb-bba9-4d66-b168-2ae7bfed0c6b	\N	null	{}	fixed	10.000	1f027f02-b8f0-495c-9709-b7b97318d830	\N	{"discountedObjectPredicate": {"baseSubtotalPrice": {"range": {"gte": "100"}}}}	subtotal_discount	f
a71a1014-b32d-4f41-b570-c9aa3914f6a7	\N	null	{"productPredicate": {"ids": ["UHJvZHVjdDoxNDU=", "UHJvZHVjdDoxMzE="]}}	percentage	30.000	a9abdbd5-4082-410f-a386-3fbdcec3fec9	\N	{}	\N	f
a0853bcd-463a-4b0a-a103-be87516d4d79	\N	null	{"variantPredicate": {"ids": ["UHJvZHVjdFZhcmlhbnQ6Mzgw", "UHJvZHVjdFZhcmlhbnQ6Mzg1"]}}	percentage	50.000	a9abdbd5-4082-410f-a386-3fbdcec3fec9	\N	{}	\N	f
30959631-7324-4e17-a50f-c0752ed65947	\N	null	{"productPredicate": {"ids": ["UHJvZHVjdDoxMjk=", "UHJvZHVjdDoxMjg="]}}	percentage	10.000	3695e1a9-1ae1-4c90-9528-7cd281354942	\N	{}	\N	f
967c5e57-df8f-479f-ad98-ba4135aab3f7	\N	null	{"variantPredicate": {"ids": ["UHJvZHVjdFZhcmlhbnQ6Mzgz", "UHJvZHVjdFZhcmlhbnQ6Mzcz"]}}	percentage	40.000	3695e1a9-1ae1-4c90-9528-7cd281354942	\N	{}	\N	f
\.


--
-- Data for Name: discount_promotionrule_channels; Type: TABLE DATA; Schema: public; Owner: saleor
--

COPY public.discount_promotionrule_channels (id, promotionrule_id, channel_id) FROM stdin;
1	a71a1014-b32d-4f41-b570-c9aa3914f6a7	1
2	a71a1014-b32d-4f41-b570-c9aa3914f6a7	2
3	a0853bcd-463a-4b0a-a103-be87516d4d79	1
4	a0853bcd-463a-4b0a-a103-be87516d4d79	2
5	30959631-7324-4e17-a50f-c0752ed65947	1
6	30959631-7324-4e17-a50f-c0752ed65947	2
7	967c5e57-df8f-479f-ad98-ba4135aab3f7	1
8	967c5e57-df8f-479f-ad98-ba4135aab3f7	2
9	b50cc63a-f90b-45a6-9a9b-ef360bc7ba1e	1
10	b50cc63a-f90b-45a6-9a9b-ef360bc7ba1e	2
11	817f6bc8-ffc3-4cd7-9880-1ab14ba15909	1
12	817f6bc8-ffc3-4cd7-9880-1ab14ba15909	2
13	5af43575-f787-4bd7-89ce-5ec53e10e7c6	1
14	5af43575-f787-4bd7-89ce-5ec53e10e7c6	2
15	6fb1b8eb-bba9-4d66-b168-2ae7bfed0c6b	1
16	6fb1b8eb-bba9-4d66-b168-2ae7bfed0c6b	2
\.


--
-- Data for Name: discount_promotionrule_gifts; Type: TABLE DATA; Schema: public; Owner: saleor
--

COPY public.discount_promotionrule_gifts (id, promotionrule_id, productvariant_id) FROM stdin;
\.


--
-- Data for Name: discount_promotionrule_variants; Type: TABLE DATA; Schema: public; Owner: saleor
--

COPY public.discount_promotionrule_variants (id, promotionrule_id, productvariant_id) FROM stdin;
\.


--
-- Data for Name: discount_promotionruletranslation; Type: TABLE DATA; Schema: public; Owner: saleor
--

COPY public.discount_promotionruletranslation (id, language_code, name, description, promotion_rule_id) FROM stdin;
\.


--
-- Data for Name: discount_promotiontranslation; Type: TABLE DATA; Schema: public; Owner: saleor
--

COPY public.discount_promotiontranslation (id, language_code, name, description, promotion_id) FROM stdin;
\.


--
-- Data for Name: discount_voucher; Type: TABLE DATA; Schema: public; Owner: saleor
--

COPY public.discount_voucher (id, type, name, usage_limit, start_date, end_date, discount_value_type, apply_once_per_order, countries, min_checkout_items_quantity, apply_once_per_customer, only_for_staff, metadata, private_metadata, single_use) FROM stdin;
1	shipping	Free shipping	\N	2026-03-06 11:24:28.719745+00	\N	percentage	f		\N	f	f	{}	{}	f
2	entire_order	Big order discount	\N	2026-03-06 11:24:28.727963+00	\N	fixed	f		\N	f	f	{}	{}	f
3	entire_order	Percentage order discount	\N	2026-03-06 11:24:28.73362+00	\N	percentage	f		\N	f	f	{}	{}	f
\.


--
-- Data for Name: discount_voucher_categories; Type: TABLE DATA; Schema: public; Owner: saleor
--

COPY public.discount_voucher_categories (id, voucher_id, category_id) FROM stdin;
\.


--
-- Data for Name: discount_voucher_collections; Type: TABLE DATA; Schema: public; Owner: saleor
--

COPY public.discount_voucher_collections (id, voucher_id, collection_id) FROM stdin;
\.


--
-- Data for Name: discount_voucher_products; Type: TABLE DATA; Schema: public; Owner: saleor
--

COPY public.discount_voucher_products (id, voucher_id, product_id) FROM stdin;
\.


--
-- Data for Name: discount_voucher_variants; Type: TABLE DATA; Schema: public; Owner: saleor
--

COPY public.discount_voucher_variants (id, voucher_id, productvariant_id) FROM stdin;
\.


--
-- Data for Name: discount_voucherchannellisting; Type: TABLE DATA; Schema: public; Owner: saleor
--

COPY public.discount_voucherchannellisting (id, discount_value, currency, min_spent_amount, channel_id, voucher_id) FROM stdin;
1	100.000	PLN	\N	2	1
2	100.000	USD	\N	1	1
3	100.000	PLN	200.000	2	2
4	25.000	USD	200.000	1	2
5	5.000	PLN	\N	2	3
6	5.000	USD	\N	1	3
\.


--
-- Data for Name: discount_vouchercode; Type: TABLE DATA; Schema: public; Owner: saleor
--

COPY public.discount_vouchercode (id, code, used, is_active, created_at, voucher_id) FROM stdin;
e420810e-b16f-4ba0-a9d8-a53fe7b0fe16	FREESHIPPING	0	t	2026-03-06 11:24:28.722314+00	1
65ce8260-c343-446b-87ea-c2e0542f0c9f	DISCOUNT	0	t	2026-03-06 11:24:28.729587+00	2
064a1460-7377-402a-a507-4b6453702648	VCO9KV98LC	0	t	2026-03-06 11:24:28.73484+00	3
\.


--
-- Data for Name: discount_vouchercustomer; Type: TABLE DATA; Schema: public; Owner: saleor
--

COPY public.discount_vouchercustomer (id, customer_email, voucher_code_id) FROM stdin;
\.


--
-- Data for Name: discount_vouchertranslation; Type: TABLE DATA; Schema: public; Owner: saleor
--

COPY public.discount_vouchertranslation (id, language_code, name, voucher_id) FROM stdin;
\.


--
-- Data for Name: django_celery_beat_clockedschedule; Type: TABLE DATA; Schema: public; Owner: saleor
--

COPY public.django_celery_beat_clockedschedule (id, clocked_time) FROM stdin;
\.


--
-- Data for Name: django_celery_beat_crontabschedule; Type: TABLE DATA; Schema: public; Owner: saleor
--

COPY public.django_celery_beat_crontabschedule (id, minute, hour, day_of_week, day_of_month, month_of_year, timezone) FROM stdin;
\.


--
-- Data for Name: django_celery_beat_intervalschedule; Type: TABLE DATA; Schema: public; Owner: saleor
--

COPY public.django_celery_beat_intervalschedule (id, every, period) FROM stdin;
\.


--
-- Data for Name: django_celery_beat_periodictask; Type: TABLE DATA; Schema: public; Owner: saleor
--

COPY public.django_celery_beat_periodictask (id, name, task, args, kwargs, queue, exchange, routing_key, expires, enabled, last_run_at, total_run_count, date_changed, description, crontab_id, interval_id, solar_id, one_off, start_time, priority, headers, clocked_id, expire_seconds) FROM stdin;
\.


--
-- Data for Name: django_celery_beat_periodictasks; Type: TABLE DATA; Schema: public; Owner: saleor
--

COPY public.django_celery_beat_periodictasks (ident, last_update) FROM stdin;
\.


--
-- Data for Name: django_celery_beat_solarschedule; Type: TABLE DATA; Schema: public; Owner: saleor
--

COPY public.django_celery_beat_solarschedule (id, event, latitude, longitude) FROM stdin;
\.


--
-- Data for Name: django_content_type; Type: TABLE DATA; Schema: public; Owner: saleor
--

COPY public.django_content_type (id, app_label, model) FROM stdin;
1	plugins	pluginconfiguration
2	discount	sale
3	discount	voucher
4	discount	vouchertranslation
5	discount	saletranslation
6	discount	vouchercustomer
7	discount	salechannellisting
8	discount	voucherchannellisting
9	discount	orderdiscount
10	discount	checkoutlinediscount
11	discount	promotion
12	discount	promotionrule
13	discount	orderlinediscount
14	discount	promotiontranslation
15	discount	promotionruletranslation
16	discount	promotionevent
17	contenttypes	contenttype
18	sites	site
19	django_celery_beat	crontabschedule
20	django_celery_beat	intervalschedule
21	django_celery_beat	periodictask
22	django_celery_beat	periodictasks
23	django_celery_beat	solarschedule
24	django_celery_beat	clockedschedule
25	permission	permission
26	plugins	emailtemplate
27	account	user
28	account	address
29	account	customernote
30	account	customerevent
31	account	staffnotificationrecipient
32	account	group
33	discount	vouchercode
34	discount	checkoutdiscount
35	discount	promotionrule_variants
36	giftcard	giftcard
37	giftcard	giftcardevent
38	giftcard	giftcardtag
39	product	category
40	product	product
41	product	productvariant
42	product	producttype
43	product	collectionproduct
44	product	collection
45	product	categorytranslation
46	product	collectiontranslation
47	product	producttranslation
48	product	productvarianttranslation
49	product	digitalcontent
50	product	digitalcontenturl
51	product	productvariantchannellisting
52	product	productchannellisting
53	product	collectionchannellisting
54	product	productmedia
55	product	variantmedia
56	product	variantchannellistingpromotionrule
57	attribute	assignedvariantattribute
58	attribute	attribute
59	attribute	attributevalue
60	attribute	attributevariant
61	attribute	attributeproduct
62	attribute	attributepage
63	attribute	attributevaluetranslation
64	attribute	attributetranslation
65	attribute	assignedproductattributevalue
66	attribute	assignedvariantattributevalue
67	attribute	assignedpageattributevalue
68	channel	channel
69	checkout	checkout
70	checkout	checkoutline
71	checkout	checkoutmetadata
72	checkout	checkoutdelivery
73	core	eventdelivery
74	core	eventpayload
75	core	eventdeliveryattempt
76	csv	exportfile
77	csv	exportevent
78	menu	menu
79	menu	menuitem
80	menu	menuitemtranslation
81	order	order
82	order	orderline
83	order	fulfillment
84	order	fulfillmentline
85	order	orderevent
86	order	ordergrantedrefund
87	order	ordergrantedrefundline
88	invoice	invoice
89	invoice	invoiceevent
90	shipping	shippingmethod
91	shipping	shippingmethodtranslation
92	shipping	shippingzone
93	shipping	shippingmethodchannellisting
94	shipping	shippingmethodpostalcoderule
95	site	sitesettings
96	site	sitesettingstranslation
97	page	page
98	page	pagetranslation
99	page	pagetype
100	payment	transaction
101	payment	payment
102	payment	transactionitem
103	payment	transactionevent
104	tax	taxclass
105	tax	taxconfiguration
106	tax	taxclasscountryrate
107	tax	taxconfigurationpercountry
108	warehouse	warehouse
109	warehouse	stock
110	warehouse	allocation
111	warehouse	preorderallocation
112	warehouse	reservation
113	warehouse	preorderreservation
114	warehouse	channelwarehouse
115	webhook	webhook
116	webhook	webhookevent
117	app	app
118	app	apptoken
119	app	appinstallation
120	app	appextension
121	app	appproblem
122	thumbnail	thumbnail
123	schedulers	customschedule
124	schedulers	customperiodictask
\.


--
-- Data for Name: django_migrations; Type: TABLE DATA; Schema: public; Owner: saleor
--

COPY public.django_migrations (id, app, name, applied) FROM stdin;
1	sites	0001_initial	2026-03-06 11:22:33.205602+00
2	sites	0002_alter_domain_unique	2026-03-06 11:22:33.211147+00
3	site	0001_initial	2026-03-06 11:22:33.217229+00
4	site	0002_add_default_data	2026-03-06 11:22:33.220695+00
5	site	0003_sitesettings_description	2026-03-06 11:22:33.224384+00
6	site	0004_auto_20170221_0426	2026-03-06 11:22:33.233982+00
7	site	0005_auto_20170906_0556	2026-03-06 11:22:33.235734+00
8	site	0006_auto_20171025_0454	2026-03-06 11:22:33.239554+00
9	site	0007_auto_20171027_0856	2026-03-06 11:22:33.245385+00
10	site	0008_auto_20171027_0856	2026-03-06 11:22:33.259846+00
11	site	0009_auto_20171109_0849	2026-03-06 11:22:33.262863+00
12	site	0010_auto_20171113_0958	2026-03-06 11:22:33.267731+00
13	site	0011_auto_20180108_0814	2026-03-06 11:22:33.274026+00
14	product	0001_initial	2026-03-06 11:22:33.369023+00
15	product	0002_auto_20150722_0545	2026-03-06 11:22:33.374679+00
16	product	0003_auto_20150820_2016	2026-03-06 11:22:33.379516+00
17	product	0003_auto_20150820_1955	2026-03-06 11:22:33.384446+00
18	product	0004_merge	2026-03-06 11:22:33.385452+00
19	product	0005_auto_20150825_1433	2026-03-06 11:22:33.406656+00
20	product	0006_product_updated_at	2026-03-06 11:22:33.413244+00
21	product	0007_auto_20160112_1025	2026-03-06 11:22:33.423119+00
22	product	0008_auto_20160114_0733	2026-03-06 11:22:33.436815+00
23	product	0009_discount_categories	2026-03-06 11:22:33.4514+00
24	product	0010_auto_20160129_0826	2026-03-06 11:22:33.468722+00
25	product	0011_stock_quantity_allocated	2026-03-06 11:22:33.473494+00
26	product	0012_auto_20160218_0812	2026-03-06 11:22:33.492737+00
27	product	0013_auto_20161207_0555	2026-03-06 11:22:33.504744+00
28	product	0014_auto_20161207_0840	2026-03-06 11:22:33.511066+00
29	product	0015_transfer_locations	2026-03-06 11:22:33.519572+00
30	product	0016_auto_20161207_0843	2026-03-06 11:22:33.532674+00
31	product	0017_remove_stock_location	2026-03-06 11:22:33.538859+00
32	product	0018_auto_20161207_0844	2026-03-06 11:22:33.552111+00
33	product	0019_auto_20161212_0230	2026-03-06 11:22:33.584394+00
34	product	0020_attribute_data_to_class	2026-03-06 11:22:33.59239+00
35	product	0021_add_hstore_extension	2026-03-06 11:22:33.607739+00
36	product	0022_auto_20161212_0301	2026-03-06 11:22:33.630366+00
37	product	0023_auto_20161211_1912	2026-03-06 11:22:33.637073+00
38	product	0024_migrate_json_data	2026-03-06 11:22:33.655925+00
39	product	0025_auto_20161219_0517	2026-03-06 11:22:33.660124+00
40	product	0026_auto_20161230_0347	2026-03-06 11:22:33.664031+00
41	product	0027_auto_20170113_0435	2026-03-06 11:22:33.679782+00
42	product	0013_auto_20161130_0608	2026-03-06 11:22:33.682885+00
43	product	0014_remove_productvariant_attributes	2026-03-06 11:22:33.688946+00
44	product	0015_productvariant_attributes	2026-03-06 11:22:33.697388+00
45	product	0016_auto_20161204_0311	2026-03-06 11:22:33.703+00
46	product	0017_attributechoicevalue_slug	2026-03-06 11:22:33.710772+00
47	product	0018_auto_20161212_0725	2026-03-06 11:22:33.718862+00
48	product	0026_merge_20161221_0845	2026-03-06 11:22:33.719729+00
49	product	0028_merge_20170116_1016	2026-03-06 11:22:33.720451+00
50	product	0029_product_is_featured	2026-03-06 11:22:33.726713+00
51	product	0030_auto_20170206_0407	2026-03-06 11:22:33.787384+00
52	product	0031_auto_20170206_0601	2026-03-06 11:22:33.801297+00
53	product	0032_auto_20170216_0438	2026-03-06 11:22:33.807876+00
54	product	0033_auto_20170227_0757	2026-03-06 11:22:33.8278+00
55	product	0034_product_is_published	2026-03-06 11:22:33.837321+00
56	product	0035_auto_20170919_0846	2026-03-06 11:22:33.846227+00
57	product	0036_auto_20171115_0608	2026-03-06 11:22:33.851121+00
58	product	0037_auto_20171124_0847	2026-03-06 11:22:33.858903+00
59	product	0038_auto_20171129_0616	2026-03-06 11:22:33.87702+00
60	product	0037_auto_20171129_1004	2026-03-06 11:22:33.899158+00
61	product	0039_merge_20171130_0727	2026-03-06 11:22:33.900933+00
62	product	0040_auto_20171205_0428	2026-03-06 11:22:33.908614+00
63	product	0041_auto_20171205_0546	2026-03-06 11:22:33.914352+00
64	product	0042_auto_20171206_0501	2026-03-06 11:22:33.92032+00
65	product	0043_auto_20171207_0839	2026-03-06 11:22:33.926243+00
66	product	0044_auto_20180108_0814	2026-03-06 11:22:34.093591+00
67	product	0045_md_to_html	2026-03-06 11:22:34.101945+00
68	product	0046_product_category	2026-03-06 11:22:34.118444+00
69	product	0047_auto_20180117_0359	2026-03-06 11:22:34.143489+00
70	product	0048_product_class_to_type	2026-03-06 11:22:34.19647+00
71	product	0049_collection	2026-03-06 11:22:34.238494+00
72	product	0050_auto_20180131_0746	2026-03-06 11:22:34.245665+00
73	product	0051_auto_20180202_1106	2026-03-06 11:22:34.251154+00
74	product	0052_slug_field_length	2026-03-06 11:22:34.269714+00
75	page	0001_initial	2026-03-06 11:22:34.278866+00
76	menu	0001_initial	2026-03-06 11:22:34.312859+00
77	menu	0002_auto_20180319_0412	2026-03-06 11:22:34.326353+00
78	site	0012_auto_20180405_0757	2026-03-06 11:22:34.352187+00
79	menu	0003_auto_20180405_0854	2026-03-06 11:22:34.369009+00
80	site	0013_assign_default_menus	2026-03-06 11:22:34.388672+00
81	site	0014_handle_taxes	2026-03-06 11:22:34.400364+00
82	site	0015_sitesettings_handle_stock_by_default	2026-03-06 11:22:34.404228+00
83	site	0016_auto_20180719_0520	2026-03-06 11:22:34.406856+00
84	site	0017_auto_20180803_0528	2026-03-06 11:22:34.427248+00
85	product	0053_product_seo_description	2026-03-06 11:22:34.433974+00
86	product	0053_auto_20180305_1002	2026-03-06 11:22:34.442321+00
87	product	0054_merge_20180320_1108	2026-03-06 11:22:34.443125+00
88	product	0055_auto_20180321_0417	2026-03-06 11:22:34.468327+00
89	product	0056_auto_20180330_0321	2026-03-06 11:22:34.48389+00
90	product	0057_auto_20180403_0852	2026-03-06 11:22:34.492658+00
91	shipping	0001_initial	2026-03-06 11:22:34.506348+00
92	shipping	0002_auto_20160906_0741	2026-03-06 11:22:34.512605+00
93	shipping	0003_auto_20170116_0700	2026-03-06 11:22:34.515195+00
94	shipping	0004_auto_20170206_0407	2026-03-06 11:22:34.524619+00
95	shipping	0005_auto_20170906_0556	2026-03-06 11:22:34.527046+00
96	shipping	0006_auto_20171109_0908	2026-03-06 11:22:34.528791+00
97	shipping	0007_auto_20171129_1004	2026-03-06 11:22:34.531484+00
98	shipping	0008_auto_20180108_0814	2026-03-06 11:22:34.538803+00
99	contenttypes	0001_initial	2026-03-06 11:22:34.544778+00
100	contenttypes	0002_remove_content_type_name	2026-03-06 11:22:34.557735+00
101	auth	0001_initial	2026-03-06 11:22:34.580328+00
102	auth	0002_alter_permission_name_max_length	2026-03-06 11:22:34.585777+00
103	auth	0003_alter_user_email_max_length	2026-03-06 11:22:34.589714+00
104	auth	0004_alter_user_username_opts	2026-03-06 11:22:34.595135+00
105	auth	0005_alter_user_last_login_null	2026-03-06 11:22:34.601009+00
106	auth	0006_require_contenttypes_0002	2026-03-06 11:22:34.602408+00
107	userprofile	0001_initial	2026-03-06 11:22:34.665333+00
108	order	0001_initial	2026-03-06 11:22:34.754452+00
109	order	0002_auto_20150820_1955	2026-03-06 11:22:34.762706+00
110	order	0003_auto_20150825_1433	2026-03-06 11:22:34.774129+00
111	order	0004_order_total	2026-03-06 11:22:34.781239+00
112	order	0005_deliverygroup_last_updated	2026-03-06 11:22:34.788546+00
113	order	0006_deliverygroup_shipping_method	2026-03-06 11:22:34.802421+00
114	order	0007_deliverygroup_tracking_number	2026-03-06 11:22:34.81276+00
115	order	0008_auto_20151026_0820	2026-03-06 11:22:34.840518+00
116	order	0009_auto_20151201_0820	2026-03-06 11:22:34.868132+00
117	order	0010_auto_20160119_0541	2026-03-06 11:22:34.891784+00
118	discount	0001_initial	2026-03-06 11:22:34.925165+00
119	discount	0002_voucher	2026-03-06 11:22:34.961039+00
120	discount	0003_auto_20160207_0534	2026-03-06 11:22:35.034355+00
121	order	0011_auto_20160207_0534	2026-03-06 11:22:35.069392+00
122	order	0012_auto_20160216_1032	2026-03-06 11:22:35.091716+00
123	order	0013_auto_20160906_0741	2026-03-06 11:22:35.137185+00
124	order	0014_auto_20161028_0955	2026-03-06 11:22:35.148171+00
125	order	0015_auto_20170206_0407	2026-03-06 11:22:35.665532+00
126	order	0016_order_language_code	2026-03-06 11:22:35.676201+00
127	order	0017_auto_20170906_0556	2026-03-06 11:22:35.683671+00
128	order	0018_auto_20170919_0839	2026-03-06 11:22:35.69223+00
129	order	0019_auto_20171109_1423	2026-03-06 11:22:35.776298+00
130	order	0020_auto_20171123_0609	2026-03-06 11:22:35.806663+00
131	order	0021_auto_20171129_1004	2026-03-06 11:22:35.849531+00
132	order	0022_auto_20171205_0428	2026-03-06 11:22:35.870252+00
133	order	0023_auto_20171206_0506	2026-03-06 11:22:35.898314+00
134	order	0024_remove_order_status	2026-03-06 11:22:35.910044+00
135	order	0025_auto_20171214_1015	2026-03-06 11:22:35.927601+00
136	order	0026_auto_20171218_0428	2026-03-06 11:22:35.97081+00
137	order	0027_auto_20180108_0814	2026-03-06 11:22:36.552904+00
138	order	0028_status_fsm	2026-03-06 11:22:36.56124+00
139	order	0029_auto_20180111_0845	2026-03-06 11:22:36.58922+00
140	order	0030_auto_20180118_0605	2026-03-06 11:22:36.616436+00
141	order	0031_auto_20180119_0405	2026-03-06 11:22:36.654723+00
142	order	0032_orderline_is_shipping_required	2026-03-06 11:22:36.687191+00
143	order	0033_auto_20180123_0832	2026-03-06 11:22:36.697141+00
144	order	0034_auto_20180221_1056	2026-03-06 11:22:36.729472+00
145	order	0035_auto_20180221_1057	2026-03-06 11:22:36.751848+00
146	order	0036_remove_order_total_tax	2026-03-06 11:22:36.762497+00
147	order	0037_auto_20180228_0450	2026-03-06 11:22:36.802518+00
148	order	0038_auto_20180228_0451	2026-03-06 11:22:36.823781+00
149	order	0039_auto_20180312_1203	2026-03-06 11:22:37.075835+00
150	order	0040_auto_20180210_0422	2026-03-06 11:22:37.226522+00
151	order	0041_auto_20180222_0458	2026-03-06 11:22:37.268553+00
152	order	0042_auto_20180227_0436	2026-03-06 11:22:37.344258+00
153	order	0043_auto_20180322_0655	2026-03-06 11:22:37.36247+00
154	order	0044_auto_20180326_1055	2026-03-06 11:22:37.469662+00
155	order	0045_auto_20180329_0142	2026-03-06 11:22:37.590982+00
156	product	0058_auto_20180329_0142	2026-03-06 11:22:37.679241+00
157	product	0059_generate_variant_name_from_attrs	2026-03-06 11:22:37.701695+00
158	product	0060_collection_is_published	2026-03-06 11:22:37.711687+00
159	product	0061_product_taxes	2026-03-06 11:22:37.73578+00
160	product	0062_sortable_models	2026-03-06 11:22:37.821114+00
161	product	0063_required_attr_value_order	2026-03-06 11:22:37.826901+00
162	product	0064_productvariant_handle_stock	2026-03-06 11:22:37.83653+00
163	product	0065_auto_20180719_0520	2026-03-06 11:22:37.848267+00
164	product	0066_auto_20180803_0528	2026-03-06 11:22:38.039215+00
165	site	0018_sitesettings_homepage_collection	2026-03-06 11:22:38.084876+00
166	site	0019_sitesettings_default_weight_unit	2026-03-06 11:22:38.092799+00
167	site	0020_auto_20190301_0336	2026-03-06 11:22:38.100096+00
168	site	0021_auto_20190326_0521	2026-03-06 11:22:38.122401+00
169	order	0046_order_line_taxes	2026-03-06 11:22:38.14559+00
170	order	0047_order_line_name_length	2026-03-06 11:22:38.157634+00
171	order	0048_auto_20180629_1055	2026-03-06 11:22:38.188564+00
172	order	0049_auto_20180719_0520	2026-03-06 11:22:38.433162+00
173	order	0050_auto_20180803_0528	2026-03-06 11:22:38.461566+00
174	order	0050_auto_20180803_0337	2026-03-06 11:22:38.484074+00
175	order	0051_merge_20180807_0704	2026-03-06 11:22:38.485059+00
176	order	0052_auto_20180822_0720	2026-03-06 11:22:38.52107+00
177	order	0053_orderevent	2026-03-06 11:22:38.550848+00
178	order	0054_move_data_to_order_events	2026-03-06 11:22:38.594805+00
179	order	0055_remove_order_note_order_history_entry	2026-03-06 11:22:38.715268+00
180	order	0056_auto_20180911_1541	2026-03-06 11:22:38.727208+00
181	order	0057_orderevent_parameters_new	2026-03-06 11:22:38.762439+00
182	order	0058_remove_orderevent_parameters	2026-03-06 11:22:38.775551+00
183	order	0059_auto_20180913_0841	2026-03-06 11:22:38.786683+00
184	order	0060_auto_20180919_0731	2026-03-06 11:22:38.797062+00
185	order	0061_auto_20180920_0859	2026-03-06 11:22:38.806723+00
186	order	0062_auto_20180921_0949	2026-03-06 11:22:38.834113+00
187	order	0063_auto_20180926_0446	2026-03-06 11:22:38.844528+00
188	order	0064_auto_20181016_0819	2026-03-06 11:22:38.866059+00
189	cart	0001_initial	2026-03-06 11:22:38.946898+00
190	cart	0002_auto_20161014_1221	2026-03-06 11:22:38.971868+00
191	cart	fix_empty_data_in_lines	2026-03-06 11:22:38.999171+00
192	cart	0001_auto_20170113_0435	2026-03-06 11:22:39.035078+00
193	cart	0002_auto_20170206_0407	2026-03-06 11:22:39.130282+00
194	cart	0003_auto_20170906_0556	2026-03-06 11:22:39.14317+00
195	cart	0004_auto_20171129_1004	2026-03-06 11:22:39.160485+00
196	cart	0005_auto_20180108_0814	2026-03-06 11:22:39.35791+00
197	cart	0006_auto_20180221_0825	2026-03-06 11:22:39.367967+00
198	userprofile	0002_auto_20150907_0602	2026-03-06 11:22:39.388165+00
199	userprofile	0003_auto_20151104_1102	2026-03-06 11:22:39.413812+00
200	userprofile	0004_auto_20160114_0419	2026-03-06 11:22:39.435689+00
201	userprofile	0005_auto_20160205_0651	2026-03-06 11:22:39.478912+00
202	userprofile	0006_auto_20160829_0819	2026-03-06 11:22:39.496083+00
203	userprofile	0007_auto_20161115_0940	2026-03-06 11:22:39.536952+00
204	userprofile	0008_auto_20161115_1011	2026-03-06 11:22:39.545147+00
205	userprofile	0009_auto_20170206_0407	2026-03-06 11:22:39.826764+00
206	userprofile	0010_auto_20170919_0839	2026-03-06 11:22:39.834599+00
207	userprofile	0011_auto_20171110_0552	2026-03-06 11:22:39.841466+00
208	userprofile	0012_auto_20171117_0846	2026-03-06 11:22:39.847738+00
209	userprofile	0013_auto_20171120_0521	2026-03-06 11:22:39.892966+00
210	userprofile	0014_auto_20171129_1004	2026-03-06 11:22:39.902903+00
211	userprofile	0015_auto_20171213_0734	2026-03-06 11:22:39.922634+00
212	userprofile	0016_auto_20180108_0814	2026-03-06 11:22:40.219957+00
213	account	0017_auto_20180206_0957	2026-03-06 11:22:40.231954+00
214	account	0018_auto_20180426_0641	2026-03-06 11:22:40.28912+00
215	account	0019_auto_20180528_1205	2026-03-06 11:22:40.311955+00
216	checkout	0007_merge_cart_with_checkout	2026-03-06 11:22:40.493208+00
217	checkout	0008_rename_tables	2026-03-06 11:22:40.508829+00
218	checkout	0009_cart_translated_discount_name	2026-03-06 11:22:40.516982+00
219	checkout	0010_auto_20180822_0720	2026-03-06 11:22:40.543158+00
220	checkout	0011_auto_20180913_0817	2026-03-06 11:22:40.586256+00
221	checkout	0012_remove_cartline_data	2026-03-06 11:22:40.596367+00
222	checkout	0013_auto_20180913_0841	2026-03-06 11:22:40.61237+00
223	checkout	0014_auto_20180921_0751	2026-03-06 11:22:40.622253+00
224	checkout	0015_auto_20181017_1346	2026-03-06 11:22:40.630189+00
225	payment	0001_initial	2026-03-06 11:22:40.684515+00
226	payment	0002_transfer_payment_to_payment_method	2026-03-06 11:22:40.707344+00
227	order	0065_auto_20181017_1346	2026-03-06 11:22:40.962542+00
228	order	0066_auto_20181023_0319	2026-03-06 11:22:40.982441+00
229	order	0067_auto_20181102_1054	2026-03-06 11:22:40.990701+00
230	order	0068_order_checkout_token	2026-03-06 11:22:41.000577+00
231	order	0069_auto_20190225_2305	2026-03-06 11:22:41.004783+00
232	order	0070_drop_update_event_and_rename_events	2026-03-06 11:22:41.053656+00
233	account	0020_user_token	2026-03-06 11:22:41.062228+00
234	account	0021_unique_token	2026-03-06 11:22:41.089235+00
235	account	0022_auto_20180718_0956	2026-03-06 11:22:41.095471+00
236	account	0023_auto_20180719_0520	2026-03-06 11:22:41.101569+00
237	account	0024_auto_20181011_0737	2026-03-06 11:22:41.115166+00
238	account	0025_auto_20190314_0550	2026-03-06 11:22:41.119507+00
239	account	0026_user_avatar	2026-03-06 11:22:41.125607+00
240	account	0027_customerevent	2026-03-06 11:22:41.153206+00
241	site	0022_sitesettings_company_address	2026-03-06 11:22:41.17877+00
242	site	0023_auto_20191007_0835	2026-03-06 11:22:41.195035+00
243	site	0024_sitesettings_customer_set_password_url	2026-03-06 11:22:41.204033+00
244	site	0025_auto_20191024_0552	2026-03-06 11:22:41.223101+00
245	site	0026_remove_sitesettings_homepage_collection	2026-03-06 11:22:41.246268+00
246	site	0027_sitesettings_automatically_confirm_all_new_orders	2026-03-06 11:22:41.254194+00
247	site	0028_delete_authorizationkey	2026-03-06 11:22:41.257098+00
248	site	0029_auto_20210120_0934	2026-03-06 11:22:41.265171+00
249	site	0030_auto_20210722_1141	2026-03-06 11:22:41.278026+00
250	site	0030_alter_sitesettingstranslation_language_code	2026-03-06 11:22:41.282092+00
251	site	0031_merge_20210820_1454	2026-03-06 11:22:41.282674+00
252	site	0032_gift_card_settings	2026-03-06 11:22:41.311115+00
253	site	0033_sitesettings_reserve_stock_duration_minutes	2026-03-06 11:22:41.330633+00
254	site	0034_sitesettings_limit_quantity_per_checkout	2026-03-06 11:22:41.338087+00
255	shipping	0009_auto_20180629_1055	2026-03-06 11:22:41.341991+00
256	shipping	0010_auto_20180719_0520	2026-03-06 11:22:41.345297+00
257	shipping	0011_auto_20180802_1238	2026-03-06 11:22:41.34877+00
258	shipping	0012_remove_legacy_shipping_methods	2026-03-06 11:22:41.36895+00
259	shipping	0013_auto_20180822_0721	2026-03-06 11:22:41.470813+00
260	shipping	0014_auto_20180920_0956	2026-03-06 11:22:41.475119+00
261	shipping	0015_auto_20190305_0640	2026-03-06 11:22:41.47945+00
262	shipping	0016_shippingmethod_meta	2026-03-06 11:22:41.483729+00
263	shipping	0017_django_price_2	2026-03-06 11:22:41.497098+00
264	shipping	0018_default_zones_countries	2026-03-06 11:22:41.517054+00
265	shipping	0019_remove_shippingmethod_meta	2026-03-06 11:22:41.521002+00
266	shipping	0020_auto_20200902_1249	2026-03-06 11:22:41.538411+00
267	shipping	0021_auto_20201021_2158	2026-03-06 11:22:41.552352+00
268	product	0067_remove_product_is_featured	2026-03-06 11:22:41.559805+00
269	product	0068_auto_20180822_0720	2026-03-06 11:22:41.576681+00
270	product	0069_auto_20180912_0326	2026-03-06 11:22:41.581078+00
271	product	0070_auto_20180912_0329	2026-03-06 11:22:41.606442+00
272	product	0071_attributechoicevalue_value	2026-03-06 11:22:41.610723+00
273	product	0072_auto_20180925_1048	2026-03-06 11:22:41.741927+00
274	product	0073_auto_20181010_0729	2026-03-06 11:22:41.835499+00
275	product	0074_auto_20181010_0730	2026-03-06 11:22:42.094445+00
276	product	0075_auto_20181010_0842	2026-03-06 11:22:42.201185+00
277	product	0076_auto_20181012_1146	2026-03-06 11:22:42.205511+00
278	product	0077_generate_versatile_background_images	2026-03-06 11:22:42.206377+00
279	product	0078_auto_20181120_0437	2026-03-06 11:22:42.221798+00
280	product	0079_default_tax_rate_instead_of_empty_field	2026-03-06 11:22:42.247982+00
281	product	0080_collection_published_date	2026-03-06 11:22:42.258275+00
282	product	0080_auto_20181214_0440	2026-03-06 11:22:42.272235+00
283	product	0081_merge_20181215_1659	2026-03-06 11:22:42.273775+00
284	product	0081_auto_20181218_0024	2026-03-06 11:22:42.2982+00
285	product	0082_merge_20181219_1440	2026-03-06 11:22:42.301164+00
286	product	0083_auto_20190104_0443	2026-03-06 11:22:42.316578+00
287	product	0084_auto_20190122_0113	2026-03-06 11:22:42.343682+00
288	product	0085_auto_20190125_0025	2026-03-06 11:22:42.347137+00
289	product	0086_product_publication_date	2026-03-06 11:22:42.367512+00
290	product	0087_auto_20190208_0326	2026-03-06 11:22:42.375017+00
291	product	0088_auto_20190220_1928	2026-03-06 11:22:42.381417+00
292	product	0089_auto_20190225_0252	2026-03-06 11:22:42.442164+00
293	product	0090_auto_20190328_0608	2026-03-06 11:22:42.466907+00
294	product	0091_auto_20190402_0853	2026-03-06 11:22:42.523409+00
295	product	0092_auto_20190507_0309	2026-03-06 11:22:42.603717+00
296	product	0093_auto_20190521_0124	2026-03-06 11:22:42.69125+00
297	product	0094_auto_20190618_0430	2026-03-06 11:22:42.705821+00
298	product	0095_auto_20190618_0842	2026-03-06 11:22:42.741864+00
299	product	0096_auto_20190719_0339	2026-03-06 11:22:42.752034+00
300	product	0097_auto_20190719_0458	2026-03-06 11:22:42.786213+00
301	product	0098_auto_20190719_0733	2026-03-06 11:22:42.812059+00
302	product	0099_auto_20190719_0745	2026-03-06 11:22:42.837161+00
303	product	0096_raw_html_to_json	2026-03-06 11:22:42.914161+00
304	product	0100_merge_20190719_0803	2026-03-06 11:22:42.916178+00
305	product	0101_auto_20190719_0839	2026-03-06 11:22:42.999043+00
306	product	0102_migrate_data_enterprise_grade_attributes	2026-03-06 11:22:43.358462+00
307	product	0103_schema_data_enterprise_grade_attributes	2026-03-06 11:22:43.87725+00
308	product	0104_fix_invalid_attributes_map	2026-03-06 11:22:43.929427+00
309	product	0105_product_minimal_variant_price	2026-03-06 11:22:43.989889+00
310	product	0106_django_prices_2	2026-03-06 11:22:44.056951+00
311	product	0107_attributes_map_to_m2m	2026-03-06 11:22:44.549211+00
312	product	0108_auto_20191003_0422	2026-03-06 11:22:44.585817+00
313	product	0109_auto_20191006_1433	2026-03-06 11:22:44.612736+00
314	product	0110_auto_20191108_0340	2026-03-06 11:22:44.673009+00
315	auth	0007_alter_validators_add_error_messages	2026-03-06 11:22:44.680262+00
316	auth	0008_alter_user_username_max_length	2026-03-06 11:22:44.68511+00
317	auth	0009_alter_user_last_name_max_length	2026-03-06 11:22:44.689987+00
318	auth	0010_alter_group_name_max_length	2026-03-06 11:22:44.715607+00
319	auth	0011_update_proxy_permissions	2026-03-06 11:22:44.741733+00
320	account	0028_user_private_meta	2026-03-06 11:22:44.751228+00
321	account	0029_user_meta	2026-03-06 11:22:44.761242+00
322	account	0030_auto_20190719_0733	2026-03-06 11:22:44.770243+00
323	account	0031_auto_20190719_0745	2026-03-06 11:22:44.779507+00
324	account	0032_remove_user_token	2026-03-06 11:22:44.788092+00
325	account	0033_serviceaccount	2026-03-06 11:22:44.826533+00
326	account	0034_service_account_token	2026-03-06 11:22:44.88875+00
327	account	0035_staffnotificationrecipient	2026-03-06 11:22:44.919773+00
328	account	0036_auto_20191209_0407	2026-03-06 11:22:44.928189+00
329	account	0037_auto_20191219_0944	2026-03-06 11:22:44.938696+00
330	warehouse	0001_initial	2026-03-06 11:22:45.037826+00
331	product	0111_auto_20191209_0437	2026-03-06 11:22:45.060041+00
332	product	0112_auto_20200129_0050	2026-03-06 11:22:45.203697+00
333	product	0113_auto_20200129_0717	2026-03-06 11:22:45.424543+00
334	product	0114_auto_20200129_0815	2026-03-06 11:22:45.759521+00
335	product	0115_auto_20200221_0257	2026-03-06 11:22:46.087583+00
336	product	0116_auto_20200225_0237	2026-03-06 11:22:46.128571+00
337	product	0117_auto_20200423_0737	2026-03-06 11:22:46.139487+00
338	product	0118_populate_product_variant_price	2026-03-06 11:22:46.273345+00
339	warehouse	0002_auto_20200123_0036	2026-03-06 11:22:46.29658+00
340	warehouse	0003_warehouse_slug	2026-03-06 11:22:46.344694+00
341	warehouse	0004_auto_20200129_0717	2026-03-06 11:22:46.358892+00
342	warehouse	0005_auto_20200204_0722	2026-03-06 11:22:46.388784+00
343	warehouse	0006_auto_20200228_0519	2026-03-06 11:22:46.416561+00
344	giftcard	0001_initial	2026-03-06 11:22:46.451455+00
345	order	0071_order_gift_cards	2026-03-06 11:22:46.488444+00
346	order	0072_django_price_2	2026-03-06 11:22:46.614218+00
347	order	0073_auto_20190829_0249	2026-03-06 11:22:46.929863+00
348	order	0074_auto_20190930_0731	2026-03-06 11:22:46.965701+00
349	order	0075_auto_20191006_1433	2026-03-06 11:22:46.983096+00
350	order	0076_auto_20191018_0554	2026-03-06 11:22:47.009735+00
351	order	0077_auto_20191118_0606	2026-03-06 11:22:47.03442+00
352	order	0078_auto_20200221_0257	2026-03-06 11:22:47.092338+00
353	order	0079_auto_20200304_0752	2026-03-06 11:22:47.128786+00
354	order	0080_invoice	2026-03-06 11:22:47.170047+00
355	order	0081_auto_20200406_0456	2026-03-06 11:22:47.204182+00
356	warehouse	0007_auto_20200406_0341	2026-03-06 11:22:47.291636+00
357	order	0082_fulfillmentline_stock	2026-03-06 11:22:47.327204+00
358	order	0079_auto_20200225_0237	2026-03-06 11:22:47.337759+00
359	order	0081_merge_20200309_0952	2026-03-06 11:22:47.339086+00
360	order	0083_merge_20200421_0529	2026-03-06 11:22:47.340294+00
361	order	0084_auto_20200522_0522	2026-03-06 11:22:47.353412+00
362	discount	0004_auto_20170206_0407	2026-03-06 11:22:47.555077+00
363	discount	0005_auto_20170919_0839	2026-03-06 11:22:47.576211+00
364	discount	0006_auto_20171129_1004	2026-03-06 11:22:47.596018+00
365	discount	0007_auto_20180108_0814	2026-03-06 11:22:47.837802+00
366	discount	0008_sale_collections	2026-03-06 11:22:48.177988+00
367	discount	0009_auto_20180719_0520	2026-03-06 11:22:48.197557+00
368	discount	0010_auto_20180724_1251	2026-03-06 11:22:48.480536+00
369	discount	0011_auto_20180803_0528	2026-03-06 11:22:48.547948+00
370	discount	0012_auto_20190329_0836	2026-03-06 11:22:48.599067+00
371	discount	0013_auto_20190618_0733	2026-03-06 11:22:48.687687+00
372	discount	0014_auto_20190701_0402	2026-03-06 11:22:48.736915+00
373	discount	0015_voucher_min_quantity_of_products	2026-03-06 11:22:48.751265+00
374	discount	0016_auto_20190716_0330	2026-03-06 11:22:48.807992+00
375	discount	0017_django_price_2	2026-03-06 11:22:48.834597+00
376	discount	0018_auto_20190827_0315	2026-03-06 11:22:48.878894+00
377	discount	0019_auto_20200217_0350	2026-03-06 11:22:48.918824+00
378	payment	0003_rename_payment_method_to_payment	2026-03-06 11:22:49.053803+00
379	payment	0004_auto_20181206_0031	2026-03-06 11:22:49.070063+00
380	payment	0005_auto_20190104_0443	2026-03-06 11:22:49.083511+00
381	payment	0006_auto_20190109_0358	2026-03-06 11:22:49.091466+00
382	payment	0007_auto_20190206_0938	2026-03-06 11:22:49.097202+00
383	payment	0007_auto_20190125_0242	2026-03-06 11:22:49.110132+00
384	payment	0008_merge_20190214_0447	2026-03-06 11:22:49.111095+00
385	payment	0009_convert_to_partially_charged_and_partially_refunded	2026-03-06 11:22:49.142507+00
386	payment	0010_auto_20190220_2001	2026-03-06 11:22:49.394224+00
387	checkout	0016_auto_20190112_0506	2026-03-06 11:22:49.410487+00
388	checkout	0017_auto_20190130_0207	2026-03-06 11:22:49.438242+00
389	checkout	0018_auto_20190410_0132	2026-03-06 11:22:49.66109+00
390	checkout	0019_checkout_gift_cards	2026-03-06 11:22:49.709079+00
391	checkout	0020_auto_20190723_0722	2026-03-06 11:22:49.744285+00
392	checkout	0021_django_price_2	2026-03-06 11:22:49.762299+00
393	checkout	0022_auto_20191219_1137	2026-03-06 11:22:49.781022+00
394	checkout	0023_checkout_country	2026-03-06 11:22:49.799248+00
395	checkout	0024_auto_20200120_0154	2026-03-06 11:22:49.816427+00
396	checkout	0025_auto_20200221_0257	2026-03-06 11:22:49.848624+00
397	channel	0001_initial	2026-03-06 11:22:49.937697+00
398	shipping	0022_shipping_method_channel_listing	2026-03-06 11:22:50.044911+00
399	product	0119_auto_20200709_1102	2026-03-06 11:22:50.088541+00
400	product	0120_auto_20200714_0539	2026-03-06 11:22:50.267563+00
401	product	0121_auto_20200810_1415	2026-03-06 11:22:50.965043+00
402	product	0122_auto_20200828_1135	2026-03-06 11:22:51.02174+00
403	product	0123_auto_20200904_1251	2026-03-06 11:22:51.068453+00
404	product	0124_auto_20200909_0904	2026-03-06 11:22:51.186582+00
405	product	0125_auto_20200916_1511	2026-03-06 11:22:51.21837+00
406	product	0126_product_default_variant	2026-03-06 11:22:51.289882+00
407	product	0127_auto_20201001_0933	2026-03-06 11:22:51.325851+00
408	product	0128_update_publication_date	2026-03-06 11:22:51.708113+00
409	product	0129_add_product_types_and_attributes_perm	2026-03-06 11:22:51.745828+00
410	product	0130_create_product_description_search_vector	2026-03-06 11:22:51.836418+00
411	product	0131_update_ts_vector_existing_product_name	2026-03-06 11:22:51.841628+00
412	product	0130_migrate_from_draftjs_to_editorjs_format	2026-03-06 11:22:51.874548+00
413	product	0131_auto_20201112_0904	2026-03-06 11:22:51.985886+00
414	product	0132_product_rating	2026-03-06 11:22:52.000839+00
415	checkout	0026_auto_20200709_1102	2026-03-06 11:22:52.012892+00
416	checkout	0027_auto_20200810_1415	2026-03-06 11:22:52.046754+00
417	checkout	0028_auto_20200824_1019	2026-03-06 11:22:52.071687+00
418	checkout	0029_auto_20200904_0529	2026-03-06 11:22:52.09196+00
419	checkout	0030_checkout_channel_listing	2026-03-06 11:22:52.204678+00
420	product	0133_product_variant_channel_listing	2026-03-06 11:22:52.309003+00
421	product	0134_product_channel_listing	2026-03-06 11:22:52.461881+00
422	product	0135_collection_channel_listing	2026-03-06 11:22:52.851635+00
423	shipping	0023_shippingmethod_excluded_products	2026-03-06 11:22:52.900759+00
424	shipping	0024_shippingmethodzipcoderule	2026-03-06 11:22:52.946116+00
425	shipping	0025_auto_20201130_1122	2026-03-06 11:22:52.980029+00
426	shipping	0026_shippingzone_description	2026-03-06 11:22:52.986548+00
427	shipping	0027_auto_20210120_2201	2026-03-06 11:22:53.111893+00
428	shipping	0028_auto_20210308_1135	2026-03-06 11:22:53.163145+00
429	shipping	0029_shippingzone_channels	2026-03-06 11:22:53.245243+00
430	channel	0002_channel_default_country	2026-03-06 11:22:53.252636+00
431	channel	0003_alter_channel_default_country	2026-03-06 11:22:53.327882+00
432	channel	0004_create_default_channel	2026-03-06 11:22:53.367728+00
433	channel	0005_channel_allocation_strategy	2026-03-06 11:22:53.411426+00
434	channel	0006_order_settings_fields	2026-03-06 11:22:53.42706+00
435	channel	0007_order_settings_per_channel	2026-03-06 11:22:53.465209+00
436	channel	0008_update_null_order_settings	2026-03-06 11:22:53.530166+00
437	site	0035_sitesettings_separate_state_remove_order_settings	2026-03-06 11:22:53.628321+00
438	site	0036_remove_order_settings	2026-03-06 11:22:53.631494+00
439	site	0037_sitesettings_enable_account_confirmation_by_email	2026-03-06 11:22:53.647145+00
440	site	0038_auto_20230510_1107	2026-03-06 11:22:53.684701+00
441	auth	0012_alter_user_first_name_max_length	2026-03-06 11:22:53.692839+00
442	webhook	0001_initial	2026-03-06 11:22:54.088969+00
443	webhook	0002_webhook_name	2026-03-06 11:22:54.095153+00
444	account	0038_auto_20200123_0034	2026-03-06 11:22:54.132938+00
445	account	0039_auto_20200221_0257	2026-03-06 11:22:54.175043+00
446	core	0001_migrate_metadata	2026-03-06 11:22:54.624514+00
447	plugins	0001_initial	2026-03-06 11:22:54.636183+00
448	account	0040_auto_20200415_0443	2026-03-06 11:22:54.682974+00
449	account	0041_permissions_to_groups	2026-03-06 11:22:54.726697+00
450	account	0040_auto_20200225_0237	2026-03-06 11:22:54.757525+00
451	account	0041_merge_20200421_0529	2026-03-06 11:22:54.759396+00
452	account	0042_merge_20200422_0555	2026-03-06 11:22:54.760857+00
453	account	0043_rename_service_account_to_app	2026-03-06 11:22:55.182276+00
454	webhook	0003_unmount_service_account	2026-03-06 11:22:55.23614+00
455	account	0044_unmount_app_and_app_token	2026-03-06 11:22:55.274219+00
456	app	0001_initial	2026-03-06 11:22:55.433023+00
457	app	0002_auto_20200702_0945	2026-03-06 11:22:55.566436+00
458	app	0003_auto_20200810_1415	2026-03-06 11:22:55.582376+00
459	app	0004_auto_20210308_1135	2026-03-06 11:22:55.597916+00
460	app	0005_appextension	2026-03-06 11:22:55.650104+00
461	app	0006_convert_extension_enums_into_one	2026-03-06 11:22:55.699644+00
462	app	0007_auto_20220127_0942	2026-03-06 11:22:55.737426+00
463	app	0008_appextension_target	2026-03-06 11:22:55.748904+00
464	app	0009_apptoken_token_last_4	2026-03-06 11:22:55.76283+00
465	app	0010_update_app_tokens	2026-03-06 11:22:55.80498+00
466	app	0011_alter_apptoken_token_last_4	2026-03-06 11:22:55.811516+00
467	app	0012_rename_created_app_created_at	2026-03-06 11:22:55.82154+00
468	app	0013_alter_appextension_mount	2026-03-06 11:22:55.831543+00
469	app	0014_alter_app_options	2026-03-06 11:22:55.878748+00
470	app	0015_app_manifest_url	2026-03-06 11:22:55.891498+00
471	app	0016_alter_appextension_mount	2026-03-06 11:22:55.900394+00
472	app	0017_app_audience	2026-03-06 11:22:55.912984+00
473	webhook	0004_mount_app	2026-03-06 11:22:55.959483+00
474	plugins	0002_auto_20200417_0335	2026-03-06 11:22:56.047383+00
475	account	0045_auto_20200427_0425	2026-03-06 11:22:56.222979+00
476	webhook	0005_drop_manage_webhooks_permission	2026-03-06 11:22:56.292041+00
477	payment	0011_auto_20190516_0901	2026-03-06 11:22:56.299935+00
478	payment	0012_transaction_customer_id	2026-03-06 11:22:56.308256+00
479	payment	0013_auto_20190813_0735	2026-03-06 11:22:56.315508+00
480	payment	0014_django_price_2	2026-03-06 11:22:56.351295+00
481	payment	0015_auto_20200203_1116	2026-03-06 11:22:56.374293+00
482	payment	0016_auto_20200423_0314	2026-03-06 11:22:56.687303+00
483	payment	0017_payment_payment_method_type	2026-03-06 11:22:56.704787+00
484	payment	0018_auto_20200810_1415	2026-03-06 11:22:56.712672+00
485	payment	0019_auto_20200812_1101	2026-03-06 11:22:56.765512+00
486	payment	0020_auto_20200902_1249	2026-03-06 11:22:56.823826+00
487	payment	0021_transaction_searchable_key	2026-03-06 11:22:56.832825+00
488	payment	0022_auto_20201104_1458	2026-03-06 11:22:56.867689+00
489	payment	0023_auto_20201110_0834	2026-03-06 11:22:56.875268+00
490	payment	0024_auto_20210326_0837	2026-03-06 11:22:56.883726+00
491	payment	0025_auto_20210506_0750	2026-03-06 11:22:56.910227+00
492	payment	0026_payment_psp_reference	2026-03-06 11:22:56.930198+00
493	payment	0027_assign_psp_reference_values	2026-03-06 11:22:56.972919+00
494	payment	0028_drop_searchable_key	2026-03-06 11:22:56.983077+00
495	payment	0029_alter_payment_options	2026-03-06 11:22:57.038446+00
496	payment	0030_payment_partial	2026-03-06 11:22:57.060916+00
497	payment	0030_auto_20210908_1346	2026-03-06 11:22:57.143453+00
498	payment	0031_merge_0030_auto_20210908_1346_0030_payment_partial	2026-03-06 11:22:57.144657+00
499	page	0002_auto_20180321_0417	2026-03-06 11:22:57.153651+00
500	page	0003_auto_20180719_0520	2026-03-06 11:22:57.157955+00
501	page	0004_auto_20180803_0528	2026-03-06 11:22:57.214125+00
502	page	0005_auto_20190208_0456	2026-03-06 11:22:57.223686+00
503	page	0006_auto_20190220_1928	2026-03-06 11:22:57.229422+00
504	page	0007_auto_20190225_0252	2026-03-06 11:22:57.24816+00
505	page	0008_raw_html_to_json	2026-03-06 11:22:57.338467+00
506	page	0009_auto_20191108_0402	2026-03-06 11:22:57.342864+00
507	page	0010_auto_20200129_0717	2026-03-06 11:22:57.352491+00
508	page	0011_auto_20200217_0350	2026-03-06 11:22:57.356116+00
509	page	0012_auto_20200709_1102	2026-03-06 11:22:57.359798+00
510	page	0013_update_publication_date	2026-03-06 11:22:57.40313+00
511	page	0014_add_metadata	2026-03-06 11:22:57.414935+00
512	page	0015_migrate_from_draftjs_to_editorjs_format	2026-03-06 11:22:57.460357+00
513	page	0016_auto_20201112_0904	2026-03-06 11:22:57.470015+00
514	page	0017_pagetype	2026-03-06 11:22:57.686757+00
515	product	0136_add_attribute_type_and_page_to_attribute_relation	2026-03-06 11:22:58.247548+00
516	attribute	0001_initial	2026-03-06 11:22:59.340473+00
517	product	0137_drop_attribute_models	2026-03-06 11:23:00.489885+00
518	product	0138_migrate_description_json_into_description	2026-03-06 11:23:00.736007+00
519	product	0139_description_vector_search	2026-03-06 11:23:00.737894+00
520	product	0140_auto_20210125_0905	2026-03-06 11:23:00.797568+00
521	product	0141_update_descritpion_fields	2026-03-06 11:23:01.181548+00
522	product	0142_auto_20210308_1135	2026-03-06 11:23:01.297724+00
523	product	0143_rename_product_images_to_product_media	2026-03-06 11:23:01.767049+00
524	product	0144_auto_20210318_1155	2026-03-06 11:23:01.795967+00
525	product	0145_auto_20210511_1043	2026-03-06 11:23:01.814863+00
526	product	0146_auto_20210518_0945	2026-03-06 11:23:01.845972+00
527	product	0147_auto_20210817_1015	2026-03-06 11:23:01.894883+00
528	product	0148_producttype_type	2026-03-06 11:23:01.903475+00
529	order	0085_delete_invoice	2026-03-06 11:23:01.906106+00
530	order	0086_auto_20200716_1226	2026-03-06 11:23:02.038942+00
531	order	0087_auto_20200810_1415	2026-03-06 11:23:02.620812+00
532	order	0088_auto_20200812_1101	2026-03-06 11:23:02.641908+00
533	order	0089_auto_20200902_1249	2026-03-06 11:23:02.902034+00
534	order	0090_order_channel_listing	2026-03-06 11:23:03.08868+00
535	order	0091_order_redirect_url	2026-03-06 11:23:03.126886+00
536	order	0092_order_unconfirmed	2026-03-06 11:23:03.170698+00
537	order	0093_auto_20201130_1406	2026-03-06 11:23:03.247684+00
538	order	0094_auto_20201221_1128	2026-03-06 11:23:03.367029+00
539	order	0095_auto_20201229_1014	2026-03-06 11:23:03.399976+00
540	order	0096_order_shipping_tax_rate	2026-03-06 11:23:03.429362+00
541	order	0097_auto_20210107_1148	2026-03-06 11:23:03.494227+00
542	discount	0020_auto_20200709_1102	2026-03-06 11:23:03.517223+00
543	discount	0021_auto_20200902_1249	2026-03-06 11:23:03.587309+00
544	discount	0022_sale_channel_listing	2026-03-06 11:23:03.763204+00
545	discount	0023_voucher_channel_listing	2026-03-06 11:23:04.230422+00
546	discount	0024_orderdiscount	2026-03-06 11:23:04.287146+00
547	order	0098_discounts_relation	2026-03-06 11:23:04.533364+00
548	order	0099_auto_20210209_0856	2026-03-06 11:23:04.607078+00
549	order	0100_auto_20210216_0914	2026-03-06 11:23:04.623989+00
550	order	0101_auto_20210308_1213	2026-03-06 11:23:04.702185+00
551	order	0102_auto_20210310_1552	2026-03-06 11:23:04.726093+00
552	order	0103_auto_20210401_1105	2026-03-06 11:23:04.78385+00
553	order	0104_auto_20210506_0835	2026-03-06 11:23:04.808945+00
554	order	0105_order_total_paid_amount	2026-03-06 11:23:04.880763+00
555	order	0106_origin_and_original	2026-03-06 11:23:04.957386+00
556	order	0107_set_origin_and_original_values	2026-03-06 11:23:05.323067+00
557	order	0108_origin_not_null	2026-03-06 11:23:05.35435+00
558	order	0109_undiscounted_prices	2026-03-06 11:23:05.489951+00
559	order	0110_auto_20210518_0918	2026-03-06 11:23:05.519134+00
560	order	0111_auto_20210518_1357	2026-03-06 11:23:05.564482+00
561	order	0112_auto_20210616_0548	2026-03-06 11:23:05.581152+00
562	order	0113_orderevent_app	2026-03-06 11:23:05.63123+00
563	order	0114_auto_20210722_1146	2026-03-06 11:23:05.663357+00
564	order	0114_alter_order_language_code	2026-03-06 11:23:05.689289+00
565	order	0115_merge_20210820_1454	2026-03-06 11:23:05.691093+00
566	warehouse	0008_auto_20200430_0239	2026-03-06 11:23:05.777715+00
567	warehouse	0009_remove_invalid_allocation	2026-03-06 11:23:05.825357+00
568	warehouse	0010_auto_20200709_1102	2026-03-06 11:23:05.838048+00
569	warehouse	0011_auto_20200714_0539	2026-03-06 11:23:05.852863+00
570	warehouse	0012_auto_20210115_1307	2026-03-06 11:23:05.881349+00
571	warehouse	0013_auto_20210308_1135	2026-03-06 11:23:05.907752+00
572	warehouse	0014_remove_warehouse_company_name	2026-03-06 11:23:05.968832+00
573	warehouse	0015_auto_20210713_0904	2026-03-06 11:23:06.037134+00
574	order	0114_auto_20210726_1116	2026-03-06 11:23:06.17359+00
575	order	0116_merge_20210824_1103	2026-03-06 11:23:06.174587+00
576	order	0115_alter_order_language_code	2026-03-06 11:23:06.201575+00
577	order	0117_merge_20210903_1013	2026-03-06 11:23:06.202802+00
578	order	0118_auto_20210913_0731	2026-03-06 11:23:06.249979+00
579	order	0119_orderline_is_gift_card	2026-03-06 11:23:06.616939+00
580	order	0120_orderline_optional_sku	2026-03-06 11:23:06.661497+00
581	order	0121_order_search_document	2026-03-06 11:23:06.771303+00
582	order	0116_auto_20211207_0705	2026-03-06 11:23:06.821752+00
583	order	0122_merge_20211220_1641	2026-03-06 11:23:06.823085+00
584	order	0123_update_order_search_document	2026-03-06 11:23:06.868842+00
585	order	0124_order_updated_at	2026-03-06 11:23:06.90158+00
586	order	0125_populate_order_updated_at	2026-03-06 11:23:06.904483+00
587	order	0126_alter_order_updated_at	2026-03-06 11:23:06.931332+00
588	order	0127_add_order_number_and_alter_order_token	2026-03-06 11:23:07.032163+00
589	order	0128_set_order_number	2026-03-06 11:23:07.086609+00
590	order	0129_alter_order_number	2026-03-06 11:23:07.156803+00
591	payment	0032_save_payment_order_token	2026-03-06 11:23:07.2329+00
592	order	0130_save_order_token_in_relation_models	2026-03-06 11:23:07.560772+00
593	invoice	0001_initial	2026-03-06 11:23:08.151814+00
594	invoice	0002_invoice_message	2026-03-06 11:23:08.170783+00
595	invoice	0003_auto_20200713_1311	2026-03-06 11:23:08.19149+00
596	invoice	0004_auto_20200810_1415	2026-03-06 11:23:08.241913+00
597	invoice	0005_auto_20210308_1135	2026-03-06 11:23:08.272379+00
598	invoice	0006_invoiceevent_app	2026-03-06 11:23:08.317835+00
599	invoice	0007_save_invoice_order_token	2026-03-06 11:23:08.442565+00
600	product	0148_producttype_product_type_search_gin	2026-03-06 11:23:08.452041+00
601	product	0149_auto_20211004_1636	2026-03-06 11:23:08.5067+00
602	product	0150_collection_collection_search_gin	2026-03-06 11:23:08.519577+00
603	discount	0025_auto_20210506_0831	2026-03-06 11:23:08.534651+00
604	discount	0026_voucher_only_for_staff	2026-03-06 11:23:08.551573+00
605	discount	0027_auto_20210719_2155	2026-03-06 11:23:08.610906+00
606	discount	0028_auto_20210817_1015	2026-03-06 11:23:08.634195+00
607	discount	0030_discount_variants	2026-03-06 11:23:08.764688+00
608	discount	0028_alter_voucher_code	2026-03-06 11:23:08.765445+00
609	discount	0029_merge_0028_alter_voucher_code_0028_auto_20210817_1015	2026-03-06 11:23:08.76645+00
610	discount	0031_merge_20211020_1019	2026-03-06 11:23:08.767431+00
611	discount	0029_alter_voucher_code	2026-03-06 11:23:08.792616+00
612	discount	0031_merge_0029_alter_voucher_code_0030_discount_variants	2026-03-06 11:23:08.793422+00
613	discount	0032_merge_20211109_1210	2026-03-06 11:23:08.794207+00
614	discount	0033_auto_20220209_1543	2026-03-06 11:23:08.834339+00
615	discount	0034_populate_sales_datetimes	2026-03-06 11:23:08.881542+00
616	discount	0035_auto_20220209_1544	2026-03-06 11:23:08.917639+00
617	discount	0036_save_discocunt_order_token	2026-03-06 11:23:09.268089+00
618	account	0046_user_jwt_token_key	2026-03-06 11:23:09.297842+00
619	account	0047_auto_20200810_1415	2026-03-06 11:23:09.359764+00
620	account	0048_auto_20210308_1135	2026-03-06 11:23:09.398782+00
621	account	0049_user_language_code	2026-03-06 11:23:09.420287+00
622	account	0050_auto_20210506_1058	2026-03-06 11:23:09.440199+00
623	account	0051_alter_customerevent_user	2026-03-06 11:23:09.507978+00
624	account	0052_customerevent_app	2026-03-06 11:23:09.566296+00
625	account	0053_auto_20210719_1048	2026-03-06 11:23:09.662743+00
626	account	0054_alter_user_language_code	2026-03-06 11:23:09.681687+00
627	account	0055_alter_user_options	2026-03-06 11:23:09.746332+00
628	account	0055_alter_user_language_code	2026-03-06 11:23:09.76656+00
629	account	0056_merge_20210903_0640	2026-03-06 11:23:09.768806+00
630	account	0057_user_search_document	2026-03-06 11:23:09.878952+00
631	account	0058_update_user_search_document	2026-03-06 11:23:09.926189+00
632	account	0057_clear_user_addresses	2026-03-06 11:23:09.979318+00
633	account	0059_merge_20220221_1025	2026-03-06 11:23:09.980857+00
634	account	0060_user_updated_at	2026-03-06 11:23:10.008094+00
635	account	0061_populate_user_updated_at	2026-03-06 11:23:10.063115+00
636	account	0062_alter_user_updated_at	2026-03-06 11:23:10.084259+00
637	account	0063_save_customerevent_order_token	2026-03-06 11:23:10.249704+00
638	order	0131_change_pk_to_uuid	2026-03-06 11:23:10.336918+00
639	account	0064_rewrite_customerevent_order_relation	2026-03-06 11:23:10.818078+00
640	account	0065_address_warehouse_address_search_gin	2026-03-06 11:23:10.833877+00
641	account	0066_alter_user_avatar	2026-03-06 11:23:10.856895+00
642	account	0066_alter_customerevent_type	2026-03-06 11:23:10.886899+00
643	account	0067_merge_20220715_1400	2026-03-06 11:23:10.88868+00
644	account	0068_user_uuid	2026-03-06 11:23:10.912322+00
645	account	0069_auto_20220823_0748	2026-03-06 11:23:10.966226+00
646	account	0070_alter_user_uuid	2026-03-06 11:23:10.992088+00
647	account	0071_user_external_reference	2026-03-06 11:23:11.015566+00
648	account	0072_group	2026-03-06 11:23:11.116707+00
649	permission	0001_initial	2026-03-06 11:23:11.222658+00
650	app	0018_auto_20221122_1148	2026-03-06 11:23:11.388697+00
651	account	0073_alter_group_permissions	2026-03-06 11:23:11.554466+00
652	account	0063_user_user_p_meta_jsonb_path_idx	2026-03-06 11:23:11.578601+00
653	account	0065_merge_20221227_1254	2026-03-06 11:23:11.579927+00
654	account	0066_merge_20221227_1315	2026-03-06 11:23:11.581201+00
655	account	0071_merge_0066_merge_20221227_1315_0070_alter_user_uuid	2026-03-06 11:23:11.582202+00
656	account	0072_merge_20221227_1353	2026-03-06 11:23:11.583125+00
657	account	0074_merge_20230102_0914	2026-03-06 11:23:11.584574+00
658	account	0075_add_address_metadata	2026-03-06 11:23:11.919075+00
659	account	0064_user_last_password_reset_request	2026-03-06 11:23:11.940654+00
660	account	0072_merge_20230221_0956	2026-03-06 11:23:11.942688+00
661	account	0076_merge_20230221_1002	2026-03-06 11:23:11.944381+00
662	account	0076_fill_empty_passwords	2026-03-06 11:23:12.000462+00
663	account	0077_merge_20230310_1107	2026-03-06 11:23:12.006709+00
664	account	0078_add_group_channels_conf	2026-03-06 11:23:12.089914+00
665	account	0079_full_channel_access_group_for_openid	2026-03-06 11:23:12.142812+00
666	account	0080_user_is_confirmed	2026-03-06 11:23:12.168263+00
667	account	0081_update_user_is_confirmed	2026-03-06 11:23:12.221347+00
668	account	0082_user_last_confirm_email_request	2026-03-06 11:23:12.243756+00
669	account	0082_auto_20231204_1419	2026-03-06 11:23:12.248453+00
670	account	0083_merge_20231205_1315	2026-03-06 11:23:12.249176+00
671	account	0083_confirm_active_user	2026-03-06 11:23:12.304939+00
672	account	0084_merge_20240229_1435	2026-03-06 11:23:12.305978+00
673	account	0085_address_validation_skipped	2026-03-06 11:23:12.32571+00
674	account	0086_auto_20240805_0851	2026-03-06 11:23:12.378654+00
675	account	0087_alter_address_metadata_and_more	2026-03-06 11:23:12.538438+00
676	account	0088_user_user_date_joined_idx	2026-03-06 11:23:12.565189+00
677	account	0089_user_user_email_idx	2026-03-06 11:23:12.590042+00
678	account	0090_user_number_of_orders	2026-03-06 11:23:12.615428+00
679	account	0091_populate_user_number_of_orders	2026-03-06 11:23:12.617385+00
680	account	0092_address_address_country_idx	2026-03-06 11:23:12.635104+00
681	account	0093_user_user_number_of_orders_idx	2026-03-06 11:23:12.660791+00
682	account	0094_repopulate_user_number_of_orders	2026-03-06 11:23:12.661943+00
683	account	0095_repopulate_user_number_of_orders	2026-03-06 11:23:12.720427+00
684	payment	0033_rewrite_payment_order_relations	2026-03-06 11:23:13.177696+00
685	payment	0034_auto_20220414_1051	2026-03-06 11:23:13.231155+00
686	order	0132_rewrite_order_relations	2026-03-06 11:23:14.091181+00
687	order	0133_rename_order_token_id	2026-03-06 11:23:14.547821+00
688	order	0134_rewrite_order_gift_cards_relation	2026-03-06 11:23:14.554225+00
689	order	0135_alter_order_options	2026-03-06 11:23:14.586307+00
690	order	0136_auto_20220414_1025	2026-03-06 11:23:14.644581+00
691	order	0137_alter_orderevent_type	2026-03-06 11:23:14.671918+00
692	product	0149_alter_productvariant_sku	2026-03-06 11:23:14.730267+00
693	product	0150_auto_20211001_1004	2026-03-06 11:23:14.80708+00
694	product	0151_merge_20211004_1344	2026-03-06 11:23:14.80832+00
695	product	0152_merge_20211005_1324	2026-03-06 11:23:14.810003+00
696	product	0153_merge_20211006_0910	2026-03-06 11:23:14.811104+00
697	product	0154_productvariant_quantity_limit_per_customer	2026-03-06 11:23:14.829032+00
698	product	0151_productchannellisting_product_pro_discoun_3145f3_btree	2026-03-06 11:23:14.854294+00
699	product	0155_merge_20211208_1108	2026-03-06 11:23:14.855349+00
700	product	0156_product_search_document	2026-03-06 11:23:14.940838+00
701	product	0157_update_product_search_document	2026-03-06 11:23:14.942126+00
702	product	0158_auto_20220120_1633	2026-03-06 11:23:15.000354+00
703	product	0159_auto_20220209_1501	2026-03-06 11:23:15.137664+00
704	checkout	0031_auto_20210303_1045	2026-03-06 11:23:15.187049+00
705	checkout	0032_auto_20210308_1135	2026-03-06 11:23:15.24394+00
706	checkout	0033_checkout_language_code	2026-03-06 11:23:15.270962+00
707	checkout	0034_remove_checkout_quantity	2026-03-06 11:23:15.299488+00
708	checkout	0035_alter_checkout_language_code	2026-03-06 11:23:15.329572+00
709	checkout	0036_alter_checkout_language_code	2026-03-06 11:23:15.385364+00
710	checkout	0037_remove_empty_lines	2026-03-06 11:23:15.44868+00
711	checkout	0035_checkout_collection_point	2026-03-06 11:23:15.812502+00
712	checkout	0036_merge_20210824_1103	2026-03-06 11:23:15.813232+00
713	checkout	0037_merge_20210903_1013	2026-03-06 11:23:15.814067+00
714	checkout	0038_merge_20210903_1048	2026-03-06 11:23:15.814866+00
715	checkout	0039_alter_checkout_email	2026-03-06 11:23:15.839193+00
716	checkout	0040_add_handle_checkouts_permission	2026-03-06 11:23:15.903352+00
717	checkout	0041_checkoutline_price_override	2026-03-06 11:23:15.958686+00
718	checkout	0042_rename_created_checkout_created_at	2026-03-06 11:23:15.988374+00
719	payment	0035_auto_20220421_0615	2026-03-06 11:23:16.261412+00
720	payment	0036_auto_20220518_0732	2026-03-06 11:23:16.373099+00
721	payment	0037_alter_transaction_error	2026-03-06 11:23:16.38657+00
722	app	0019_fix_constraint_names_in_app_app_permisons	2026-03-06 11:23:16.390253+00
723	payment	0038_auto_20230223_0926	2026-03-06 11:23:17.718195+00
724	payment	0039_transactionevent_currency	2026-03-06 11:23:17.778438+00
725	payment	0040_migrate_renamed_fields	2026-03-06 11:23:17.832739+00
726	payment	0041_add_calculation_transaction_events	2026-03-06 11:23:17.901173+00
727	payment	0042_alter_transactionitem_available_actions	2026-03-06 11:23:17.934168+00
728	payment	0043_drop_from_state_renamed_fields	2026-03-06 11:23:18.406479+00
729	payment	0044_transactionevent_currency	2026-03-06 11:23:18.470388+00
730	payment	0045_alter_transactionevent_currency	2026-03-06 11:23:18.494743+00
731	payment	0046_alter_transactionevent_type	2026-03-06 11:23:18.514903+00
732	payment	0042_auto_20230320_1252	2026-03-06 11:23:18.581511+00
733	payment	0043_populate_transaction_item_token	2026-03-06 11:23:18.661466+00
734	payment	0047_merge_20230321_1456	2026-03-06 11:23:18.662645+00
735	payment	0048_populate_transaction_item_token	2026-03-06 11:23:18.734346+00
736	payment	0049_auto_20230322_0634	2026-03-06 11:23:19.091033+00
737	payment	0050_drop_unused_transaction_fields	2026-03-06 11:23:19.096686+00
738	payment	0051_alter_transactionitem_available_actions	2026-03-06 11:23:19.181037+00
739	payment	0052_transactionitem_last_refund_success	2026-03-06 11:23:19.215622+00
740	payment	0053_auto_20231211_0850	2026-03-06 11:23:19.271334+00
741	payment	0054_add_idempotency_key_indexes	2026-03-06 11:23:19.279867+00
742	payment	0055_add_constraints_from_indexes	2026-03-06 11:23:19.331677+00
743	app	0020_app_is_installed	2026-03-06 11:23:19.348983+00
744	app	0021_app_author	2026-03-06 11:23:19.364368+00
745	app	0022_auto_20230410_0859	2026-03-06 11:23:19.393675+00
746	app	0023_populate_app_and_app_installation_uuid	2026-03-06 11:23:19.524685+00
747	app	0024_auto_20230412_1343	2026-03-06 11:23:19.697304+00
748	app	0025_auto_20230420_1544	2026-03-06 11:23:19.728256+00
749	app	0026_app_removed_at	2026-03-06 11:23:19.750891+00
750	app	0027_set_identifier_when_missing	2026-03-06 11:23:19.944473+00
751	app	0028_set_identifier	2026-03-06 11:23:20.199659+00
752	app	0029_alter_app_identifier	2026-03-06 11:23:20.221649+00
753	app	0030_alter_app_metadata_alter_app_private_metadata	2026-03-06 11:23:20.257558+00
754	app	0031_alter_appextension_mount_alter_appextension_target	2026-03-06 11:23:20.288439+00
755	app	0032_appextension_http_target_method_and_more	2026-03-06 11:23:20.336032+00
756	app	0033_appextension_settings	2026-03-06 11:23:20.351627+00
757	app	0034_alter_appextension_mount	2026-03-06 11:23:20.655585+00
758	app	0035_appproblem	2026-03-06 11:23:20.73094+00
759	webhook	0006_auto_20200731_1440	2026-03-06 11:23:20.743178+00
760	webhook	0007_auto_20210319_0945	2026-03-06 11:23:20.754649+00
761	webhook	0008_webhook_subscription_query	2026-03-06 11:23:20.765832+00
762	tax	0001_initial	2026-03-06 11:23:20.931765+00
763	plugins	0003_auto_20200429_0142	2026-03-06 11:23:20.999148+00
764	plugins	0004_drop_support_for_env_vatlayer_access_key	2026-03-06 11:23:21.061792+00
765	plugins	0005_auto_20200810_1415	2026-03-06 11:23:21.065771+00
766	plugins	0006_auto_20200909_1253	2026-03-06 11:23:21.070464+00
767	plugins	0007_add_user_emails_configuration	2026-03-06 11:23:21.132234+00
768	plugins	0008_pluginconfiguration_channel	2026-03-06 11:23:21.340117+00
769	plugins	0009_emailtemplate	2026-03-06 11:23:21.413958+00
770	plugins	0010_auto_20220104_1239	2026-03-06 11:23:21.482433+00
771	tax	0002_add_default_tax_configs	2026-03-06 11:23:21.601379+00
772	tax	0003_add_manage_taxes_permission	2026-03-06 11:23:21.928956+00
773	product	0160_populate_product_datetimes	2026-03-06 11:23:21.992151+00
774	product	0161_auto_20220209_1511	2026-03-06 11:23:22.244686+00
775	product	0162_auto_20220228_1233	2026-03-06 11:23:22.32722+00
776	product	0163_auto_20220414_1025	2026-03-06 11:23:22.459523+00
777	product	0164_auto_20220311_1430	2026-03-06 11:23:22.499262+00
778	product	0165_update_product_search_document	2026-03-06 11:23:22.500971+00
779	product	0166_update_publication_date_and_available_for_purchase	2026-03-06 11:23:22.772019+00
780	product	0167_digitalcontenturl_order_line_token	2026-03-06 11:23:22.785963+00
781	order	0138_add_orderline_token_old_id_created_at	2026-03-06 11:23:22.898763+00
782	order	0139_fulfil_orderline_token_old_id_created_at	2026-03-06 11:23:23.226555+00
783	order	0140_alter_orderline_old_id_and_created_at	2026-03-06 11:23:23.291159+00
784	product	0168_fulfil_digitalcontenturl_orderline_token	2026-03-06 11:23:23.295052+00
785	product	0169_alter_digitalcontenturl_line	2026-03-06 11:23:23.361175+00
786	warehouse	0015_alter_stock_quantity	2026-03-06 11:23:23.390888+00
787	warehouse	0016_merge_20210921_1036	2026-03-06 11:23:23.392693+00
788	warehouse	0017_preorderallocation	2026-03-06 11:23:23.471197+00
789	warehouse	0018_auto_20210323_2116	2026-03-06 11:23:23.580298+00
790	warehouse	0019_auto_20211019_1438	2026-03-06 11:23:23.685269+00
791	warehouse	0016_stock_quantity_allocated	2026-03-06 11:23:23.772818+00
792	warehouse	0020_merge_20220217_1316	2026-03-06 11:23:23.77449+00
793	warehouse	0021_allocation_order_line_token	2026-03-06 11:23:23.802542+00
794	warehouse	0022_fulfil_allocation_order_line_token	2026-03-06 11:23:23.80643+00
795	warehouse	0023_alter_orderline_relations	2026-03-06 11:23:23.938373+00
796	order	0141_fulfil_fulfillmentline_orderline_token	2026-03-06 11:23:23.941692+00
797	order	0142_alter_fulfillmentline_line	2026-03-06 11:23:24.010935+00
798	order	0143_update_orderline_pk	2026-03-06 11:23:24.186674+00
799	product	0170_rewrite_digitalcontenturl_orderline_relation	2026-03-06 11:23:24.724289+00
800	thumbnail	0001_initial	2026-03-06 11:23:24.804316+00
801	warehouse	0024_rewrite_order_line_relations	2026-03-06 11:23:25.231801+00
802	warehouse	0025_add_checkout_line_token	2026-03-06 11:23:25.262164+00
803	checkout	0043_add_token_old_id_created_at_to_checkout_line	2026-03-06 11:23:25.355272+00
804	checkout	0044_fulfill_checkout_line_new_fields	2026-03-06 11:23:25.421992+00
805	warehouse	0026_fulfill_checkout_line_token_fields	2026-03-06 11:23:25.428+00
806	warehouse	0027_alter_reservation_models_checkout_line	2026-03-06 11:23:25.57742+00
807	checkout	0045_alter_checkoutline_created_at	2026-03-06 11:23:25.609277+00
808	checkout	0046_alter_checkout_line_pk	2026-03-06 11:23:25.988704+00
809	warehouse	0028_rewrite_checkouline_relations	2026-03-06 11:23:26.661299+00
810	warehouse	0029_warehouse_channels	2026-03-06 11:23:26.72662+00
811	warehouse	0030_add_channels_to_warehouses	2026-03-06 11:23:26.78348+00
812	warehouse	0031_create_default_warehouse	2026-03-06 11:23:26.839034+00
813	product	0171_product_search_index_dirty	2026-03-06 11:23:26.919243+00
814	product	0171_alter_versatile_images	2026-03-06 11:23:27.390455+00
815	product	0172_merge_20220802_0817	2026-03-06 11:23:27.394001+00
816	product	0173_create_default_category_and_product_type	2026-03-06 11:23:27.520072+00
817	product	0174_drop_media_to_remove	2026-03-06 11:23:27.577571+00
818	product	0175_alter_productmedia_product	2026-03-06 11:23:27.630692+00
819	product	0172_alter_product_search_index_dirty	2026-03-06 11:23:27.684672+00
820	product	0174_merge_20221007_1322	2026-03-06 11:23:27.685646+00
821	product	0176_merge_20221007_1324	2026-03-06 11:23:27.686481+00
822	product	0177_product_tax_class_producttype_tax_class	2026-03-06 11:23:27.795589+00
823	tax	0004_migrate_tax_classes	2026-03-06 11:23:27.891141+00
824	product	0178_product_external_reference	2026-03-06 11:23:27.914696+00
825	product	0179_productvariant_external_reference	2026-03-06 11:23:27.933436+00
826	product	0180_productmedia_metadata	2026-03-06 11:23:27.982169+00
827	product	0178_fix_description_plaintext_field	2026-03-06 11:23:28.032214+00
828	product	0180_merge_20230417_1143	2026-03-06 11:23:28.033015+00
829	product	0181_merge_20230417_1323	2026-03-06 11:23:28.033784+00
830	product	0182_productvariantchannellisting_discounted_price_amount	2026-03-06 11:23:28.057761+00
831	product	0183_calculate_discounted_prices	2026-03-06 11:23:28.425226+00
832	product	0184_product_product_gin	2026-03-06 11:23:28.453925+00
833	product	0185_unmount_product_charge_taxes	2026-03-06 11:23:28.537526+00
834	product	0186_remove_product_charge_taxes	2026-03-06 11:23:28.540695+00
835	product	0187_category_updated_at	2026-03-06 11:23:28.552053+00
836	product	0188_category_updated_at_idx	2026-03-06 11:23:28.566682+00
837	tax	0005_migrate_vatlayer	2026-03-06 11:23:28.621412+00
838	order	0144_rewrite_fulfillmentline_orderline_relation	2026-03-06 11:23:28.838615+00
839	order	0145_rewrite_order_events	2026-03-06 11:23:28.900598+00
840	order	0137_auto_20220427_0822	2026-03-06 11:23:28.969859+00
841	order	0138_orderline_base_price	2026-03-06 11:23:29.034171+00
842	order	0146_merge_20220512_1005	2026-03-06 11:23:29.036083+00
843	order	0147_alter_orderline_options	2026-03-06 11:23:29.068219+00
844	order	0148_auto_20220519_1118	2026-03-06 11:23:29.239385+00
845	order	0149_add_fields_for_authorize_and_charge	2026-03-06 11:23:29.306757+00
846	order	0150_update_authorize_and_charge_status	2026-03-06 11:23:29.653951+00
847	order	0151_auto_20220606_1431	2026-03-06 11:23:29.729124+00
848	order	0152_update_order_search_vector	2026-03-06 11:23:29.802479+00
849	order	0139_fix_undiscounted_total_on_lines	2026-03-06 11:23:29.939425+00
850	order	0151_merge_20220615_1224	2026-03-06 11:23:29.940532+00
851	order	0153_merge_20220615_1232	2026-03-06 11:23:29.942234+00
852	order	0154_auto_20220621_0850	2026-03-06 11:23:30.09781+00
853	order	0155_order_should_refresh_prices	2026-03-06 11:23:30.142732+00
854	order	0156_order_tax_exemption	2026-03-06 11:23:30.198381+00
855	order	0157_order_base_shipping_price_amount	2026-03-06 11:23:30.282044+00
856	order	0158_migrate_base_shipping_price_amount	2026-03-06 11:23:30.406031+00
857	order	0159_order_shipping_tax_class_and_more	2026-03-06 11:23:31.142726+00
858	order	0160_order_external_reference	2026-03-06 11:23:31.190342+00
859	order	0140_fix_order_undiscounted_total	2026-03-06 11:23:31.255148+00
860	order	0152_merge_20221215_1217	2026-03-06 11:23:31.256121+00
861	order	0155_merge_20221215_1223	2026-03-06 11:23:31.257718+00
862	order	0156_merge_20221215_1235	2026-03-06 11:23:31.259412+00
863	order	0159_merge_20221215_1244	2026-03-06 11:23:31.260345+00
864	order	0160_merge_20221215_1253	2026-03-06 11:23:31.261103+00
865	order	0161_merge_20221219_1838	2026-03-06 11:23:31.261941+00
866	order	0162_order_granted_refund	2026-03-06 11:23:31.456129+00
867	order	0163_order_events_rename_transaction_events	2026-03-06 11:23:31.524341+00
868	order	0164_auto_20230329_1200	2026-03-06 11:23:31.603621+00
869	order	0165_order_expired_at	2026-03-06 11:23:31.644427+00
870	order	0166_order_propagate_expired_at	2026-03-06 11:23:31.704943+00
871	order	0167_bulk_order_create_20230315_1312	2026-03-06 11:23:31.792352+00
872	order	0168_order_bulk_permission	2026-03-06 11:23:31.856955+00
873	order	0169_alter_order_options	2026-03-06 11:23:31.899093+00
874	order	0170_auto_20230529_1314	2026-03-06 11:23:32.002911+00
875	discount	0037_rewrite_discount_order_relations	2026-03-06 11:23:32.537548+00
876	discount	0038_alter_orderdiscount_options	2026-03-06 11:23:32.564979+00
877	discount	0039_rename_created_sale_created_at	2026-03-06 11:23:32.594091+00
878	discount	0040_orderdiscount_token_old_id_created_at	2026-03-06 11:23:32.675807+00
879	discount	0041_fulfill_orderdiscount_token_created_at_old_id	2026-03-06 11:23:32.811462+00
880	discount	0042_migrate_orderdiscount_id_to_uuid	2026-03-06 11:23:32.953384+00
881	discount	0043_sale_notification_sent_datetime	2026-03-06 11:23:32.980465+00
882	checkout	0043_alter_checkout_voucher_code	2026-03-06 11:23:33.018605+00
883	checkout	0047_merge_20220519_1029	2026-03-06 11:23:33.019679+00
884	checkout	0048_alter_checkoutline_options	2026-03-06 11:23:33.046883+00
885	checkout	0049_auto_20220621_0850	2026-03-06 11:23:33.169316+00
886	checkout	0050_auto_20220713_1057	2026-03-06 11:23:33.808666+00
887	checkout	0051_auto_20220713_1103	2026-03-06 11:23:33.928737+00
888	checkout	0052_alter_checkoutline_currency	2026-03-06 11:23:33.974271+00
889	checkout	0053_checkout_tax_exemption	2026-03-06 11:23:34.022067+00
890	checkout	0054_alter_checkout_options	2026-03-06 11:23:34.108899+00
891	checkout	0055_create_checkout_metadata_model	2026-03-06 11:23:34.219163+00
892	checkout	0056_move_checkout_metadata_to_separate_model	2026-03-06 11:23:34.279113+00
893	checkout	0057_remove_metadata_from_checkout_model_state	2026-03-06 11:23:34.40797+00
894	checkout	0055_add_last_change_idx	2026-03-06 11:23:34.437172+00
895	checkout	0058_merge_0055_add_last_change_idx	2026-03-06 11:23:34.438103+00
896	checkout	0058_auto_20230313_1602	2026-03-06 11:23:34.504268+00
897	checkout	0059_merge_0058	2026-03-06 11:23:34.505079+00
898	discount	0044_auto_20230421_1018	2026-03-06 11:23:35.024249+00
899	channel	0009_channel_order_mark_as_paid_strategy	2026-03-06 11:23:35.043856+00
900	channel	0010_channel_default_transaction_flow_strategy	2026-03-06 11:23:35.062294+00
901	channel	0011_channel_expire_orders_after	2026-03-06 11:23:35.077288+00
902	channel	0012_channel_delete_expired_orders_after	2026-03-06 11:23:35.095418+00
903	discount	0045_promotions	2026-03-06 11:23:35.561155+00
904	product	0187_auto_20230614_0838	2026-03-06 11:23:35.693351+00
905	product	0189_merge_20230929_0857	2026-03-06 11:23:35.694105+00
906	product	0186_alter_productmedia_alt	2026-03-06 11:23:36.05946+00
907	product	0190_merge_20231221_1356	2026-03-06 11:23:36.065443+00
908	product	0188_merge_20231221_1119	2026-03-06 11:23:36.070201+00
909	product	0187_merge_20231221_1030	2026-03-06 11:23:36.071965+00
910	product	0189_merge_20240405_1121	2026-03-06 11:23:36.07295+00
911	product	0191_merge_20240405_1125	2026-03-06 11:23:36.074004+00
912	product	0187_productvariantchannellisting_product_pro_price_a_fb6bd3_gin	2026-03-06 11:23:36.143916+00
913	product	0188_merge_20240513_1023	2026-03-06 11:23:36.145426+00
914	product	0190_merge_20240513_1042	2026-03-06 11:23:36.146319+00
915	product	0192_merge_20240513_1055	2026-03-06 11:23:36.147023+00
916	product	0191_productchannellisting_discounted_price_dirty	2026-03-06 11:23:36.176145+00
917	product	0192_merge_20240405_1154	2026-03-06 11:23:36.177163+00
918	product	0193_merge_20240513_1105	2026-03-06 11:23:36.178072+00
919	product	0194_auto_20240620_1404	2026-03-06 11:23:36.205948+00
920	product	0195_add_slug_to_translations	2026-03-06 11:23:36.25104+00
921	product	0196_slug_unique_constraint	2026-03-06 11:23:36.312062+00
922	product	0197_productvariantchannellisting_prior_price_amount	2026-03-06 11:23:36.36537+00
923	product	0195_alter_productchannellisting_discounted_price_amount_and_more	2026-03-06 11:23:36.538755+00
924	product	0198_merge_20250507_0613	2026-03-06 11:23:36.540312+00
925	product	0199_alter_productvariantchannellisting_prior_price_amount	2026-03-06 11:23:36.578904+00
926	product	0198_alter_collection_products	2026-03-06 11:23:36.655444+00
927	product	0199_alter_category_metadata_and_more	2026-03-06 11:23:37.997467+00
928	product	0200_merge_20250527_1210	2026-03-06 11:23:38.001008+00
929	product	0201_productvariant_variant_gin	2026-03-06 11:23:38.027762+00
930	page	0018_migrate_content_json_into_content	2026-03-06 11:23:38.27604+00
931	page	0019_auto_20210125_0905	2026-03-06 11:23:38.294985+00
932	page	0020_update_content_fields	2026-03-06 11:23:38.786726+00
933	page	0021_auto_20210308_1135	2026-03-06 11:23:38.816762+00
934	page	0022_alter_pagetranslation_title	2026-03-06 11:23:38.826494+00
935	page	0023_auto_20210526_0835	2026-03-06 11:23:38.844852+00
936	page	0024_alter_pagetranslation_language_code	2026-03-06 11:23:38.854817+00
937	page	0025_rename_created_page_created_at	2026-03-06 11:23:38.929798+00
938	page	0026_alter_page_publication_date	2026-03-06 11:23:39.073572+00
939	page	0027_alter_page_created_at	2026-03-06 11:23:39.167924+00
940	page	0028_add_default_page_type	2026-03-06 11:23:39.251235+00
941	page	0029_add_page_translation_slug	2026-03-06 11:23:39.265855+00
942	page	0030_slug_translation_unique_constraint	2026-03-06 11:23:39.281392+00
943	page	0031_alter_page_metadata_alter_page_private_metadata_and_more	2026-03-06 11:23:39.562112+00
944	attribute	0002_auto_20201030_1141	2026-03-06 11:23:39.714056+00
945	attribute	0003_auto_20201113_1149	2026-03-06 11:23:39.7887+00
946	attribute	0004_auto_20201204_1325	2026-03-06 11:23:39.812608+00
947	attribute	0005_add_assignedattributevalues	2026-03-06 11:23:40.982012+00
948	attribute	0006_auto_20210105_1031	2026-03-06 11:23:40.995521+00
949	attribute	0007_auto_20210308_1135	2026-03-06 11:23:41.023199+00
950	attribute	0008_auto_20210407_0632	2026-03-06 11:23:41.062685+00
951	attribute	0009_auto_20210421_0552	2026-03-06 11:23:41.512797+00
952	attribute	0010_auto_20210412_0736	2026-03-06 11:23:41.533362+00
953	attribute	0011_update_values_file_urls	2026-03-06 11:23:41.594592+00
954	attribute	0011_attributevalue_attribute_a_name_9f3448_gin	2026-03-06 11:23:41.60554+00
955	attribute	0012_merge_20210608_1034	2026-03-06 11:23:41.606384+00
956	attribute	0013_auto_20210609_2245	2026-03-06 11:23:41.628701+00
957	attribute	0014_auto_20210619_1836	2026-03-06 11:23:41.648354+00
958	attribute	0015_auto_20210817_1015	2026-03-06 11:23:41.667002+00
959	attribute	0016_auto_20210827_0938	2026-03-06 11:23:41.690601+00
960	attribute	0017_auto_20210811_0701	2026-03-06 11:23:41.772058+00
961	attribute	0018_attributevariant_variant_selection	2026-03-06 11:23:41.854917+00
962	attribute	0019_auto_20220214_1025	2026-03-06 11:23:42.001221+00
963	attribute	0020_auto_20220214_1027	2026-03-06 11:23:42.066119+00
964	attribute	0021_auto_20220406_1713	2026-03-06 11:23:42.135218+00
965	attribute	0022_plain_text_attribute	2026-03-06 11:23:42.17451+00
966	attribute	0023_lstrip_slash_from_value_file_url	2026-03-06 11:23:42.240797+00
967	attribute	0022_attribute_value_translations_propagate_names	2026-03-06 11:23:42.306696+00
968	attribute	0024_merge_20221018_1100	2026-03-06 11:23:42.308471+00
969	attribute	0025_attribute_value_translations_propagate_names	2026-03-06 11:23:42.376599+00
970	attribute	0023_extend_reference_attr_with_variant	2026-03-06 11:23:42.764756+00
971	attribute	0024_merge_20221018_0714	2026-03-06 11:23:42.765536+00
972	attribute	0026_merge_20221019_0937	2026-03-06 11:23:42.76678+00
973	attribute	0027_auto_20221205_1650	2026-03-06 11:23:42.809478+00
974	attribute	0028_attribute_attribute_gin	2026-03-06 11:23:42.82068+00
975	attribute	0029_alter_attribute_unit	2026-03-06 11:23:42.833714+00
976	attribute	0030_assignedproductattributevalue_product	2026-03-06 11:23:42.90767+00
977	attribute	0031_extend_attributr_value_fields_length	2026-03-06 11:23:42.998977+00
978	attribute	0032_assignedpageattributevalue_page_add_field	2026-03-06 11:23:43.068709+00
979	attribute	0033_assignedpageattributevalue_page_add_index	2026-03-06 11:23:43.084406+00
980	attribute	0034_assignedpageattributevalue_page_data_migration	2026-03-06 11:23:43.14934+00
981	attribute	0035_assignedproductattributevalue_product_add_index	2026-03-06 11:23:43.173905+00
982	attribute	0036_assignedproductattributevalue_product_data_migration	2026-03-06 11:23:43.243347+00
983	attribute	0037_remove_assignedpageattribute	2026-03-06 11:23:43.94801+00
984	attribute	0038_remove_assignedproductattribute	2026-03-06 11:23:44.331017+00
985	attribute	0029_attribute_max_sort_order	2026-03-06 11:23:44.343145+00
986	attribute	0030_merge_20231110_1243	2026-03-06 11:23:44.34428+00
987	attribute	0037_merge_20231113_1050	2026-03-06 11:23:44.345176+00
988	attribute	0039_merge_20231113_1132	2026-03-06 11:23:44.345848+00
989	attribute	0040_auto_20240508_0854	2026-03-06 11:23:44.373372+00
990	attribute	0041_auto_20240508_0855	2026-03-06 11:23:44.383456+00
991	attribute	0042_propagate_temporary_field	2026-03-06 11:23:44.643222+00
992	attribute	0040_clear_assignedattributes	2026-03-06 11:23:44.65299+00
993	attribute	0043_merge_20240606_1430	2026-03-06 11:23:44.656342+00
994	attribute	0044_reintroduce_attribute_value_constraints	2026-03-06 11:23:44.670997+00
995	attribute	0045_drop_temporary_fields	2026-03-06 11:23:44.699183+00
996	attribute	0046_auto_20240611_1143	2026-03-06 11:23:44.704135+00
997	attribute	0047_alter_attribute_page_types_and_more	2026-03-06 11:23:45.220852+00
998	attribute	0048_alter_attribute_metadata_and_more	2026-03-06 11:23:45.25411+00
999	attribute	0049_attributevalue_references_attr_entity_type	2026-03-06 11:23:45.42269+00
1000	attribute	0050_alter_attribute_input_type	2026-03-06 11:23:45.436457+00
1001	attribute	0051_attributevalue_numeric	2026-03-06 11:23:45.46543+00
1002	attribute	0052_attributevalue_attribute_value_numeric_idx	2026-03-06 11:23:45.499224+00
1003	attribute	0053_fulfill_numeric_attribute_value	2026-03-06 11:23:45.568774+00
1004	attribute	0054_attribute_reference_page_and_product_types	2026-03-06 11:23:45.742796+00
1005	attribute	0055_assignedvariantattributevalue_variant	2026-03-06 11:23:45.887379+00
1006	auth	0013_auto_20221214_1224	2026-03-06 11:23:45.889862+00
1007	channel	0013_auto_20230630_1039	2026-03-06 11:23:45.930092+00
1008	channel	0014_channel_allow_to_create_order_without_payment	2026-03-06 11:23:45.953483+00
1009	channel	0015_channel_use_legacy_error_flow_for_checkout	2026-03-06 11:23:45.97827+00
1010	channel	0016_auto_20230816_1209	2026-03-06 11:23:46.444688+00
1011	channel	0017_channel_include_draft_order_in_voucher_usage	2026-03-06 11:23:46.465558+00
1012	channel	0018_channel_automatically_complete_paid_checkouts	2026-03-06 11:23:46.486999+00
1013	channel	0019_channel_draft_order_line_price_freeze_period	2026-03-06 11:23:46.519538+00
1014	channel	0020_channel_use_legacy_line_voucher_propagation_for_order	2026-03-06 11:23:46.538973+00
1015	channel	0021_rename_use_legacy_line_voucher_propagation_for_order_channel_use_legacy_line_discount_propagation_fo	2026-03-06 11:23:46.60919+00
1016	channel	0019_auto_20250625_1048	2026-03-06 11:23:46.670122+00
1017	channel	0020_migrate_checkout_ttl_release_funds	2026-03-06 11:23:46.741798+00
1018	channel	0022_merge_20250708_1220	2026-03-06 11:23:46.743055+00
1019	channel	0020_alter_channel_metadata_and_more	2026-03-06 11:23:46.879992+00
1020	channel	0021_merge_20250423_1021	2026-03-06 11:23:46.881677+00
1021	channel	0022_merge_20250527_1210	2026-03-06 11:23:46.882566+00
1022	channel	0023_merge_20250709_1453	2026-03-06 11:23:46.88468+00
1023	channel	0024_channel_automatic_completion_delay	2026-03-06 11:23:46.905549+00
1024	channel	0025_set_automatic_completion_delay	2026-03-06 11:23:46.973822+00
1025	channel	0026_channel_automatic_completion_cut_off_date	2026-03-06 11:23:46.996752+00
1026	warehouse	0032_alter_channel_warehouse	2026-03-06 11:23:47.2094+00
1027	warehouse	0033_warehouse_external_reference	2026-03-06 11:23:47.239695+00
1028	warehouse	0034_warehouse_click_and_collect_option_idx	2026-03-06 11:23:47.269293+00
1029	warehouse	0035_alter_warehouse_metadata_and_more	2026-03-06 11:23:47.326358+00
1030	shipping	0030_auto_20210415_1001	2026-03-06 11:23:47.373159+00
1031	shipping	0031_alter_shippingmethodtranslation_language_code	2026-03-06 11:23:47.390698+00
1032	shipping	0032_shippingmethod_tax_class	2026-03-06 11:23:47.739635+00
1033	shipping	0033_add_default_shipping	2026-03-06 11:23:47.815096+00
1034	shipping	0034_shippingzone_countries_idx	2026-03-06 11:23:47.838771+00
1035	shipping	0035_alter_shippingmethodchannellisting_maximum_order_price_amount_and_more	2026-03-06 11:23:47.909981+00
1036	shipping	0035_alter_shippingmethod_metadata_and_more	2026-03-06 11:23:48.130419+00
1037	shipping	0036_merge_20250527_1210	2026-03-06 11:23:48.131576+00
1038	shipping	0036_alter_shippingzone_countries	2026-03-06 11:23:48.20856+00
1039	shipping	0037_merge_20250630_1332	2026-03-06 11:23:48.210731+00
1040	giftcard	0002_auto_20190814_0413	2026-03-06 11:23:48.392575+00
1041	giftcard	0003_auto_20200217_0350	2026-03-06 11:23:48.420416+00
1042	giftcard	0004_auto_20200902_1249	2026-03-06 11:23:48.61861+00
1043	giftcard	0005_auto_20210719_1116	2026-03-06 11:23:49.698024+00
1044	giftcard	0006_auto_20210719_1117	2026-03-06 11:23:49.756371+00
1045	giftcard	0007_auto_20210719_1311	2026-03-06 11:23:49.855863+00
1046	giftcard	0008_auto_20210818_0633	2026-03-06 11:23:50.282556+00
1047	giftcard	0009_giftcard_fulfillment_line	2026-03-06 11:23:50.363185+00
1048	giftcard	0010_auto_20211007_0546	2026-03-06 11:23:50.592864+00
1049	giftcard	0011_auto_20211007_0547	2026-03-06 11:23:50.6578+00
1050	giftcard	0012_auto_20211007_0655	2026-03-06 11:23:50.715498+00
1051	giftcard	0013_giftcardevent_order	2026-03-06 11:23:50.783399+00
1052	giftcard	0014_set_giftcardevent_order_values	2026-03-06 11:23:50.844591+00
1053	giftcard	0015_rename_created_giftcard_created_at	2026-03-06 11:23:50.910691+00
1054	giftcard	0016_alter_giftcard_created_at	2026-03-06 11:23:50.98196+00
1055	giftcard	0017_alter_giftcard_code	2026-03-06 11:23:51.304943+00
1056	giftcard	0018_metadata_index	2026-03-06 11:23:51.389926+00
1057	giftcard	0019_auto_20230626_1315	2026-03-06 11:23:51.476611+00
1058	giftcard	0020_search_vector_index	2026-03-06 11:23:51.517056+00
1059	giftcard	0021_alter_giftcard_metadata_and_more	2026-03-06 11:23:51.656323+00
1060	giftcard	0021_alter_giftcard_current_balance_amount_and_more	2026-03-06 11:23:51.817754+00
1061	giftcard	0022_merge_20250527_1210	2026-03-06 11:23:51.819343+00
1062	tax	0006_alter_taxconfiguration_tax_calculation_strategy	2026-03-06 11:23:51.84275+00
1063	tax	0007_auto_20230217_0837	2026-03-06 11:23:51.910692+00
1064	tax	0008_auto_20240122_1353	2026-03-06 11:23:51.93484+00
1065	checkout	0060_fix_charge_and_authorize_status_for_empty_checkouts	2026-03-06 11:23:52.002017+00
1066	checkout	0061_checkout_last_transaction_modified_at_and_refundable	2026-03-06 11:23:52.078584+00
1067	checkout	0062_update_checkout_last_transaction_modified_at_and_refundable	2026-03-06 11:23:52.518481+00
1068	checkout	0063_checkout_base_total_and_subtotal	2026-03-06 11:23:52.626507+00
1069	checkout	0064_checkoutline_is_gift	2026-03-06 11:23:52.666075+00
1070	checkout	0065_checkout_tax_error	2026-03-06 11:23:52.704677+00
1071	checkout	0063_auto_20240402_1114	2026-03-06 11:23:52.70635+00
1072	checkout	0066_merge_0063_auto_20240402_1114_0065_checkout_tax_error	2026-03-06 11:23:52.707529+00
1073	checkout	0067_auto_20240405_0756	2026-03-06 11:23:52.776339+00
1074	checkout	0064_checkout_is_voucher_usage_increased	2026-03-06 11:23:52.816275+00
1075	checkout	0068_merge_20240424_1209	2026-03-06 11:23:52.817505+00
1076	checkout	0065_checkout_completing_started_at	2026-03-06 11:23:52.856048+00
1077	checkout	0069_merge_20240514_1008	2026-03-06 11:23:52.857712+00
1078	checkout	0070_checkoutline_undiscounted_unit_price_amount	2026-03-06 11:23:52.891115+00
1079	checkout	0071_propagate_line_unidscounted_unit_price	2026-03-06 11:23:52.962002+00
1080	checkout	0072_propagate_line_undiscounted_unit_price	2026-03-06 11:23:52.963382+00
1081	checkout	0072_alter_checkoutline_undiscounted_unit_price_amount	2026-03-06 11:23:52.999463+00
1082	checkout	0073_merge_20241107_1646	2026-03-06 11:23:53.001846+00
1083	checkout	0074_checkoutline_prior_unit_price_amount	2026-03-06 11:23:53.03588+00
1084	checkout	0073_checkout_external_shipping_method_id_and_more	2026-03-06 11:23:53.159196+00
1085	checkout	0075_merge_20250210_1203	2026-03-06 11:23:53.160726+00
1086	checkout	0076_checkout_save_billing_address_and_more	2026-03-06 11:23:53.246191+00
1087	checkout	0074_alter_checkout_external_shipping_method_id	2026-03-06 11:23:53.288393+00
1088	checkout	0077_merge_20250303_0958	2026-03-06 11:23:53.289481+00
1089	checkout	0075_alter_checkout_base_subtotal_amount_and_more	2026-03-06 11:23:54.152809+00
1090	checkout	0078_merge_20250507_0613	2026-03-06 11:23:54.154045+00
1091	checkout	0079_alter_checkoutline_prior_unit_price_amount_and_more	2026-03-06 11:23:54.228174+00
1092	checkout	0080_alter_checkout_external_shipping_method_id	2026-03-06 11:23:54.268896+00
1093	checkout	0076_checkout_discount_expiration	2026-03-06 11:23:54.311006+00
1094	checkout	0081_merge_20251107_1134	2026-03-06 11:23:54.311978+00
1095	checkout	0078_alter_checkoutline_metadata_and_more	2026-03-06 11:23:54.407915+00
1096	checkout	0080_merge_20250527_1210	2026-03-06 11:23:54.40906+00
1097	checkout	0081_merge_20251103_0924	2026-03-06 11:23:54.410038+00
1098	checkout	0082_merge_20251107_1235	2026-03-06 11:23:54.41078+00
1099	checkout	0083_checkout_last_automatic_completion_attempt	2026-03-06 11:23:54.444416+00
1100	checkout	0084_checkout_automaticcompletionattempt_idx	2026-03-06 11:23:54.484244+00
1101	checkout	0085_checkout_delivery_methods_stale_at_checkoutdelivery_and_more	2026-03-06 11:23:54.70776+00
1102	checkout	0077_checkout_idx_checkout_created_at	2026-03-06 11:23:54.744632+00
1103	checkout	0078_clean_duplicated_gift_lines	2026-03-06 11:23:54.807803+00
1104	checkout	0082_merge_20251211_1339	2026-03-06 11:23:54.809832+00
1105	checkout	0086_merge_20251212_0956	2026-03-06 11:23:54.811054+00
1106	checkout	0083_fix_shared_address_instances	2026-03-06 11:23:54.811879+00
1107	checkout	0087_merge_20251223_1336	2026-03-06 11:23:54.812632+00
1108	checkout	0088_reapply_fix_shared_address_instances	2026-03-06 11:23:55.396401+00
1109	core	0002_initial	2026-03-06 11:23:55.539345+00
1110	core	0003_eventdeliveryattempt_response_status_code	2026-03-06 11:23:55.54676+00
1111	core	0004_delete_delivery_without_webhook	2026-03-06 11:23:55.619396+00
1112	core	0005_alter_eventdelivery_webhook	2026-03-06 11:23:55.707226+00
1113	core	0006_celerytask	2026-03-06 11:23:55.716304+00
1114	core	0007_delete_celerytask	2026-03-06 11:23:55.719836+00
1115	core	0008_drop_openexchangerates_table	2026-03-06 11:23:55.722417+00
1116	core	0009_add_temporary_vatlayer_tables	2026-03-06 11:23:55.730752+00
1117	core	0010_drop_vatlayer_tables	2026-03-06 11:23:55.735361+00
1118	core	0011_eventpayload_payload_file	2026-03-06 11:23:55.744371+00
1119	csv	0001_initial	2026-03-06 11:23:55.893737+00
1120	csv	0002_exportfile_message	2026-03-06 11:23:55.918411+00
1121	csv	0003_auto_20200810_1415	2026-03-06 11:23:55.942403+00
1122	csv	0004_auto_20210709_1043	2026-03-06 11:23:56.104745+00
1123	payment	0052_auto_20230816_1214	2026-03-06 11:23:56.179706+00
1124	payment	0053_auto_20230601_0818	2026-03-06 11:23:56.330019+00
1125	order	0171_auto_20230518_0854	2026-03-06 11:23:56.436161+00
1126	order	0172_auto_20230627_0816	2026-03-06 11:23:56.817782+00
1127	order	0173_auto_20230816_1245	2026-03-06 11:23:56.853371+00
1128	order	0174_order_idx_order_created_at	2026-03-06 11:23:56.900639+00
1129	order	0175_order_voucher_code	2026-03-06 11:23:56.947126+00
1130	order	0176_order_voucher_code_add_index	2026-03-06 11:23:56.993453+00
1131	discount	0046_promotion_discount_indexes	2026-03-06 11:23:57.081859+00
1132	discount	0047_migrate_sales_to_promotions	2026-03-06 11:23:57.215291+00
1133	discount	0048_old_sale_ids_sequence	2026-03-06 11:23:57.220089+00
1134	discount	0049_promotionevent	2026-03-06 11:23:57.302743+00
1135	discount	0048_remigrate_sales_to_promotions	2026-03-06 11:23:57.303419+00
1136	discount	0050_merge_20231004_1306	2026-03-06 11:23:57.304298+00
1137	discount	0051_detach_sale_from_permission	2026-03-06 11:23:57.382807+00
1138	discount	0052_drop_sales_constraints	2026-03-06 11:23:57.401699+00
1139	discount	0053_drop_sales_indexes	2026-03-06 11:23:57.42791+00
1140	discount	0054_drop_sales_models	2026-03-06 11:23:58.393605+00
1141	discount	0055_vouchercode	2026-03-06 11:23:58.47287+00
1142	discount	0056_voucher_code_indexes	2026-03-06 11:23:58.489336+00
1143	order	0177_set_order_voucher_code	2026-03-06 11:23:58.552728+00
1144	discount	0057_move_codes_to_new_model	2026-03-06 11:23:58.62135+00
1145	discount	0058_vouchercustomer_vouchercode	2026-03-06 11:23:58.714479+00
1146	discount	0059_vouchercustomer_voucher_code_index	2026-03-06 11:23:58.732436+00
1147	discount	0060_set_vouchercustomer_codes	2026-03-06 11:23:59.01591+00
1148	discount	0061_basediscount_add_voucher_code	2026-03-06 11:23:59.091171+00
1149	discount	0062_basediscount_voucher_code_add_index	2026-03-06 11:23:59.169345+00
1150	discount	0063_basediscount_voucher_code	2026-03-06 11:23:59.355011+00
1151	discount	0055_drop_sales_from_db	2026-03-06 11:23:59.36184+00
1152	discount	0064_merge_20231020_1334	2026-03-06 11:23:59.363506+00
1153	discount	0065_remove_voucher_code_index	2026-03-06 11:23:59.366266+00
1154	discount	0066_clear_voucher_and_vouchercustomer	2026-03-06 11:23:59.75438+00
1155	discount	0067_voucher_single_use	2026-03-06 11:23:59.828401+00
1156	discount	0064_alter_promotionrule_catalogue_predicate	2026-03-06 11:24:00.199618+00
1157	discount	0068_merge_20231106_1013	2026-03-06 11:24:00.201262+00
1158	discount	0065_vouchercode_created_at_check	2026-03-06 11:24:00.203666+00
1159	discount	0069_merge_20231117_0959	2026-03-06 11:24:00.204355+00
1160	discount	0066_promotionrule_variants	2026-03-06 11:24:00.283839+00
1161	discount	0067_fulfill_promotionrule_variants	2026-03-06 11:24:00.353774+00
1162	discount	0068_promotion_start_end_date_indexes	2026-03-06 11:24:00.368305+00
1163	discount	0070_merge_20231215_0911	2026-03-06 11:24:00.368996+00
1164	discount	0070_alter_promotion_options	2026-03-06 11:24:00.442659+00
1165	discount	0071_merge_20231215_0943	2026-03-06 11:24:00.443488+00
1166	discount	0072_auto_20231213_1413	2026-03-06 11:24:00.446871+00
1167	discount	0073_auto_20231213_1535	2026-03-06 11:24:00.449555+00
1168	discount	0074_auto_20240119_1029	2026-03-06 11:24:00.888423+00
1169	discount	0075_promotionrule_gifts	2026-03-06 11:24:01.193351+00
1170	discount	0076_promotionrule_variants_dirty	2026-03-06 11:24:01.194153+00
1171	discount	0069_promotionrule_variants	2026-03-06 11:24:01.665703+00
1172	discount	0070_alter_promotionrule_variants_id	2026-03-06 11:24:01.744002+00
1173	discount	0071_merge_20240307_1156	2026-03-06 11:24:01.74527+00
1174	discount	0077_merge_20240307_1217	2026-03-06 11:24:01.746071+00
1175	discount	0078_add_unique_type	2026-03-06 11:24:01.746827+00
1176	discount	0079_add_index_for_unique_type	2026-03-06 11:24:01.747579+00
1177	discount	0080_add_unique_type_constraint	2026-03-06 11:24:01.748513+00
1178	discount	0072_promotionrule_variants_dirty	2026-03-06 11:24:01.783472+00
1179	discount	0081_merge_20240422_1207	2026-03-06 11:24:01.784801+00
1180	discount	0073_add_unique_type	2026-03-06 11:24:01.843228+00
1181	discount	0074_add_index_for_unique_type	2026-03-06 11:24:01.851318+00
1182	discount	0075_add_unique_type_constraint	2026-03-06 11:24:01.902281+00
1183	discount	0082_merge_20240509_1550	2026-03-06 11:24:01.903097+00
1184	discount	0083_auto_20240510_0838	2026-03-06 11:24:01.948252+00
1185	discount	0084_set_missing_currency	2026-03-06 11:24:02.018841+00
1186	discount	0085_alter_promotion_metadata_and_more	2026-03-06 11:24:02.094825+00
1187	discount	0085_alter_checkoutdiscount_amount_value_and_more	2026-03-06 11:24:02.434293+00
1188	discount	0086_merge_20250527_1210	2026-03-06 11:24:02.435383+00
1189	discount	0086_alter_voucher_countries	2026-03-06 11:24:02.463222+00
1190	discount	0087_merge_20250630_1332	2026-03-06 11:24:02.464157+00
1191	django_celery_beat	0001_initial	2026-03-06 11:24:02.492478+00
1192	django_celery_beat	0002_auto_20161118_0346	2026-03-06 11:24:02.504603+00
1193	django_celery_beat	0003_auto_20161209_0049	2026-03-06 11:24:02.516812+00
1194	django_celery_beat	0004_auto_20170221_0000	2026-03-06 11:24:02.522142+00
1195	django_celery_beat	0005_add_solarschedule_events_choices	2026-03-06 11:24:02.527964+00
1196	django_celery_beat	0006_auto_20180322_0932	2026-03-06 11:24:02.564712+00
1197	django_celery_beat	0007_auto_20180521_0826	2026-03-06 11:24:02.58196+00
1198	django_celery_beat	0008_auto_20180914_1922	2026-03-06 11:24:02.615344+00
1199	django_celery_beat	0006_auto_20180210_1226	2026-03-06 11:24:02.638961+00
1200	django_celery_beat	0006_periodictask_priority	2026-03-06 11:24:02.648195+00
1201	django_celery_beat	0009_periodictask_headers	2026-03-06 11:24:02.657511+00
1202	django_celery_beat	0010_auto_20190429_0326	2026-03-06 11:24:03.112896+00
1203	django_celery_beat	0011_auto_20190508_0153	2026-03-06 11:24:03.152317+00
1204	django_celery_beat	0012_periodictask_expire_seconds	2026-03-06 11:24:03.164091+00
1205	django_celery_beat	0013_auto_20200609_0727	2026-03-06 11:24:03.17513+00
1206	django_celery_beat	0014_remove_clockedschedule_enabled	2026-03-06 11:24:03.181426+00
1207	django_celery_beat	0015_edit_solarschedule_events_choices	2026-03-06 11:24:03.187621+00
1208	django_celery_beat	0016_alter_crontabschedule_timezone	2026-03-06 11:24:03.200152+00
1209	django_celery_beat	0017_alter_crontabschedule_month_of_year	2026-03-06 11:24:03.210188+00
1210	django_celery_beat	0018_improve_crontab_helptext	2026-03-06 11:24:03.225878+00
1211	django_celery_beat	0019_alter_periodictasks_options	2026-03-06 11:24:03.229662+00
1212	order	0165_fix_order_charge_status_with_transactions	2026-03-06 11:24:03.303836+00
1213	order	0170_merge_20231030_0857	2026-03-06 11:24:03.304709+00
1214	order	0174_merge_20231030_1033	2026-03-06 11:24:03.305509+00
1215	order	0175_merge_20231030_1040	2026-03-06 11:24:03.306236+00
1216	order	0178_merge_20231030_1055	2026-03-06 11:24:03.306873+00
1217	order	0171_order_order_user_email_user_id_idx	2026-03-06 11:24:03.353948+00
1218	order	0175_merge_20231122_1040	2026-03-06 11:24:03.354716+00
1219	order	0176_merge_20231122_1346	2026-03-06 11:24:03.355475+00
1220	order	0179_merge_20231122_1348	2026-03-06 11:24:03.356816+00
1221	order	0180_auto_20231108_0908	2026-03-06 11:24:03.461732+00
1222	order	0181_order_subtotal_as_a_field	2026-03-06 11:24:03.539318+00
1223	order	0182_orderline_is_gift	2026-03-06 11:24:03.595983+00
1224	order	0183_order_tax_error	2026-03-06 11:24:03.67678+00
1225	order	0172_update_order_cc_addresses	2026-03-06 11:24:03.751584+00
1226	order	0176_merge_20240325_1315	2026-03-06 11:24:03.752383+00
1227	order	0177_merge_20240325_1329	2026-03-06 11:24:03.753277+00
1228	order	0180_merge_20240325_1333	2026-03-06 11:24:03.753952+00
1229	order	0182_merge_20240325_1338	2026-03-06 11:24:03.754534+00
1230	order	0184_merge_0182_merge_20240325_1338_0183_order_tax_error	2026-03-06 11:24:03.755278+00
1231	order	0173_alter_orderline_unit_discount_type_add_is_price_overridden	2026-03-06 11:24:03.827958+00
1232	order	0177_merge_20240606_1022	2026-03-06 11:24:03.828907+00
1233	order	0178_merge_20240606_1036	2026-03-06 11:24:03.829714+00
1234	order	0181_merge_20240606_1325	2026-03-06 11:24:03.830345+00
1235	order	0185_merge_20240607_1231	2026-03-06 11:24:03.831019+00
1236	order	0183_merge_20240607_1222	2026-03-06 11:24:03.831733+00
1237	order	0186_merge_20240607_1247	2026-03-06 11:24:03.832427+00
1238	order	0184_orderevent_order_order_type_37fa0c_idx	2026-03-06 11:24:03.869661+00
1239	order	0187_merge_20240624_1245	2026-03-06 11:24:03.87047+00
1240	order	0188_order_undiscounted_base_shipping_price_amount	2026-03-06 11:24:03.921772+00
1241	order	0189_set_undiscounted_base_shipping_price	2026-03-06 11:24:04.008626+00
1242	order	0190_set_undiscounted_base_shipping_price	2026-03-06 11:24:04.082035+00
1243	order	0174_order_checkout_token_btree_idx	2026-03-06 11:24:04.1369+00
1244	order	0178_merge_20240726_1425	2026-03-06 11:24:04.137719+00
1245	order	0179_merge_20240726_1438	2026-03-06 11:24:04.138719+00
1246	order	0182_merge_20240726_1442	2026-03-06 11:24:04.139537+00
1247	order	0185_merge_20240726_1445	2026-03-06 11:24:04.140224+00
1248	order	0191_merge_20240726_1508	2026-03-06 11:24:04.140933+00
1249	order	0192_set_undiscounted_base_shipping_price_on_draft_orders	2026-03-06 11:24:04.425703+00
1250	payment	0054_merge_20231122_0828	2026-03-06 11:24:04.4267+00
1251	payment	0055_merge_20231212_1610	2026-03-06 11:24:04.427859+00
1252	payment	0056_merge_20231213_0755	2026-03-06 11:24:04.428668+00
1253	order	0185_ordergrantedrefund_transaction_item	2026-03-06 11:24:04.54475+00
1254	order	0187_merge_20240617_1056	2026-03-06 11:24:04.545556+00
1255	order	0188_merge_20240624_1308	2026-03-06 11:24:04.546715+00
1256	order	0189_merge_20240708_0813	2026-03-06 11:24:04.547696+00
1257	order	0190_merge_20240708_0814	2026-03-06 11:24:04.548566+00
1258	order	0191_merge_20240725_0844	2026-03-06 11:24:04.549625+00
1259	order	0192_merge_20240726_1513	2026-03-06 11:24:04.550811+00
1260	order	0193_merge_20240805_0810	2026-03-06 11:24:04.551841+00
1261	order	0194_alter_orderevent_type	2026-03-06 11:24:04.595286+00
1262	order	0193_fix_subtotal_value_for_order_from_bulk	2026-03-06 11:24:04.672847+00
1263	order	0195_merge_20241014_0617	2026-03-06 11:24:04.674034+00
1264	order	0191_alter_order_undiscounted_base_shipping_price_amount	2026-03-06 11:24:04.728405+00
1265	order	0192_merge_20240725_0850	2026-03-06 11:24:04.72939+00
1266	order	0193_merge_20240726_1516	2026-03-06 11:24:04.730226+00
1267	order	0194_merge_20240805_0820	2026-03-06 11:24:04.730841+00
1268	order	0195_merge_20241004_0811	2026-03-06 11:24:04.73153+00
1269	order	0196_merge_20241014_0631	2026-03-06 11:24:04.732242+00
1270	order	0197_order_draft_save_billing_address_and_more	2026-03-06 11:24:04.851401+00
1271	order	0198_orderline_draft_base_price_expire_at	2026-03-06 11:24:04.887275+00
1272	order	0199_set_draft_base_price_expire_at	2026-03-06 11:24:04.961648+00
1273	order	0200_order_with_waiting_for_approval_fulfillments	2026-03-06 11:24:05.03275+00
1274	order	0196_alter_fulfillment_shipping_refund_amount_and_more	2026-03-06 11:24:06.488842+00
1275	order	0201_merge_20250507_0613	2026-03-06 11:24:06.489912+00
1276	order	0202_alter_order_undiscounted_base_shipping_price_amount	2026-03-06 11:24:06.543741+00
1277	order	0201_alter_fulfillment_metadata_and_more	2026-03-06 11:24:07.2132+00
1278	order	0203_merge_20250527_1210	2026-03-06 11:24:07.214098+00
1279	invoice	0008_rewrite_invoice_order_relations	2026-03-06 11:24:07.746206+00
1280	invoice	0009_alter_invoice_options	2026-03-06 11:24:07.769898+00
1281	invoice	0010_alter_invoice_metadata_and_more	2026-03-06 11:24:08.108786+00
1282	invoice	0011_invoice_invoice_created_at_idx	2026-03-06 11:24:08.135696+00
1283	product	0202_category_product_category_tree_id_lf1e1	2026-03-06 11:24:08.153424+00
1284	menu	0004_sort_order_index	2026-03-06 11:24:08.17514+00
1285	menu	0005_auto_20180719_0520	2026-03-06 11:24:08.181891+00
1286	menu	0006_auto_20180803_0528	2026-03-06 11:24:08.283649+00
1287	menu	0007_auto_20180807_0547	2026-03-06 11:24:08.361551+00
1288	menu	0008_menu_json_content_new	2026-03-06 11:24:08.440859+00
1289	menu	0009_remove_menu_json_content	2026-03-06 11:24:08.449173+00
1290	menu	0010_auto_20180913_0841	2026-03-06 11:24:08.45641+00
1291	menu	0011_auto_20181204_0004	2026-03-06 11:24:08.461649+00
1292	menu	0012_auto_20190104_0443	2026-03-06 11:24:08.466983+00
1293	menu	0013_auto_20190507_0309	2026-03-06 11:24:08.519903+00
1294	menu	0014_auto_20190523_0759	2026-03-06 11:24:08.539671+00
1295	menu	0015_auto_20190725_0811	2026-03-06 11:24:08.562547+00
1296	menu	0016_auto_20200217_0350	2026-03-06 11:24:08.575735+00
1297	menu	0017_remove_menu_json_content	2026-03-06 11:24:08.582926+00
1298	menu	0018_auto_20200709_1102	2026-03-06 11:24:08.608415+00
1299	menu	0019_menu_slug	2026-03-06 11:24:08.738485+00
1300	menu	0020_auto_20201223_0845	2026-03-06 11:24:08.792425+00
1301	menu	0021_auto_20210308_1135	2026-03-06 11:24:08.827208+00
1302	menu	0022_alter_menuitemtranslation_language_code	2026-03-06 11:24:08.834345+00
1303	menu	0023_alter_menu_metadata_alter_menu_private_metadata_and_more	2026-03-06 11:24:08.88934+00
1304	menu	0024_menuitem_menu_menuitem_tree_id_lft_idx	2026-03-06 11:24:08.906611+00
1305	tax	0009_alter_taxclasscountryrate_rate	2026-03-06 11:24:08.91808+00
1306	tax	0010_taxconfiguration_use_weighted_tax_for_shipping_and_more	2026-03-06 11:24:08.943028+00
1307	tax	0009_alter_taxclass_metadata_and_more	2026-03-06 11:24:08.996175+00
1308	tax	0010_merge_20250527_1210	2026-03-06 11:24:08.997133+00
1309	tax	0011_merge_20250530_0929	2026-03-06 11:24:08.997898+00
1310	order	0203_order_lines_count	2026-03-06 11:24:09.040623+00
1311	order	0204_set_order_lines_count	2026-03-06 11:24:09.136614+00
1312	order	0204_merge_0203_merge_20250527_1210_0203_order_lines_count	2026-03-06 11:24:09.137802+00
1313	order	0205_merge_20250603_1125	2026-03-06 11:24:09.13914+00
1314	order	0206_alter_order_lines_count	2026-03-06 11:24:09.194275+00
1315	order	0207_fulfillment_fulfillment_status_idx	2026-03-06 11:24:09.222439+00
1316	order	0208_order_lines_count_idx	2026-03-06 11:24:09.494663+00
1317	order	0209_orderline_product_type_id	2026-03-06 11:24:09.530715+00
1318	order	0210_populated_order_line_product_type_id	2026-03-06 11:24:09.600973+00
1319	order	0211_order_totalamount_indexes	2026-03-06 11:24:09.698216+00
1320	order	0212_orderline_product_type_id_btree_idx	2026-03-06 11:24:09.737541+00
1321	order	0213_auto_20250618_1246	2026-03-06 11:24:09.799423+00
1322	order	0214_orderevent_order_orderevent_date_idx	2026-03-06 11:24:09.833852+00
1323	order	0214_order_order_status_idx	2026-03-06 11:24:09.8789+00
1324	order	0215_merge_20250623_0624	2026-03-06 11:24:09.879544+00
1325	order	0197_fix_negative_total_net_for_orders_using_gift_cards	2026-03-06 11:24:09.946366+00
1326	order	0205_merge_20250703_1438	2026-03-06 11:24:09.947305+00
1327	order	0216_merge_20250704_1033	2026-03-06 11:24:09.948082+00
1328	order	0217_ordergrantedrefund_reason_reference	2026-03-06 11:24:10.046807+00
1329	order	0206_order_shipping_method_metadata_and_more	2026-03-06 11:24:10.154007+00
1330	order	0218_merge_20251112_1035	2026-03-06 11:24:10.154898+00
1331	order	0198_clean_duplicated_gift_lines	2026-03-06 11:24:10.229881+00
1332	order	0207_merge_20251211_1339	2026-03-06 11:24:10.231662+00
1333	order	0219_merge_20251212_0955	2026-03-06 11:24:10.233159+00
1334	payment	0056_fix_invalid_atobarai_payments	2026-03-06 11:24:10.31959+00
1335	payment	0057_transaction_token_idx	2026-03-06 11:24:10.332026+00
1336	payment	0057_merge_20240514_0825	2026-03-06 11:24:10.332791+00
1337	payment	0058_merge_20240802_1119	2026-03-06 11:24:10.333717+00
1338	payment	0057_transactionevent_related_granted_refund	2026-03-06 11:24:10.640958+00
1339	payment	0058_merge_20240514_1004	2026-03-06 11:24:10.641799+00
1340	payment	0059_merge_20240802_1125	2026-03-06 11:24:10.642653+00
1341	payment	0060_alter_payment_metadata_and_more	2026-03-06 11:24:10.765416+00
1342	payment	0060_alter_payment_captured_amount_alter_payment_total_and_more	2026-03-06 11:24:11.194676+00
1343	payment	0061_merge_20250527_1210	2026-03-06 11:24:11.195867+00
1344	payment	0062_transactionitem_cc_brand_and_more	2026-03-06 11:24:11.45664+00
1345	payment	0063_transactionitem_payment_method_type_ids_and_more	2026-03-06 11:24:11.735376+00
1346	payment	0061_transaction_legacy_adyen_plugin_payment_method_and_more	2026-03-06 11:24:11.756561+00
1347	payment	0064_merge_20250716_0709	2026-03-06 11:24:11.757435+00
1348	payment	0065_transactionevent_reason_reference	2026-03-06 11:24:11.846929+00
1349	payment	0066_transactionitem_psp_reference_idx	2026-03-06 11:24:11.897193+00
1350	payment	0067_transactionitem_app_identifier_idx	2026-03-06 11:24:11.937945+00
1351	permission	0002_alter_permission_content_type	2026-03-06 11:24:12.020727+00
1352	plugins	0011_alter_pluginconfiguration_configuration	2026-03-06 11:24:12.042117+00
1353	schedulers	0001_initial	2026-03-06 11:24:12.142758+00
1354	site	0039_auto_20230615_1754	2026-03-06 11:24:12.180047+00
1355	site	0040_sitesettings_allow_login_without_confirmation	2026-03-06 11:24:12.200997+00
1356	site	0041_alter_sitesettings_metadata_and_more	2026-03-06 11:24:12.239527+00
1357	site	0042_sitesettings_refund_reason_reference_type	2026-03-06 11:24:12.320182+00
1358	site	0043_sitesettings_use_legacy_update_webhook_emission	2026-03-06 11:24:12.340949+00
1359	site	0044_sitesettings_preserve_all_address_fields	2026-03-06 11:24:12.36097+00
1360	thumbnail	0002_alter_thumbnail_format	2026-03-06 11:24:12.392495+00
1361	thumbnail	0003_auto_20230412_1943	2026-03-06 11:24:12.527121+00
1362	webhook	0009_webhook_custom_headers	2026-03-06 11:24:12.542144+00
1363	webhook	0010_drop_transaction_request_action_event	2026-03-06 11:24:12.610778+00
1364	webhook	0011_webhook_filterable_channel_slugs	2026-03-06 11:24:12.883043+00
1365	webhook	0012_webhook_filterable_channel_slugs_idx	2026-03-06 11:24:12.92441+00
1366	account	0008_auto_20161115_1011	2026-03-06 11:24:12.934368+00
1367	account	0001_initial	2026-03-06 11:24:12.93508+00
1368	account	0015_auto_20171213_0734	2026-03-06 11:24:12.935515+00
1369	account	0003_auto_20151104_1102	2026-03-06 11:24:12.935919+00
1370	account	0012_auto_20171117_0846	2026-03-06 11:24:12.936409+00
1371	account	0002_auto_20150907_0602	2026-03-06 11:24:12.936852+00
1372	account	0007_auto_20161115_0940	2026-03-06 11:24:12.937198+00
1373	account	0011_auto_20171110_0552	2026-03-06 11:24:12.937554+00
1374	account	0005_auto_20160205_0651	2026-03-06 11:24:12.937948+00
1375	account	0016_auto_20180108_0814	2026-03-06 11:24:12.938311+00
1376	account	0010_auto_20170919_0839	2026-03-06 11:24:12.938674+00
1377	account	0014_auto_20171129_1004	2026-03-06 11:24:12.939103+00
1378	account	0004_auto_20160114_0419	2026-03-06 11:24:12.939578+00
1379	account	0006_auto_20160829_0819	2026-03-06 11:24:12.939927+00
1380	account	0009_auto_20170206_0407	2026-03-06 11:24:12.940399+00
1381	account	0013_auto_20171120_0521	2026-03-06 11:24:12.94084+00
1382	checkout	0001_initial	2026-03-06 11:24:12.941242+00
1383	checkout	fix_empty_data_in_lines	2026-03-06 11:24:12.941627+00
1384	checkout	0005_auto_20180108_0814	2026-03-06 11:24:12.942122+00
1385	checkout	0003_auto_20170906_0556	2026-03-06 11:24:12.942473+00
1386	checkout	0006_auto_20180221_0825	2026-03-06 11:24:12.942791+00
1387	checkout	0002_auto_20170206_0407	2026-03-06 11:24:12.943154+00
1388	checkout	0001_auto_20170113_0435	2026-03-06 11:24:12.943497+00
1389	checkout	0004_auto_20171129_1004	2026-03-06 11:24:12.943802+00
1390	checkout	0002_auto_20161014_1221	2026-03-06 11:24:12.944148+00
\.


--
-- Data for Name: django_site; Type: TABLE DATA; Schema: public; Owner: saleor
--

COPY public.django_site (id, domain, name) FROM stdin;
1	localhost:8000	Saleor e-commerce
\.


--
-- Data for Name: giftcard_giftcard; Type: TABLE DATA; Schema: public; Owner: saleor
--

COPY public.giftcard_giftcard (id, code, created_at, last_used_on, is_active, initial_balance_amount, current_balance_amount, currency, app_id, created_by_id, created_by_email, expiry_date, metadata, private_metadata, product_id, used_by_id, used_by_email, fulfillment_line_id, search_index_dirty, search_vector) FROM stdin;
1	Gift_card_1	2026-03-06 11:24:35.261156+00	\N	t	50.000	50.000	USD	\N	\N	\N	\N	{}	{}	\N	\N	\N	\N	f	'1':3 'card':2 'gift':1
3	Gift_card_2	2026-03-06 11:24:35.272942+00	\N	t	50.000	50.000	USD	\N	\N	\N	\N	{}	{}	\N	\N	\N	\N	f	'2':3 'card':2 'gift':1
5	Gift_card_3	2026-03-06 11:24:35.281049+00	\N	t	50.000	50.000	USD	\N	\N	\N	\N	{}	{}	\N	\N	\N	\N	f	'3':3 'card':2 'gift':1
7	Gift_card_4	2026-03-06 11:24:35.29347+00	\N	t	50.000	50.000	USD	\N	\N	\N	\N	{}	{}	\N	\N	\N	\N	f	'4':3 'card':2 'gift':1
9	Gift_card_5	2026-03-06 11:24:35.318878+00	\N	t	50.000	50.000	USD	\N	\N	\N	\N	{}	{}	\N	\N	\N	\N	f	'5':3 'card':2 'gift':1
2	Gift_card_11	2026-03-06 11:24:35.267168+00	\N	t	20.000	20.000	USD	\N	6	\N	\N	{}	{}	\N	\N	\N	\N	f	'11':3 'ashley':5 'ashley.cook@example.com':4 'card':2 'cook':6 'gift':1
4	Gift_card_12	2026-03-06 11:24:35.276672+00	\N	t	20.000	20.000	USD	\N	3	\N	\N	{}	{}	\N	\N	\N	\N	f	'12':3 'card':2 'cunningham':6 'garrett':5 'garrett.cunningham@example.com':4 'gift':1
6	Gift_card_13	2026-03-06 11:24:35.284926+00	\N	t	20.000	20.000	USD	\N	16	\N	\N	{}	{}	\N	\N	\N	\N	f	'13':3 'card':2 'daniel':6 'gift':1 'john':5 'john.daniel@example.com':4
8	Gift_card_14	2026-03-06 11:24:35.30866+00	\N	t	20.000	20.000	USD	\N	19	\N	\N	{}	{}	\N	\N	\N	\N	f	'14':3 'card':2 'gift':1 'taylor':6 'vickie':5 'vickie.taylor@example.com':4
10	Gift_card_15	2026-03-06 11:24:35.323387+00	\N	t	20.000	20.000	USD	\N	7	\N	\N	{}	{}	\N	\N	\N	\N	f	'15':3 'card':2 'deborah':5 'deborah.lee@example.com':4 'gift':1 'lee':6
\.


--
-- Data for Name: giftcard_giftcard_tags; Type: TABLE DATA; Schema: public; Owner: saleor
--

COPY public.giftcard_giftcard_tags (id, giftcard_id, giftcardtag_id) FROM stdin;
1	1	1
2	3	1
3	5	1
4	7	1
5	9	1
\.


--
-- Data for Name: giftcard_giftcardevent; Type: TABLE DATA; Schema: public; Owner: saleor
--

COPY public.giftcard_giftcardevent (id, date, type, parameters, app_id, gift_card_id, user_id, order_id) FROM stdin;
1	2026-03-06 11:24:35.264057+00	issued	{"balance": {"currency": "USD", "current_balance": "50", "initial_balance": "50"}, "expiry_date": null}	\N	1	\N	\N
2	2026-03-06 11:24:35.26979+00	bought	{"expiry_date": null}	\N	2	6	3b2f3bac-836d-49da-9ad0-ebfa38282d02
3	2026-03-06 11:24:35.274537+00	issued	{"balance": {"currency": "USD", "current_balance": "50", "initial_balance": "50"}, "expiry_date": null}	\N	3	\N	\N
4	2026-03-06 11:24:35.278857+00	bought	{"expiry_date": null}	\N	4	3	7fbd3c72-c2b9-484e-b5bb-fbc2328b6591
5	2026-03-06 11:24:35.28283+00	issued	{"balance": {"currency": "USD", "current_balance": "50", "initial_balance": "50"}, "expiry_date": null}	\N	5	\N	\N
6	2026-03-06 11:24:35.288228+00	bought	{"expiry_date": null}	\N	6	16	b3897c63-68bd-4afe-b1d0-62c2e24eef2d
7	2026-03-06 11:24:35.298662+00	issued	{"balance": {"currency": "USD", "current_balance": "50", "initial_balance": "50"}, "expiry_date": null}	\N	7	\N	\N
8	2026-03-06 11:24:35.314011+00	bought	{"expiry_date": null}	\N	8	19	04c319da-1bcd-4a91-b7a5-f36cf64f6419
9	2026-03-06 11:24:35.321159+00	issued	{"balance": {"currency": "USD", "current_balance": "50", "initial_balance": "50"}, "expiry_date": null}	\N	9	\N	\N
10	2026-03-06 11:24:35.325689+00	bought	{"expiry_date": null}	\N	10	7	8209e96f-340f-4341-b086-105849813961
\.


--
-- Data for Name: giftcard_giftcardtag; Type: TABLE DATA; Schema: public; Owner: saleor
--

COPY public.giftcard_giftcardtag (id, name) FROM stdin;
1	issued-gift-cards
\.


--
-- Data for Name: invoice_invoice; Type: TABLE DATA; Schema: public; Owner: saleor
--

COPY public.invoice_invoice (id, private_metadata, metadata, status, created_at, updated_at, number, created, external_url, invoice_file, message, order_id) FROM stdin;
\.


--
-- Data for Name: invoice_invoiceevent; Type: TABLE DATA; Schema: public; Owner: saleor
--

COPY public.invoice_invoiceevent (id, date, type, parameters, invoice_id, user_id, app_id, order_id) FROM stdin;
\.


--
-- Data for Name: menu_menu; Type: TABLE DATA; Schema: public; Owner: saleor
--

COPY public.menu_menu (id, name, slug, metadata, private_metadata) FROM stdin;
1	navbar	navbar	{}	{}
\.


--
-- Data for Name: menu_menuitem; Type: TABLE DATA; Schema: public; Owner: saleor
--

COPY public.menu_menuitem (id, name, sort_order, url, lft, rght, tree_id, level, category_id, collection_id, menu_id, page_id, parent_id, metadata, private_metadata) FROM stdin;
\.


--
-- Data for Name: menu_menuitemtranslation; Type: TABLE DATA; Schema: public; Owner: saleor
--

COPY public.menu_menuitemtranslation (id, language_code, name, menu_item_id) FROM stdin;
\.


--
-- Data for Name: order_fulfillment; Type: TABLE DATA; Schema: public; Owner: saleor
--

COPY public.order_fulfillment (id, tracking_number, created_at, fulfillment_order, status, metadata, private_metadata, shipping_refund_amount, total_refund_amount, order_id) FROM stdin;
1		2026-03-06 11:24:33.761337+00	1	fulfilled	{}	{}	\N	\N	a49f62c8-c93b-4b8e-8e0a-f9d85e73d724
2		2026-03-06 11:24:33.904148+00	1	fulfilled	{}	{}	\N	\N	fe5fac84-411e-47ac-aff3-9d845fd440b4
3		2026-03-06 11:24:33.978077+00	1	fulfilled	{}	{}	\N	\N	7fbd3c72-c2b9-484e-b5bb-fbc2328b6591
4		2026-03-06 11:24:34.045235+00	1	fulfilled	{}	{}	\N	\N	0314c2a8-0dc6-42a8-868d-5f16776115a1
5		2026-03-06 11:24:34.273204+00	1	fulfilled	{}	{}	\N	\N	8209e96f-340f-4341-b086-105849813961
6		2026-03-06 11:24:34.339994+00	1	fulfilled	{}	{}	\N	\N	b3897c63-68bd-4afe-b1d0-62c2e24eef2d
7		2026-03-06 11:24:34.398587+00	1	fulfilled	{}	{}	\N	\N	afc63b1c-a4f5-422d-b75b-3805c4828bf2
8		2026-03-06 11:24:34.488384+00	1	fulfilled	{}	{}	\N	\N	33d38c01-b33e-42d2-8d6f-13aac12dd592
9		2026-03-06 11:24:34.579689+00	1	fulfilled	{}	{}	\N	\N	d701d676-e825-4fe8-bd83-db4be0b8986b
10		2026-03-06 11:24:34.672398+00	1	fulfilled	{}	{}	\N	\N	eba56570-1cee-4757-b4d1-d0ceb36a3803
11		2026-03-06 11:24:34.813555+00	1	fulfilled	{}	{}	\N	\N	ddb7e20f-323b-4d70-ab5c-ce736417ae09
12		2026-03-06 11:24:35.127938+00	1	fulfilled	{}	{}	\N	\N	9682dbd7-d0c5-472a-ae96-785486c40284
13		2026-03-06 11:24:35.243547+00	1	fulfilled	{}	{}	\N	\N	15da6889-3d7d-4260-b479-89a8d58b9eaf
\.


--
-- Data for Name: order_fulfillmentline; Type: TABLE DATA; Schema: public; Owner: saleor
--

COPY public.order_fulfillmentline (id, quantity, fulfillment_id, stock_id, order_line_id) FROM stdin;
1	4	1	\N	869004e4-10c4-4470-ae0f-816a476f4e45
3	1	3	\N	4f53b58d-b858-4ff5-90de-b61cc8ddb131
6	1	6	\N	8c1aeecc-4506-482a-bfa5-d827d050e525
12	1	9	\N	24819976-330b-4405-9edd-645f89077bb0
9	1	8	\N	b35c3671-1b35-415b-b78b-dd69c44d8870
13	1	10	\N	9661e520-f575-4b61-900a-3ebc7eecedac
2	2	2	\N	e1db6d4e-1303-4ddb-97ef-db7b045a9dc6
11	1	9	\N	a26b2740-5c8a-4aee-9975-7140b3feca85
5	3	5	\N	afd9ba9f-9b78-4a30-af9c-eda1a30e4355
15	2	12	\N	84b00705-29ad-4e11-9de3-d0d0ef82e0ae
7	2	7	\N	3b3da6b4-91a8-4856-bb85-0dac4879a05e
14	1	11	\N	8bb7c90d-9d49-4b9a-99e5-009e3642818d
16	1	13	\N	16a7de12-4025-4587-b174-2c9a077b43ee
4	2	4	\N	47ac56bf-07b2-4fd0-a67c-57085df6ab7b
8	1	8	\N	5af4d472-769f-4b41-b997-0ccfcaf1e781
10	1	9	\N	21d7be31-2d7f-45e3-9905-a914dc9f61a3
\.


--
-- Data for Name: order_order; Type: TABLE DATA; Schema: public; Owner: saleor
--

COPY public.order_order (created_at, tracking_client_id, user_email, id, billing_address_id, shipping_address_id, user_id, total_net_amount, voucher_id, language_code, shipping_price_gross_amount, total_gross_amount, shipping_price_net_amount, status, shipping_method_name, shipping_method_id, display_gross_prices, customer_note, weight, checkout_token, currency, metadata, private_metadata, channel_id, redirect_url, shipping_tax_rate, undiscounted_total_gross_amount, undiscounted_total_net_amount, total_charged_amount, origin, collection_point_id, collection_point_name, search_document, updated_at, use_old_id, number, original_id, total_authorized_amount, authorize_status, charge_status, search_vector, should_refresh_prices, tax_exemption, base_shipping_price_amount, shipping_tax_class_id, shipping_tax_class_metadata, shipping_tax_class_name, shipping_tax_class_private_metadata, external_reference, expired_at, voucher_code, subtotal_gross_amount, subtotal_net_amount, tax_error, undiscounted_base_shipping_price_amount, draft_save_billing_address, draft_save_shipping_address, lines_count, shipping_method_metadata, shipping_method_private_metadata) FROM stdin;
2026-03-06 11:24:33.666508+00		douglas.collins@example.com	a49f62c8-c93b-4b8e-8e0a-f9d85e73d724	29	29	\N	205.850	\N	en	42.890	205.850	42.890	partially fulfilled	Registered priority	4	t		1100		USD	{}	{}	1	\N	\N	0.000	0.000	205.850		\N	\N		2026-03-06 11:24:33.769251+00	f	1	\N	0.000	full	full	'091':10B,25B '0a9c25ebb6a1':76,82 '1':1A '112223582':44C '2ec05228':54,60,66 '2ec05228-673f-481b-8f5c-ef413ea18e4b':53,59,65 '36029':18B,33B '481b':56,62,68 '4c81':74,80 '660':6B,21B '673f':55,61,67 '795620fa':72,78 '795620fa-9a60-4c81-b8b4-0a9c25ebb6a1':71,77 '8f5c':57,63,69 '9a60':73,79 'a':41C 'al':16B,31B 'america':14B,29B 'apple':49C 'b8b4':75,81 'collins':5B,20B 'dark':45C 'douglas':4B,19B 'douglas.collins@example.com':3A 'ef413ea18e4b':58,64,70 'finleyburgh':17B,32B 'headless':35C,38C 'headless-omnichannel-mp3':34C 'in':40C 'juice':50C 'l':48C 'macdonald':7B,22B 'mp3':37C,43C 'of':13B,28B 'omnichannel':36C,39C 'pill':42C 'place':8B,23B 'polygon':46C 'states':12B,27B 'suite':9B,24B 't3jkzxi6ytq5zjyyyzgtyzkzyi00yjhllthlmgetzjlkodvlnznknzi0':2A 'tee':47C 'uhjvzhvjdfzhcmlhbnq6mzg0':51C 'united':11B,26B 'us':15B,30B 'vhjhbnnhy3rpb25jdgvtome4otrjndmzltbmodctndk3zi04nwm2ltkxn2exn2jhndjima':52	t	f	42.890	\N	{}	\N	{}	\N	\N	\N	162.960	162.960	\N	42.890	\N	\N	3	{}	{}
2026-03-06 11:24:33.77416+00		devon.melton@example.com	1399d629-957d-4510-a31d-ad7d9ccc34fa	30	30	\N	526.310	\N	en	82.330	526.310	82.330	unfulfilled	China Post	9	t		1100		USD	{}	{}	1	\N	\N	0.000	0.000	0.000		\N	\N		2026-03-06 11:24:33.834302+00	f	2	\N	526.310	full	none	'100':34C '15850':17B,31B '2':1A '328223583':39C '437f':47,53,59 '53230':6B,20B '636903c0':45,51,57 '636903c0-a83f-437f-90cf-9da96b9cf4b3':44,50,56 '90cf':48,54,60 '9da96b9cf4b3':49,55,61 'a83f':46,52,58 'america':12B,26B 'apple':36C 'card':33C 'christian':16B,30B 'devon':4B,18B 'devon.melton@example.com':3A 'gift':32C 'juice':37C 'julia':7B,21B 'lake':15B,29B 'melton':5B,19B 'monospace':40C 'of':11B,25B 'pa':14B,28B 'states':10B,24B 't3jkzxi6mtm5owq2mjktotu3zc00ntewlwezmwqtywq3zdljy2mzngzh':2A 'tee':41C 'uhjvzhvjdfzhcmlhbnq6mzg0':38C 'uhjvzhvjdfzhcmlhbnq6mzkz':35C 'united':9B,23B 'us':13B,27B 'vhjhbnnhy3rpb25jdgvtojgzy2q5ymuxlwmxm2ytngu1ny1imdczlwu4mme4mwrlzgzimg':43 'villages':8B,22B 'xl':42C	t	f	82.330	\N	{}	\N	{}	\N	\N	\N	443.980	443.980	\N	82.330	\N	\N	3	{}	{}
2026-03-06 11:24:33.842237+00		vickie.taylor@example.com	fe5fac84-411e-47ac-aff3-9d845fd440b4	27	27	\N	2712.640	\N	en	48.840	2712.640	48.840	partially fulfilled	DHL	13	t		1100		PLN	{}	{}	2	\N	\N	0.000	0.000	2712.640		\N	\N		2026-03-06 11:24:33.911525+00	f	3	\N	0.000	full	full	'06316':17B,31B '100':43C '118223581':32C '2d29':48,54,60 '3':1A '39':37C '41cd':49,55,61 '420':36C '64a32aa5':47,53,59 '64a32aa5-2d29-41cd-a254-98c5f8ce4761':46,52,58 '9332':6B,20B '98c5f8ce4761':51,57,63 'a254':50,56,62 'america':12B,26B 'balance':35C 'card':42C 'carrot':38C 'ct':14B,28B 'gift':41C 'juice':39C 'kathleen':7B,21B 'knoll':8B,22B 'lake':15B,29B 'of':11B,25B 'paul':33C 's':34C 'states':10B,24B 't3jkzxi6zmu1zmfjodqtndexzs00n2fjlwfmzjmtowq4ndvmzdq0mgi0':2A 'taylor':5B,19B 'uhjvzhvjdfzhcmlhbnq6mzg3':40C 'uhjvzhvjdfzhcmlhbnq6mzkz':44C 'united':9B,23B 'us':13B,27B 'vernon':16B,30B 'vhjhbnnhy3rpb25jdgvtojm4mjnknjuxltqxztgtngjjmi1hnzk1ltm0n2rimmywmzjmoq':45 'vickie':4B,18B 'vickie.taylor@example.com':3A	t	f	48.840	\N	{}	\N	{}	\N	\N	\N	2663.800	2663.800	\N	48.840	\N	\N	3	{}	{}
2026-03-06 11:24:33.916378+00		christine.ellis@example.com	7fbd3c72-c2b9-484e-b5bb-fbc2328b6591	31	31	\N	541.430	\N	en	61.470	541.430	61.470	partially fulfilled	Registered priority	4	t		2000		PLN	{}	{}	2	\N	\N	0.000	0.000	541.430		\N	\N		2026-03-06 11:24:33.984681+00	f	4	\N	0.000	full	full	'113223584':38C '17017e655f38':51,57,63 '328223580':34C '328223581':30C '4':1A '4dd89a03':47,53,59 '4dd89a03-bfe0-4e2b-be35-17017e655f38':46,52,58 '4e2b':49,55,61 '87184':16B,29B '904':6B,19B 'america':12B,25B 'be35':50,56,62 'bfe0':48,54,60 'christine':4B,17B 'christine.ellis@example.com':3A 'cloud':40C 'ellis':5B,18B 'enterprise':39C 'itunes':44C 'johnsonton':15B,28B 'm':33C 'monospace':31C,35C 'nm':14B,27B 'of':11B,24B 'on':42C 'on-premises':41C 'premises':43C 's':37C 'shaffer':7B,20B 'states':10B,23B 'street':8B,21B 't3jkzxi6n2zizdnjnzityzjios00odrllwi1ymitzmjjmjmyogi2ntkx':2A 'tee':32C,36C 'united':9B,22B 'us':13B,26B 'vhjhbnnhy3rpb25jdgvtomnhn2flzthmltjmytytndbmni1hymqwlwnioge1otyznjc2za':45	t	f	61.470	\N	{}	\N	{}	\N	\N	\N	479.960	479.960	\N	61.470	\N	\N	3	{}	{}
2026-03-06 11:24:33.989471+00		garrett.cunningham@example.com	0314c2a8-0dc6-42a8-868d-5f16776115a1	11	11	\N	1588.850	\N	en	29.010	1588.850	29.010	partially fulfilled	fastway couriers	19	t		2000		PLN	{}	{}	2	\N	\N	0.000	0.000	1588.850		\N	\N		2026-03-06 11:24:34.052544+00	f	5	\N	0.000	full	full	'-8':45,53,61 '1073f3765463':48,56,64 '118223585':30C '13306':6B,19B '39':39C '420':34C '45':35C '4872':44,52,60 '5':1A '70bc':43,51,59 '82445':16B,29B '918223582':36C 'america':12B,25B 'b31':47,55,63 'b31-1073f3765463':46,54,62 'balance':33C 'corey':7B,20B 'cunningham':5B,18B 'ffcebdcd':42,50,58 'ffcebdcd-70bc':41,49,57 'garrett':4B,17B 'garrett.cunningham@example.com':3A 'of':11B,24B 'paul':31C 'plimsolls':38C 'point':8B,21B 's':32C 'shanefort':15B,28B 'states':10B,23B 't3jkzxi6mdmxngmyytgtmgrjni00mme4ltg2ogqtnwyxnjc3njexnwex':2A 'united':9B,22B 'us':13B,26B 'vhjhbnnhy3rpb25jdgvtojm4mza2mdq1ltdimzutngfkzs05yzczltzhogzlnwi4ywvlyq':40 'white':37C 'wy':14B,27B	t	f	29.010	\N	{}	\N	{}	\N	\N	\N	1559.840	1559.840	\N	29.010	\N	\N	2	{}	{}
2026-03-06 11:24:34.056955+00		robert.garcia@example.com	16ff8d8e-6f63-439e-8555-10b391ef2674	16	16	\N	457.480	\N	en	77.480	457.480	77.480	unfulfilled	Royale International	17	t		4000		USD	{}	{}	1	\N	\N	0.000	0.000	0.000		\N	\N		2026-03-06 11:24:34.130463+00	f	6	\N	457.480	full	none	'-17967':54,61,68 '-4e4':51,58,65 '-8688':50,57,64 '-9976':53,60,67 '076':6B,19B '112223582':30C '128223580':39C '218223581':43C '39':38C '48145':16B,29B '6':1A '918223582':35C 'aa651bf':55,62,69 'america':12B,25B 'blue':44C 'd9fa5da5':49,56,63 'dark':31C 'e':52,59,66 'garcia':5B,18B 'jenniferland':15B,28B 'johnson':7B,20B 'l':34C,47C 'mi':14B,27B 'of':11B,24B 'plimsolls':37C 'polygon':32C,45C 'robert':4B,17B 'robert.garcia@example.com':3A 's':42C 'shirt':41C,46C 'states':10B,23B 't3jkzxi6mtzmzjhkogutnmy2my00mzllltg1ntutmtbimzkxzwyynjc0':2A 'team':40C 'tee':33C 'united':9B,22B 'us':13B,26B 'vhjhbnnhy3rpb25jdgvtomnkyty0zmy3ltixodatndvmyi1hnjawlwvjotqynzg1nwuyyg':48 'way':8B,21B 'white':36C	t	f	77.480	\N	{}	\N	{}	\N	\N	\N	380.000	380.000	\N	77.480	\N	\N	4	{}	{}
2026-03-06 11:24:34.139098+00		michael.powers@example.com	04c319da-1bcd-4a91-b7a5-f36cf64f6419	32	32	\N	1679.010	\N	en	29.010	1679.010	29.010	unfulfilled	fastway couriers	19	t		4000		PLN	{}	{}	2	\N	\N	0.000	0.000	0.000		\N	\N		2026-03-06 11:24:34.20381+00	f	7	\N	0.000	none	none	'111223580':47C '218223581':42C '39':37C '3a6d8dc3':53,59,65 '3a6d8dc3-47be-41e7-8d94-9879dee7c992':52,58,64 '40':41C '41e7':55,61,67 '47be':54,60,66 '47d5':73,79 '484':10B,25B '60e3':72,78 '7':1A '73142':18B,33B '7714b5bf':71,77 '7714b5bf-60e3-47d5':70,76 '85265':6B,21B '8d94':56,62,68 '918223582':34C '918223583':38C '9879dee7c992':57,63,69 '9962':74,80 'america':14B,29B 'apt':9B,24B 'blue':43C 'darko':48C 'e763d59cea46':75,81 'l':46C 'lock':8B,23B 'maddenside':17B,32B 'michael':4B,19B 'michael.powers@example.com':3A 'of':13B,28B 'ok':16B,31B 'plimsolls':36C,40C 'polo':49C 'polygon':44C 'powers':5B,20B 'pratt':7B,22B 's':50C 'shirt':45C 'states':12B,27B 't3jkzxi6mdrjmze5zgetmwjjzc00ytkxlwi3ytutzjm2y2y2ngy2nde5':2A 'united':11B,26B 'us':15B,30B 'vhjhbnnhy3rpb25jdgvtoji2mmrizwezlwvknjytndrjys05zte4lwy1mtrhzti0zwrlyq':51 'white':35C,39C	t	f	29.010	\N	{}	\N	{}	\N	\N	\N	1650.000	1650.000	\N	29.010	\N	\N	4	{}	{}
2026-03-06 11:24:34.212118+00		jose.mcdaniel@example.com	8209e96f-340f-4341-b086-105849813961	33	33	\N	1820.890	\N	en	79.390	1820.890	79.390	partially fulfilled	FedEx	15	t		1000		PLN	{}	{}	2	\N	\N	0.000	0.000	1820.890		\N	\N		2026-03-06 11:24:34.280186+00	f	8	\N	0.000	full	full	'01791':19B,35B '100':52C '1657':6B,22B '28a6':58,66,74 '4820':59,67,75 '494':10B,26B '8':1A '9018223582':36C '9182235821':45C '9e96':55,63,71 'aa2a':61,69,77 'aa2a-cde1873fb93c':60,68,76 'allison':18B,34B 'america':14B,30B 'andrew':7B,23B 'apt':9B,25B 'at':40C 'battle':38C 'battle-tested':37C 'brands':41C 'card':51C 'cde1873fb93c':62,70,78 'dvd':44C 'ff6e':57,65,73 'ff6e-28a6':56,64,72 'gift':50C 'jose':4B,20B 'jose.mcdaniel@example.com':3A 'like':42C 'lush':43C 'ma':16B,32B 'mcdaniel':5B,21B 'monotype':47C 'of':13B,29B 'port':17B,33B 'reversed':46C 'states':12B,28B 'streets':8B,24B 't3jkzxi6odiwowu5nmytmzqwzi00mzqxlwiwodytmta1odq5odezotyx':2A 'tee':48C 'tested':39C 'uhjvzhvjdfzhcmlhbnq6mzkz':53C 'united':11B,27B 'us':15B,31B 'vhjhbnnhy3rpb25jdgvtome5zgy2yzrklwuxntktngrjni04zwi5ltuwnwvmyjmwmgu3nw':54 'xxl':49C	t	f	79.390	\N	{}	\N	{}	\N	\N	\N	1741.500	1741.500	\N	79.390	\N	\N	3	{}	{}
2026-03-06 11:24:34.284828+00		tiffany.bonilla@example.com	b3897c63-68bd-4afe-b1d0-62c2e24eef2d	34	34	\N	1078.470	\N	en	88.470	1078.470	88.470	partially fulfilled	Royale International	17	t		2000		PLN	{}	{}	2	\N	\N	0.000	0.000	1078.470		\N	\N		2026-03-06 11:24:34.347423+00	f	9	\N	0.000	full	full	'183b':43,49,55 '328223583':36C '43':35C '44e1':44,50,56 '9':1A '918223586':32C '95398':6B,20B '96960':17B,31B 'america':12B,26B 'b03e61943032':46,52,58 'b4d7':45,51,57 'bonilla':5B,19B 'dcf66948':42,48,54 'dcf66948-183b-44e1-b4d7-b03e61943032':41,47,53 'martin':7B,21B 'meghan':16B,30B 'mh':14B,28B 'monospace':37C 'of':11B,25B 'plimsolls':34C 'states':10B,24B 't3jkzxi6yjm4otdjnjmtnjhizc00ywzllwixzdatnjjjmmuyngvlzjjk':2A 'tee':38C 'tiffany':4B,18B 'tiffany.bonilla@example.com':3A 'united':9B,23B 'us':13B,27B 'vhjhbnnhy3rpb25jdgvtojc2ndk2owfiltq1mzatndfhni1hnzeylwnjnge0ndu4yjnlnq':40 'ways':8B,22B 'west':15B,29B 'white':33C 'xl':39C	t	f	88.470	\N	{}	\N	{}	\N	\N	\N	990.000	990.000	\N	88.470	\N	\N	2	{}	{}
2026-03-06 11:24:34.352163+00		brenda.williams@example.com	afc63b1c-a4f5-422d-b75b-3805c4828bf2	35	35	\N	114.200	\N	en	34.200	114.200	34.200	fulfilled	EMS	16	t		1000		USD	{}	{}	1	\N	\N	0.000	0.000	114.200		\N	\N		2026-03-06 11:24:34.404667+00	f	10	\N	0.000	full	full	'-40':55,62 '-7126':54,61 '017182f01f9c':40,46,52 '10':1A '128223584':30C '41d6':38,44,50 '5445':6B,19B '82289':16B,29B '86ff':39,45,51 'a466cfde':53,60 'a93493ca':36,42,48 'a93493ca-cf9d-41d6-86ff-017182f01f9c':35,41,47 'ac0d':58,65 'america':12B,25B 'archertown':15B,28B 'bf12e336cbb0':59,66 'brenda':4B,17B 'brenda.williams@example.com':3A 'cf9d':37,43,49 'd2':57,64 'd2-ac0d-bf12e336cbb0':56,63 'of':11B,24B 'patton':7B,20B 'rapid':8B,21B 'shirt':32C 'states':10B,23B 't3jkzxi6ywzjnjnimwmtytrmns00mjjklwi3nwitmzgwnwm0odi4ymyy':2A 'team':31C 'united':9B,22B 'us':13B,26B 'vhjhbnnhy3rpb25jdgvtommzytm2ztg0lwm5nzutngqzoc1hzdaxlthmmzy3y2q5y2i2oa':34 'williams':5B,18B 'wy':14B,27B 'xxl':33C	t	f	34.200	\N	{}	\N	{}	\N	\N	\N	80.000	80.000	\N	34.200	\N	\N	1	{}	{}
2026-03-06 11:24:34.409765+00		ashley.ramos@example.com	33d38c01-b33e-42d2-8d6f-13aac12dd592	36	36	\N	440.230	\N	en	74.240	440.230	74.240	partially fulfilled	DHL	2	t		3100		USD	{}	{}	1	\N	\N	0.000	0.000	440.230		\N	\N		2026-03-06 11:24:34.498532+00	f	11	\N	0.000	full	full	'-1871':77,84 '-2':60,67,74 '-4':78,85 '11':1A '112223580':49C '118223583':36C '14452':19B,35B '41':41C '420':40C '438d':58,65,72 '44':45C '74931':6B,22B '821':10B,26B '83c86fcc9bfe':82,89 '849c':81,88 '918223587':42C '9261':59,66,73 'ab51':57,64,71 'america':14B,30B 'apt':9B,25B 'ashley':4B,20B 'ashley.ramos@example.com':3A 'balance':39C 'be6db990':56,63,70 'be6db990-ab51-438d':55,62,69 'bean':46C 'daniel':18B,34B 'dark':50C 'ea3b9f52165':61,68,75 'ebc':80,87 'ebc-849c-83c86fcc9bfe':79,86 'ff7500da':76,83 'juice':47C 'new':17B,33B 'ny':16B,32B 'of':13B,29B 'paul':37C 'plimsolls':44C 'polygon':51C 'ramirez':7B,23B 'ramos':5B,21B 's':38C,53C 'states':12B,28B 't3jkzxi6mznkmzhjmdetyjmzzs00mmqylthknmytmtnhywmxmmrkntky':2A 'tee':52C 'uhjvzhvjdfzhcmlhbnq6mzg1':48C 'united':11B,27B 'us':15B,31B 'vhjhbnnhy3rpb25jdgvtojnkogqxowmxlwjlztitndrkzc05mtu0lwriywzmzjazotflng':54 'village':8B,24B 'white':43C	t	f	74.240	\N	{}	\N	{}	\N	\N	\N	365.990	365.990	\N	74.240	\N	\N	4	{}	{}
2026-03-06 11:24:34.826846+00		lindsay.jones@example.com	d22f480a-e79f-480f-af55-6e710ece6917	13	13	\N	1067.070	\N	en	95.090	1067.070	95.090	unfulfilled	TNT	10	t		3100		PLN	{}	{}	2	\N	\N	0.000	0.000	0.000		\N	\N		2026-03-06 11:24:34.901922+00	f	16	\N	0.000	none	none	'013':6B,19B '112223581':30C '16':1A '2be5':67,74 '2d61d908eac7':52,58,64 '4457':68,75 '46f13131':48,54,60 '46f13131-5e32-4c41-95e0-2d61d908eac7':47,53,59 '49182235821':38C '4c41':50,56,62 '5e32':49,55,61 '6a63a41a':66,73 '6a63a41a-2be5':65,72 '7cafe9dec0a1':71,78 '95e0':51,57,63 '96942':16B,29B 'america':12B,25B 'apple':35C 'b8a3':70,77 'b8a3-7cafe9dec0a1':69,76 'billy':7B,20B 'bridge':8B,21B 'cubes':39C 'dark':31C 'fm':14B,27B 'fountain':40C 'jones':5B,18B 'juice':36C 'lindsay':4B,17B 'lindsay.jones@example.com':3A 'm':34C,42C 'neck':43C 'of':11B,24B 'polygon':32C 'riveraburgh':15B,28B 'states':10B,23B 't3jkzxi6zdiyzjq4mgetztc5zi00odbmlwfmntutnmu3mtbly2u2ote3':2A 'tee':33C,41C 'uhjvzhvjdfzhcmlhbnq6mzcw':45C 'uhjvzhvjdfzhcmlhbnq6mzg0':37C 'united':9B,22B 'us':13B,26B 'vhjhbnnhy3rpb25jdgvtoju1mza5zjg2lwu4ztqtngnlmy04yjrmlwflymqxmdvkmgvjmw':46 'warmer':44C	t	f	95.090	\N	{}	\N	{}	\N	\N	\N	971.980	971.980	\N	95.090	\N	\N	4	{}	{}
2026-03-06 11:24:34.503526+00		cassidy.fischer@example.com	d701d676-e825-4fe8-bd83-db4be0b8986b	37	37	\N	392.380	\N	en	91.380	392.380	91.380	partially fulfilled	FBA	6	t		3000		USD	{}	{}	1	\N	\N	0.000	0.000	392.380		\N	\N		2026-03-06 11:24:34.593934+00	f	12	\N	0.000	full	full	'-2':80,87 '11273':19B,35B '12':1A '124223582':36C '1a15':59,65,71 '28dc1d651b1c':62,68,74 '328223582':52C '32fa28e9':58,64,70 '32fa28e9-1a15-44f1-afdd-28dc1d651b1c':57,63,69 '4064':6B,22B '41':46C '41bc':78,85 '44f1':60,66,72 '49182235821':47C '536':10B,26B '902bd943':76,83 '902bd943-f0de-41bc':75,82 '918223584':43C '9831':79,86 'adam':18B,34B 'afdd':61,67,73 'america':14B,30B 'and':40C 'b14562645ab':81,88 'cassidy':4B,20B 'cassidy.fischer@example.com':3A 'cubes':48C 'data':41C 'f0de':77,84 'fischer':5B,21B 'fountain':49C 'l':55C 'm':51C 'medina':7B,23B 'monospace':53C 'mp3':42C 'ny':16B,32B 'of':13B,29B 'own':37C 'plaza':8B,24B 'plimsolls':45C 'port':17B,33B 'stack':39C 'states':12B,28B 'suite':9B,25B 't3jkzxi6zdcwmwq2nzytztgyns00zmu4lwjkodmtzgi0ymuwyjg5odzi':2A 'tee':50C,54C 'united':11B,27B 'us':15B,31B 'vhjhbnnhy3rpb25jdgvtoji5nwqzytiylwuxywmtngjmni1imtziltu5ztfkmmqymwi1oa':56 'white':44C 'your':38C	t	f	91.380	\N	{}	\N	{}	\N	\N	\N	301.000	301.000	\N	91.380	\N	\N	4	{}	{}
2026-03-06 11:24:34.598993+00		kristen.miles@example.com	eba56570-1cee-4757-b4d1-d0ceb36a3803	38	38	\N	1163.460	\N	en	59.600	1163.460	59.600	partially fulfilled	DHL	2	t		2000		PLN	{}	{}	2	\N	\N	0.000	0.000	1163.460		\N	\N		2026-03-06 11:24:34.679616+00	f	13	\N	0.000	full	full	'113223582':40C '118223584':47C '13':1A '357':10B,26B '41':39C '42':52C '420':51C '4f67':57,63,69 '51125':19B,35B '7086':6B,22B '72d6d4761967':59,65,71 '818223583':36C 'america':14B,30B 'apt':9B,25B 'b4df':58,64,70 'balance':50C 'bb24b5e3':55,61,67 'bb24b5e3-e0dd-4f67-b4df-72d6d4761967':54,60,66 'blue':37C 'cloud':42C 'e0dd':56,62,68 'enterprise':41C 'ia':16B,32B 'jillshire':18B,34B 'kristen':4B,20B 'kristen.miles@example.com':3A 'lake':8B,17B,24B,33B 'miles':5B,21B 'of':13B,29B 'on':44C 'on-premises':43C 'paul':48C 'plimsolls':38C 'premises':45C 'rachel':7B,23B 's':49C 'states':12B,28B 't3jkzxi6zwjhnty1nzatmwnlzs00nzu3lwi0zdetzdbjzwiznmezodaz':2A 'united':11B,27B 'us':15B,31B 'vhjhbnnhy3rpb25jdgvtomy5yjhjzdqyltq1mtktngnkmi05odhhltblytcxmge2mzy1oq':53 'vinyl':46C	t	f	59.600	\N	{}	\N	{}	\N	\N	\N	1103.860	1103.860	\N	59.600	\N	\N	3	{}	{}
2026-03-06 11:24:34.685173+00		jacob.chang@example.com	bf4c7074-993e-4120-8cb3-1117fa5c13b4	39	39	\N	490.390	\N	en	40.390	490.390	40.390	unfulfilled	ACE	18	t		3000		USD	{}	{}	1	\N	\N	0.000	0.000	0.000		\N	\N		2026-03-06 11:24:34.748761+00	f	14	\N	490.390	full	none	'02884':18B,33B '111223582':42C '128223584':38C '14':1A '166':10B,25B '39':37C '48b3':50,56,62 '52b3f0ad':48,54,60 '52b3f0ad-ce61-48b3-bf09-9824d6bf62a3':47,53,59 '918223582':34C '97378':6B,21B '9824d6bf62a3':52,58,64 'america':14B,29B 'bf09':51,57,63 'ce61':49,55,61 'chang':5B,20B 'darko':43C 'expressway':8B,23B 'jacob':4B,19B 'jacob.chang@example.com':3A 'johnnystad':17B,32B 'of':13B,28B 'plimsolls':36C 'polo':44C 'ri':16B,31B 'shirt':40C 'states':12B,27B 'suite':9B,24B 'susan':7B,22B 't3jkzxi6ymy0yzcwnzqtotkzzs00mtiwlthjyjmtmtexn2zhnwmxm2i0':2A 'team':39C 'united':11B,26B 'us':15B,30B 'vhjhbnnhy3rpb25jdgvtojk5ndviyjm0ltblmwitngy3mi05ntrllwmyngiwota2zdq3mq':46 'white':35C 'xxl':41C,45C	t	f	40.390	\N	{}	\N	{}	\N	\N	\N	450.000	450.000	\N	40.390	\N	\N	3	{}	{}
2026-03-06 11:24:34.7584+00		christopher.johnson@example.com	ddb7e20f-323b-4d70-ab5c-ce736417ae09	40	40	\N	107.750	\N	en	67.750	107.750	67.750	fulfilled	Post Office	20	t		1000		USD	{}	{}	1	\N	\N	0.000	0.000	107.750		\N	\N		2026-03-06 11:24:34.820782+00	f	15	\N	0.000	full	full	'0e3ff7575097':60,66 '128223580':32C '15':1A '20037':17B,31B '3666':6B,20B '3eac':57,63 '42b3':40,46,52 '4cf2':58,64 '7cc55bc6':56,62 '7cc55bc6-3eac-4cf2-8ddf-0e3ff7575097':55,61 '85b68c77fa0e':42,48,54 '8ddf':59,65 'a2b8':39,45,51 'a34d':41,47,53 'america':12B,26B 'c751fd69':38,44,50 'c751fd69-a2b8-42b3-a34d-85b68c77fa0e':37,43,49 'christopher':4B,18B 'christopher.johnson@example.com':3A 'dc':14B,28B 'johnson':5B,19B 'new':15B,29B 'of':11B,25B 's':35C 'shirt':34C 'states':10B,24B 'stevenshire':16B,30B 't3jkzxi6zgrin2uymgytmzizyi00zdcwlwfinwmty2u3mzy0mtdhzta5':2A 'team':33C 'terry':7B,21B 'united':9B,23B 'us':13B,27B 'vhjhbnnhy3rpb25jdgvtomy3mjq0yzlhlwziodqtndewmi04ndqzltziotg2m2u0otc1mg':36 'view':8B,22B	t	f	67.750	\N	{}	\N	{}	\N	\N	\N	40.000	40.000	\N	67.750	\N	\N	1	{}	{}
2026-03-06 11:24:34.912234+00		jennifer.murphy@example.com	42ef0458-e336-4af7-9ebd-10b05f4922d7	41	41	\N	468.840	\N	en	48.840	468.840	48.840	unfulfilled	DHL	13	t		1000		PLN	{}	{}	2	\N	\N	0.000	0.000	468.840		\N	\N		2026-03-06 11:24:34.968387+00	f	17	\N	0.000	full	full	'-4':44,51,58 '05057':16B,29B '17':1A '42':37C '4bb9':42,49,56 '7820':6B,19B '8271':43,50,57 '918223585':34C '9f3355aa':40,47,54 '9f3355aa-c394-4bb9':39,46,53 'adamborough':15B,28B 'america':12B,25B 'ashlee':7B,20B 'b85418e200e':45,52,59 'c394':41,48,55 'dimmed':31C 'jennifer':4B,17B 'jennifer.murphy@example.com':3A 'key':8B,21B 'monokai':30C 'murphy':5B,18B 'of':11B,24B 'plimsolls':36C 'states':10B,23B 'sunnies':32C 't3jkzxi6ndjlzja0ntgtztmzni00ywy3ltllymqtmtbimdvmndkymmq3':2A 'uhjvzhvjdfzhcmlhbnq6mzg4':33C 'united':9B,22B 'us':13B,26B 'vhjhbnnhy3rpb25jdgvtojg5mjjhymiyltayztutngyyoc1hothjltllmjdimtk0zguzyq':38 'vt':14B,27B 'white':35C	t	f	48.840	\N	{}	\N	{}	\N	\N	\N	420.000	420.000	\N	48.840	\N	\N	2	{}	{}
2026-03-06 11:24:34.981613+00		regina.larson@example.com	3b2f3bac-836d-49da-9ad0-ebfa38282d02	20	20	\N	2516.090	\N	en	95.090	2516.090	95.090	unfulfilled	TNT	10	t		1000		PLN	{}	{}	2	\N	\N	0.000	0.000	2516.090		\N	\N		2026-03-06 11:24:35.048324+00	f	18	\N	0.000	full	full	'100':34C '18':1A '403b':44,50,56 '41':39C '44851':6B,20B '70580':17B,31B '7f666a32':42,48,54 '7f666a32-dea4-403b-acaf-c9e428148f24':41,47,53 '818223583':36C 'acaf':45,51,57 'america':12B,26B 'blue':37C 'c9e428148f24':46,52,58 'card':33C 'dea4':43,49,55 'gift':32C 'la':14B,28B 'larson':5B,19B 'north':15B,29B 'of':11B,25B 'pamela':7B,21B 'plimsolls':38C 'regina':4B,18B 'regina.larson@example.com':3A 'robert':16B,30B 'states':10B,24B 't3jkzxi6m2iyzjniywmtodm2zc00owrhltlhzdatzwjmytm4mjgyzday':2A 'track':8B,22B 'uhjvzhvjdfzhcmlhbnq6mzkz':35C 'united':9B,23B 'us':13B,27B 'vhjhbnnhy3rpb25jdgvtojrjymuzntvmlwzjztitngy2ns1iowi5lte3ymezywzimjg4nw':40	t	f	95.090	\N	{}	\N	{}	\N	\N	\N	2421.000	2421.000	\N	95.090	\N	\N	2	{}	{}
2026-03-06 11:24:35.064865+00		deborah.lee@example.com	9682dbd7-d0c5-472a-ae96-785486c40284	15	15	\N	1074.840	\N	en	48.840	1074.840	48.840	partially fulfilled	DHL	13	t		0		PLN	{}	{}	2	\N	\N	0.000	0.000	1074.840		\N	\N		2026-03-06 11:24:35.135627+00	f	19	\N	0.000	full	full	'09795':6B,22B '100':38C '19':1A '264':10B,26B '479fe66e':46,52,58 '479fe66e-6f13-4df7-a847-e0627db361a5':45,51,57 '4df7':48,54,60 '6f13':47,53,59 '85803':19B,35B 'a847':49,55,61 'america':14B,30B 'az':16B,32B 'card':37C 'cushion':42C 'dash':41C 'deborah':4B,20B 'deborah.lee@example.com':3A 'e0627db361a5':50,56,62 'gift':36C 'lee':5B,21B 'michelleborough':18B,34B 'new':17B,33B 'of':13B,29B 'states':12B,28B 'station':8B,24B 'suite':9B,25B 't3jkzxi6oty4mmrizdctzdbjns00nzjhlwflotytnzg1ndg2yzqwmjg0':2A 'tara':7B,23B 'the':40C 'uhjvzhvjdfzhcmlhbnq6mzgz':43C 'uhjvzhvjdfzhcmlhbnq6mzkz':39C 'united':11B,27B 'us':15B,31B 'vhjhbnnhy3rpb25jdgvtojm3nzzjzgjhlwvimdgtndqwoc1hmtc0ltm5zdjlngzkmzc0zg':44	t	f	48.840	\N	{}	\N	{}	\N	\N	\N	1026.000	1026.000	\N	48.840	\N	\N	2	{}	{}
2026-03-06 11:24:35.14254+00		cassidy.villarreal@example.com	15da6889-3d7d-4260-b479-89a8d58b9eaf	17	17	\N	5755.090	\N	en	95.090	5755.090	95.090	partially fulfilled	TNT	10	t		3000		PLN	{}	{}	2	\N	\N	0.000	0.000	5755.090		\N	\N		2026-03-06 11:24:35.253271+00	f	20	\N	0.000	full	full	'-8':52,60,68 '128223581':30C '128223584':34C '1754':6B,19B '20':1A '409b6a4db99d':55,63,71 '4886':51,59,67 '49182235824':38C '4c582c06':49,57,65 '4c582c06-91b9':48,56,64 '500':45C '71133':16B,29B '91b9':50,58,66 'america':12B,25B 'anthony':7B,20B 'b8c':54,62,70 'b8c-409b6a4db99d':53,61,69 'card':44C 'cassidy':4B,17B 'cassidy.villarreal@example.com':3A 'cubes':39C 'fords':8B,21B 'fountain':40C 'gift':43C 'la':14B,27B 'm':33C 'matthewport':15B,28B 'of':11B,24B 'shirt':32C,36C 'states':10B,23B 't3jkzxi6mtvkyty4odktm2q3zc00mjywlwi0nzktodlhogq1ogi5zwfm':2A 'team':31C,35C 'tee':41C 'uhjvzhvjdfzhcmlhbnq6ndaw':46C 'united':9B,22B 'us':13B,26B 'vhjhbnnhy3rpb25jdgvtojvjnmm4ndc2lwvizgytndk0zs1hn2filwjhnzvhmtq2m2yxza':47 'villarreal':5B,18B 'xxl':37C,42C	t	f	95.090	\N	{}	\N	{}	\N	\N	\N	5660.000	5660.000	\N	95.090	\N	\N	4	{}	{}
\.


--
-- Data for Name: order_order_gift_cards; Type: TABLE DATA; Schema: public; Owner: saleor
--

COPY public.order_order_gift_cards (id, giftcard_id, order_id) FROM stdin;
\.


--
-- Data for Name: order_orderevent; Type: TABLE DATA; Schema: public; Owner: saleor
--

COPY public.order_orderevent (id, date, type, user_id, parameters, app_id, order_id, related_id) FROM stdin;
\.


--
-- Data for Name: order_ordergrantedrefund; Type: TABLE DATA; Schema: public; Owner: saleor
--

COPY public.order_ordergrantedrefund (id, created_at, updated_at, amount_value, currency, reason, app_id, order_id, user_id, shipping_costs_included, transaction_item_id, status, reason_reference_id) FROM stdin;
\.


--
-- Data for Name: order_ordergrantedrefundline; Type: TABLE DATA; Schema: public; Owner: saleor
--

COPY public.order_ordergrantedrefundline (id, quantity, granted_refund_id, order_line_id, reason) FROM stdin;
\.


--
-- Data for Name: order_orderline; Type: TABLE DATA; Schema: public; Owner: saleor
--

COPY public.order_orderline (product_name, product_sku, quantity, unit_price_net_amount, unit_price_gross_amount, is_shipping_required, quantity_fulfilled, variant_id, tax_rate, translated_product_name, currency, translated_variant_name, variant_name, total_price_gross_amount, total_price_net_amount, unit_discount_amount, unit_discount_value, unit_discount_reason, unit_discount_type, undiscounted_total_price_gross_amount, undiscounted_total_price_net_amount, undiscounted_unit_price_gross_amount, undiscounted_unit_price_net_amount, is_gift_card, product_variant_id, sale_id, voucher_code, order_id, id, old_id, created_at, base_unit_price_amount, undiscounted_base_unit_price_amount, metadata, private_metadata, tax_class_id, tax_class_metadata, tax_class_name, tax_class_private_metadata, is_gift, is_price_overridden, draft_base_price_expire_at, product_type_id) FROM stdin;
Reversed Monotype Tee	9182235821	3	120.000	120.000	t	0	\N	0.0000		PLN		XXL	360.000	360.000	0.000	0.000	\N	\N	360.000	360.000	120.000	120.000	f	UHJvZHVjdFZhcmlhbnQ6Mzkw	\N	\N	8209e96f-340f-4341-b086-105849813961	1bd8969d-15ea-4c96-a63f-95fae7ff496b	\N	2026-03-06 11:24:34.217601+00	120.000	120.000	{}	{}	\N	{}	\N	{}	f	\N	\N	20
Darko Polo	111223580	2	150.000	150.000	t	0	\N	0.0000		PLN		S	300.000	300.000	0.000	0.000	\N	\N	300.000	300.000	150.000	150.000	f	UHJvZHVjdFZhcmlhbnQ6MzU4	\N	\N	04c319da-1bcd-4a91-b7a5-f36cf64f6419	d413840a-9bb9-4217-b809-8eb516000c55	\N	2026-03-06 11:24:34.145928+00	150.000	150.000	{}	{}	\N	{}	\N	{}	f	\N	\N	20
Battle-tested at brands like Lush	9018223582	1	31.500	31.500	f	0	\N	0.0000		PLN		DVD	31.500	31.500	0.000	0.000	\N	\N	31.500	31.500	31.500	31.500	f	UHJvZHVjdFZhcmlhbnQ6Mzcy	\N	\N	8209e96f-340f-4341-b086-105849813961	140db4c9-07ee-4e49-8485-2e0e1c849c32	\N	2026-03-06 11:24:34.217548+00	31.500	31.500	{}	{}	\N	{}	\N	{}	f	\N	\N	17
Monospace Tee	328223583	2	20.000	20.000	t	0	\N	0.0000		USD		XL	40.000	40.000	0.000	0.000	\N	\N	40.000	40.000	20.000	20.000	f	UHJvZHVjdFZhcmlhbnQ6MzUx	\N	\N	1399d629-957d-4510-a31d-ad7d9ccc34fa	3f76b089-58ea-4e49-a48f-20b62f06586b	\N	2026-03-06 11:24:33.780429+00	20.000	20.000	{}	{}	\N	{}	\N	{}	f	\N	\N	20
Headless + Omnichannel in a pill	headless-omnichannel-mp3	2	10.000	10.000	f	0	\N	0.0000		USD		MP3	20.000	20.000	0.000	0.000	\N	\N	20.000	20.000	10.000	10.000	f	UHJvZHVjdFZhcmlhbnQ6MzI0	\N	\N	a49f62c8-c93b-4b8e-8e0a-f9d85e73d724	cc48ec3a-9236-43b2-9a94-7e0be0edff9d	\N	2026-03-06 11:24:33.678081+00	10.000	10.000	{}	{}	\N	{}	\N	{}	f	\N	\N	17
Monospace Tee	328223580	2	90.000	90.000	t	0	\N	0.0000		PLN		S	180.000	180.000	0.000	0.000	\N	\N	180.000	180.000	90.000	90.000	f	UHJvZHVjdFZhcmlhbnQ6MzQ4	\N	\N	7fbd3c72-c2b9-484e-b5bb-fbc2328b6591	9ea968cf-56af-440c-b652-e4e381306d41	\N	2026-03-06 11:24:33.921911+00	90.000	90.000	{}	{}	\N	{}	\N	{}	f	\N	\N	20
Paul's Balance 420	118223585	4	209.960	209.960	t	0	\N	0.0000		PLN		45	839.840	839.840	0.000	0.000	\N	\N	839.840	839.840	209.960	209.960	f	UHJvZHVjdFZhcmlhbnQ6MzQ0	\N	\N	0314c2a8-0dc6-42a8-868d-5f16776115a1	42e29abd-b6d3-490f-ac74-b8d6720e88e7	\N	2026-03-06 11:24:33.994858+00	209.960	209.960	{}	{}	\N	{}	\N	{}	f	\N	\N	18
Blue Polygon Shirt	218223581	3	45.000	45.000	t	0	\N	0.0000		USD		L	135.000	135.000	0.000	0.000	\N	\N	135.000	135.000	45.000	45.000	f	UHJvZHVjdFZhcmlhbnQ6MzYy	\N	\N	16ff8d8e-6f63-439e-8555-10b391ef2674	e33817a2-61ec-4df8-9eaf-5f3d3b58332d	\N	2026-03-06 11:24:34.063991+00	45.000	45.000	{}	{}	\N	{}	\N	{}	f	\N	\N	20
Team Shirt	128223580	3	40.000	40.000	t	0	\N	0.0000		USD		S	120.000	120.000	0.000	0.000	\N	\N	120.000	120.000	40.000	40.000	f	UHJvZHVjdFZhcmlhbnQ6MzUz	\N	\N	16ff8d8e-6f63-439e-8555-10b391ef2674	1a040944-ab90-4ed3-b567-5eb85064838d	\N	2026-03-06 11:24:34.063956+00	40.000	40.000	{}	{}	\N	{}	\N	{}	f	\N	\N	20
Dark Polygon Tee	112223582	3	45.000	45.000	t	0	\N	0.0000		USD		L	135.000	135.000	0.000	0.000	\N	\N	135.000	135.000	45.000	45.000	f	UHJvZHVjdFZhcmlhbnQ6MzY2	\N	\N	a49f62c8-c93b-4b8e-8e0a-f9d85e73d724	0812cf69-7146-4e34-9925-79289e1b4f33	\N	2026-03-06 11:24:33.678161+00	45.000	45.000	{}	{}	\N	{}	\N	{}	f	\N	\N	20
Paul's Balance 420	118223581	4	209.960	209.960	t	0	\N	0.0000		PLN		39	839.840	839.840	0.000	0.000	\N	\N	839.840	839.840	209.960	209.960	f	UHJvZHVjdFZhcmlhbnQ6MzQw	\N	\N	fe5fac84-411e-47ac-aff3-9d845fd440b4	16090abd-4146-4bda-aaf4-13fb864e479e	\N	2026-03-06 11:24:33.84846+00	209.960	209.960	{}	{}	\N	{}	\N	{}	f	\N	\N	18
Gift card 100	\N	4	100.000	100.000	f	0	\N	0.0000		USD		UHJvZHVjdFZhcmlhbnQ6Mzkz	400.000	400.000	0.000	0.000	\N	\N	400.000	400.000	100.000	100.000	t	UHJvZHVjdFZhcmlhbnQ6Mzkz	\N	\N	1399d629-957d-4510-a31d-ad7d9ccc34fa	4d2e512d-cc10-4361-ae07-8377a7e30cb4	\N	2026-03-06 11:24:33.780335+00	100.000	100.000	{}	{}	\N	{}	\N	{}	f	\N	\N	24
Blue Polygon Shirt	218223581	1	150.000	150.000	t	0	\N	0.0000		PLN		L	150.000	150.000	0.000	0.000	\N	\N	150.000	150.000	150.000	150.000	f	UHJvZHVjdFZhcmlhbnQ6MzYy	\N	\N	04c319da-1bcd-4a91-b7a5-f36cf64f6419	1bd6f357-d2cc-447e-b034-3702deadc8c4	\N	2026-03-06 11:24:34.145893+00	150.000	150.000	{}	{}	\N	{}	\N	{}	f	\N	\N	20
Enterprise Cloud + On-premises	113223584	4	29.990	29.990	f	0	\N	0.0000		PLN		iTunes	119.960	119.960	0.000	0.000	\N	\N	119.960	119.960	29.990	29.990	f	UHJvZHVjdFZhcmlhbnQ6Mzc3	\N	\N	7fbd3c72-c2b9-484e-b5bb-fbc2328b6591	8ee6bc31-b5e9-419a-ba63-1716f15f2685	\N	2026-03-06 11:24:33.921946+00	29.990	29.990	{}	{}	\N	{}	\N	{}	f	\N	\N	17
White Plimsolls	918223582	1	240.000	240.000	t	0	\N	0.0000		PLN		39	240.000	240.000	0.000	0.000	\N	\N	240.000	240.000	240.000	240.000	f	UHJvZHVjdFZhcmlhbnQ6MzI1	\N	\N	04c319da-1bcd-4a91-b7a5-f36cf64f6419	1fedce59-46f0-4fb7-9754-4010dcb66697	\N	2026-03-06 11:24:34.145805+00	240.000	240.000	{}	{}	\N	{}	\N	{}	f	\N	\N	18
Carrot Juice	\N	4	5.990	5.990	t	2	\N	0.0000		PLN		UHJvZHVjdFZhcmlhbnQ6Mzg3	23.960	23.960	0.000	0.000	\N	\N	23.960	23.960	5.990	5.990	f	UHJvZHVjdFZhcmlhbnQ6Mzg3	\N	\N	fe5fac84-411e-47ac-aff3-9d845fd440b4	e1db6d4e-1303-4ddb-97ef-db7b045a9dc6	\N	2026-03-06 11:24:33.84852+00	5.990	5.990	{}	{}	\N	{}	\N	{}	f	\N	\N	23
Dark Polygon Tee	112223582	1	45.000	45.000	t	0	\N	0.0000		USD		L	45.000	45.000	0.000	0.000	\N	\N	45.000	45.000	45.000	45.000	f	UHJvZHVjdFZhcmlhbnQ6MzY2	\N	\N	16ff8d8e-6f63-439e-8555-10b391ef2674	61d38d03-6854-46b9-bf38-ef066572490f	\N	2026-03-06 11:24:34.06386+00	45.000	45.000	{}	{}	\N	{}	\N	{}	f	\N	\N	20
Gift card 100	\N	4	450.000	450.000	f	0	\N	0.0000		PLN		UHJvZHVjdFZhcmlhbnQ6Mzkz	1800.000	1800.000	0.000	0.000	\N	\N	1800.000	1800.000	450.000	450.000	t	UHJvZHVjdFZhcmlhbnQ6Mzkz	\N	\N	fe5fac84-411e-47ac-aff3-9d845fd440b4	0aa5180a-2d75-4bd5-8118-0e5f853f035b	\N	2026-03-06 11:24:33.848556+00	450.000	450.000	{}	{}	\N	{}	\N	{}	f	\N	\N	24
Gift card 100	\N	3	450.000	450.000	f	3	\N	0.0000		PLN		UHJvZHVjdFZhcmlhbnQ6Mzkz	1350.000	1350.000	0.000	0.000	\N	\N	1350.000	1350.000	450.000	450.000	t	UHJvZHVjdFZhcmlhbnQ6Mzkz	\N	\N	8209e96f-340f-4341-b086-105849813961	afd9ba9f-9b78-4a30-af9c-eda1a30e4355	\N	2026-03-06 11:24:34.217638+00	450.000	450.000	{}	{}	\N	{}	\N	{}	f	\N	\N	24
Team Shirt	128223584	2	40.000	40.000	t	2	\N	0.0000		USD		XXL	80.000	80.000	0.000	0.000	\N	\N	80.000	80.000	40.000	40.000	f	UHJvZHVjdFZhcmlhbnQ6MzU3	\N	\N	afc63b1c-a4f5-422d-b75b-3805c4828bf2	3b3da6b4-91a8-4856-bb85-0dac4879a05e	\N	2026-03-06 11:24:34.356826+00	40.000	40.000	{}	{}	\N	{}	\N	{}	f	\N	\N	20
White Plimsolls	918223582	3	240.000	240.000	t	2	\N	0.0000		PLN		39	720.000	720.000	0.000	0.000	\N	\N	720.000	720.000	240.000	240.000	f	UHJvZHVjdFZhcmlhbnQ6MzI1	\N	\N	0314c2a8-0dc6-42a8-868d-5f16776115a1	47ac56bf-07b2-4fd0-a67c-57085df6ab7b	\N	2026-03-06 11:24:33.994912+00	240.000	240.000	{}	{}	\N	{}	\N	{}	f	\N	\N	18
White Plimsolls	918223582	1	80.000	80.000	t	0	\N	0.0000		USD		39	80.000	80.000	0.000	0.000	\N	\N	80.000	80.000	80.000	80.000	f	UHJvZHVjdFZhcmlhbnQ6MzI1	\N	\N	16ff8d8e-6f63-439e-8555-10b391ef2674	53b72970-b222-416a-b624-33d7e875f6c9	\N	2026-03-06 11:24:34.06392+00	80.000	80.000	{}	{}	\N	{}	\N	{}	f	\N	\N	18
White Plimsolls	918223583	4	240.000	240.000	t	0	\N	0.0000		PLN		40	960.000	960.000	0.000	0.000	\N	\N	960.000	960.000	240.000	240.000	f	UHJvZHVjdFZhcmlhbnQ6MzI2	\N	\N	04c319da-1bcd-4a91-b7a5-f36cf64f6419	a404056e-1f41-4f0d-abe5-16d055e8cf31	\N	2026-03-06 11:24:34.145857+00	240.000	240.000	{}	{}	\N	{}	\N	{}	f	\N	\N	18
Apple Juice	\N	4	1.990	1.990	t	4	\N	0.0000		USD		UHJvZHVjdFZhcmlhbnQ6Mzg0	7.960	7.960	0.000	0.000	\N	\N	7.960	7.960	1.990	1.990	f	UHJvZHVjdFZhcmlhbnQ6Mzg0	\N	\N	a49f62c8-c93b-4b8e-8e0a-f9d85e73d724	869004e4-10c4-4470-ae0f-816a476f4e45	\N	2026-03-06 11:24:33.6782+00	1.990	1.990	{}	{}	\N	{}	\N	{}	f	\N	\N	23
Apple Juice	\N	2	1.990	1.990	t	0	\N	0.0000		USD		UHJvZHVjdFZhcmlhbnQ6Mzg0	3.980	3.980	0.000	0.000	\N	\N	3.980	3.980	1.990	1.990	f	UHJvZHVjdFZhcmlhbnQ6Mzg0	\N	\N	1399d629-957d-4510-a31d-ad7d9ccc34fa	cb2aa216-c6fc-4170-9eb6-a0417155b95c	\N	2026-03-06 11:24:33.780394+00	1.990	1.990	{}	{}	\N	{}	\N	{}	f	\N	\N	23
Monospace Tee	328223581	2	90.000	90.000	t	1	\N	0.0000		PLN		M	180.000	180.000	0.000	0.000	\N	\N	180.000	180.000	90.000	90.000	f	UHJvZHVjdFZhcmlhbnQ6MzQ5	\N	\N	7fbd3c72-c2b9-484e-b5bb-fbc2328b6591	4f53b58d-b858-4ff5-90de-b61cc8ddb131	\N	2026-03-06 11:24:33.921855+00	90.000	90.000	{}	{}	\N	{}	\N	{}	f	\N	\N	20
Monospace Tee	328223583	3	90.000	90.000	t	1	\N	0.0000		PLN		XL	270.000	270.000	0.000	0.000	\N	\N	270.000	270.000	90.000	90.000	f	UHJvZHVjdFZhcmlhbnQ6MzUx	\N	\N	b3897c63-68bd-4afe-b1d0-62c2e24eef2d	8c1aeecc-4506-482a-bfa5-d827d050e525	\N	2026-03-06 11:24:34.290408+00	90.000	90.000	{}	{}	\N	{}	\N	{}	f	\N	\N	20
Darko Polo	111223582	2	45.000	45.000	t	0	\N	0.0000		USD		XXL	90.000	90.000	0.000	0.000	\N	\N	90.000	90.000	45.000	45.000	f	UHJvZHVjdFZhcmlhbnQ6MzYw	\N	\N	bf4c7074-993e-4120-8cb3-1117fa5c13b4	44e7babb-f9bb-4b32-bb7e-07a0d07ec126	\N	2026-03-06 11:24:34.692391+00	45.000	45.000	{}	{}	\N	{}	\N	{}	f	\N	\N	20
Blue Plimsolls	818223583	2	207.000	207.000	t	1	\N	0.0000		PLN		41	414.000	414.000	0.000	0.000	\N	\N	414.000	414.000	207.000	207.000	f	UHJvZHVjdFZhcmlhbnQ6MzMy	\N	\N	eba56570-1cee-4757-b4d1-d0ceb36a3803	9661e520-f575-4b61-900a-3ebc7eecedac	\N	2026-03-06 11:24:34.606432+00	207.000	207.000	{}	{}	\N	{}	\N	{}	f	\N	\N	18
Team Shirt	128223580	1	40.000	40.000	t	1	\N	0.0000		USD		S	40.000	40.000	0.000	0.000	\N	\N	40.000	40.000	40.000	40.000	f	UHJvZHVjdFZhcmlhbnQ6MzUz	\N	\N	ddb7e20f-323b-4d70-ab5c-ce736417ae09	8bb7c90d-9d49-4b9a-99e5-009e3642818d	\N	2026-03-06 11:24:34.763668+00	40.000	40.000	{}	{}	\N	{}	\N	{}	f	\N	\N	20
Monokai Dimmed Sunnies	\N	2	90.000	90.000	f	0	\N	0.0000		PLN		UHJvZHVjdFZhcmlhbnQ6Mzg4	180.000	180.000	0.000	0.000	\N	\N	180.000	180.000	90.000	90.000	f	UHJvZHVjdFZhcmlhbnQ6Mzg4	\N	\N	42ef0458-e336-4af7-9ebd-10b05f4922d7	986913e8-27c5-40a4-8c20-95226e8c862a	\N	2026-03-06 11:24:34.918269+00	90.000	90.000	{}	{}	\N	{}	\N	{}	f	\N	\N	22
The Dash Cushion	\N	3	42.000	42.000	f	0	\N	0.0000		PLN		UHJvZHVjdFZhcmlhbnQ6Mzgz	126.000	126.000	0.000	0.000	\N	\N	126.000	126.000	42.000	42.000	f	UHJvZHVjdFZhcmlhbnQ6Mzgz	\N	\N	9682dbd7-d0c5-472a-ae96-785486c40284	54a6bd65-be8f-4adc-add5-e62305578299	\N	2026-03-06 11:24:35.071047+00	42.000	42.000	{}	{}	\N	{}	\N	{}	f	\N	\N	22
Dark Polygon Tee	112223580	3	45.000	45.000	t	0	\N	0.0000		USD		S	135.000	135.000	0.000	0.000	\N	\N	135.000	135.000	45.000	45.000	f	UHJvZHVjdFZhcmlhbnQ6MzY0	\N	\N	33d38c01-b33e-42d2-8d6f-13aac12dd592	009669ee-38f7-40a0-876f-fbd030abb92c	\N	2026-03-06 11:24:34.417256+00	45.000	45.000	{}	{}	\N	{}	\N	{}	f	\N	\N	20
Paul's Balance 420	118223583	3	50.000	50.000	t	0	\N	0.0000		USD		41	150.000	150.000	0.000	0.000	\N	\N	150.000	150.000	50.000	50.000	f	UHJvZHVjdFZhcmlhbnQ6MzQy	\N	\N	33d38c01-b33e-42d2-8d6f-13aac12dd592	cc60f7e2-8030-46b6-824f-f7ba2a1fc255	\N	2026-03-06 11:24:34.417105+00	50.000	50.000	{}	{}	\N	{}	\N	{}	f	\N	\N	18
Gift card 100	\N	4	450.000	450.000	f	0	\N	0.0000		PLN		UHJvZHVjdFZhcmlhbnQ6Mzkz	1800.000	1800.000	0.000	0.000	\N	\N	1800.000	1800.000	450.000	450.000	t	UHJvZHVjdFZhcmlhbnQ6Mzkz	\N	\N	3b2f3bac-836d-49da-9ad0-ebfa38282d02	40319b26-1456-4d55-8f51-ea15f19e4d85	\N	2026-03-06 11:24:34.989406+00	450.000	450.000	{}	{}	\N	{}	\N	{}	f	\N	\N	24
Bean Juice	\N	1	0.990	0.990	t	1	\N	0.0000		USD		UHJvZHVjdFZhcmlhbnQ6Mzg1	0.990	0.990	0.000	0.000	\N	\N	0.990	0.990	0.990	0.990	f	UHJvZHVjdFZhcmlhbnQ6Mzg1	\N	\N	33d38c01-b33e-42d2-8d6f-13aac12dd592	b35c3671-1b35-415b-b78b-dd69c44d8870	\N	2026-03-06 11:24:34.417221+00	0.990	0.990	{}	{}	\N	{}	\N	{}	f	\N	\N	23
Cubes Fountain Tee	49182235821	2	30.000	30.000	t	1	\N	0.0000		USD		M	60.000	60.000	0.000	0.000	\N	\N	60.000	60.000	30.000	30.000	f	UHJvZHVjdFZhcmlhbnQ6Mzk1	\N	\N	d701d676-e825-4fe8-bd83-db4be0b8986b	a26b2740-5c8a-4aee-9975-7140b3feca85	\N	2026-03-06 11:24:34.510303+00	30.000	30.000	{}	{}	\N	{}	\N	{}	f	\N	\N	20
White Plimsolls	918223587	1	80.000	80.000	t	1	\N	0.0000		USD		44	80.000	80.000	0.000	0.000	\N	\N	80.000	80.000	80.000	80.000	f	UHJvZHVjdFZhcmlhbnQ6MzMw	\N	\N	33d38c01-b33e-42d2-8d6f-13aac12dd592	5af4d472-769f-4b41-b997-0ccfcaf1e781	\N	2026-03-06 11:24:34.417183+00	80.000	80.000	{}	{}	\N	{}	\N	{}	f	\N	\N	18
Gift card 100	\N	2	450.000	450.000	f	2	\N	0.0000		PLN		UHJvZHVjdFZhcmlhbnQ6Mzkz	900.000	900.000	0.000	0.000	\N	\N	900.000	900.000	450.000	450.000	t	UHJvZHVjdFZhcmlhbnQ6Mzkz	\N	\N	9682dbd7-d0c5-472a-ae96-785486c40284	84b00705-29ad-4e11-9de3-d0d0ef82e0ae	\N	2026-03-06 11:24:35.070986+00	450.000	450.000	{}	{}	\N	{}	\N	{}	f	\N	\N	24
Enterprise Cloud + On-premises	113223582	2	29.990	29.990	f	0	\N	0.0000		PLN		Vinyl	59.980	59.980	0.000	0.000	\N	\N	59.980	59.980	29.990	29.990	f	UHJvZHVjdFZhcmlhbnQ6Mzc1	\N	\N	eba56570-1cee-4757-b4d1-d0ceb36a3803	b2de2100-e97a-461d-9c35-2559aa83d930	\N	2026-03-06 11:24:34.606496+00	29.990	29.990	{}	{}	\N	{}	\N	{}	f	\N	\N	17
Monospace Tee	328223582	4	20.000	20.000	t	1	\N	0.0000		USD		L	80.000	80.000	0.000	0.000	\N	\N	80.000	80.000	20.000	20.000	f	UHJvZHVjdFZhcmlhbnQ6MzUw	\N	\N	d701d676-e825-4fe8-bd83-db4be0b8986b	24819976-330b-4405-9edd-645f89077bb0	\N	2026-03-06 11:24:34.510338+00	20.000	20.000	{}	{}	\N	{}	\N	{}	f	\N	\N	20
Dark Polygon Tee	112223581	2	150.000	150.000	t	0	\N	0.0000		PLN		M	300.000	300.000	0.000	0.000	\N	\N	300.000	300.000	150.000	150.000	f	UHJvZHVjdFZhcmlhbnQ6MzY1	\N	\N	d22f480a-e79f-480f-af55-6e710ece6917	b2758dba-b979-45da-ac44-44e4a3a608ae	\N	2026-03-06 11:24:34.834702+00	150.000	150.000	{}	{}	\N	{}	\N	{}	f	\N	\N	20
White Plimsolls	918223584	2	80.000	80.000	t	1	\N	0.0000		USD		41	160.000	160.000	0.000	0.000	\N	\N	160.000	160.000	80.000	80.000	f	UHJvZHVjdFZhcmlhbnQ6MzI3	\N	\N	d701d676-e825-4fe8-bd83-db4be0b8986b	21d7be31-2d7f-45e3-9905-a914dc9f61a3	\N	2026-03-06 11:24:34.510266+00	80.000	80.000	{}	{}	\N	{}	\N	{}	f	\N	\N	18
Neck Warmer	\N	3	90.000	90.000	t	0	\N	0.0000		PLN		UHJvZHVjdFZhcmlhbnQ6Mzcw	270.000	270.000	0.000	0.000	\N	\N	270.000	270.000	90.000	90.000	f	UHJvZHVjdFZhcmlhbnQ6Mzcw	\N	\N	d22f480a-e79f-480f-af55-6e710ece6917	3c8312d5-bd19-4dc0-8561-ae4b22b71856	\N	2026-03-06 11:24:34.834841+00	90.000	90.000	{}	{}	\N	{}	\N	{}	f	\N	\N	21
Cubes Fountain Tee	49182235821	3	130.000	130.000	t	0	\N	0.0000		PLN		M	390.000	390.000	0.000	0.000	\N	\N	390.000	390.000	130.000	130.000	f	UHJvZHVjdFZhcmlhbnQ6Mzk1	\N	\N	d22f480a-e79f-480f-af55-6e710ece6917	8e272624-9f71-440b-9243-ea42ca210057	\N	2026-03-06 11:24:34.834807+00	130.000	130.000	{}	{}	\N	{}	\N	{}	f	\N	\N	20
White Plimsolls	918223582	3	80.000	80.000	t	0	\N	0.0000		USD		39	240.000	240.000	0.000	0.000	\N	\N	240.000	240.000	80.000	80.000	f	UHJvZHVjdFZhcmlhbnQ6MzI1	\N	\N	bf4c7074-993e-4120-8cb3-1117fa5c13b4	5b21478d-3014-4ceb-8361-59ea10031ad7	\N	2026-03-06 11:24:34.692284+00	80.000	80.000	{}	{}	\N	{}	\N	{}	f	\N	\N	18
Own your stack and data	124223582	1	1.000	1.000	f	0	\N	0.0000		USD		MP3	1.000	1.000	0.000	0.000	\N	\N	1.000	1.000	1.000	1.000	f	UHJvZHVjdFZhcmlhbnQ6Mzgw	\N	\N	d701d676-e825-4fe8-bd83-db4be0b8986b	e04262f3-a979-49d7-8ef8-6290e5125bf2	\N	2026-03-06 11:24:34.510205+00	1.000	1.000	{}	{}	\N	{}	\N	{}	f	\N	\N	17
Apple Juice	\N	2	5.990	5.990	t	0	\N	0.0000		PLN		UHJvZHVjdFZhcmlhbnQ6Mzg0	11.980	11.980	0.000	0.000	\N	\N	11.980	11.980	5.990	5.990	f	UHJvZHVjdFZhcmlhbnQ6Mzg0	\N	\N	d22f480a-e79f-480f-af55-6e710ece6917	63fcad1a-0836-4e3d-940c-665b11c4759d	\N	2026-03-06 11:24:34.83477+00	5.990	5.990	{}	{}	\N	{}	\N	{}	f	\N	\N	23
Team Shirt	128223584	3	40.000	40.000	t	0	\N	0.0000		USD		XXL	120.000	120.000	0.000	0.000	\N	\N	120.000	120.000	40.000	40.000	f	UHJvZHVjdFZhcmlhbnQ6MzU3	\N	\N	bf4c7074-993e-4120-8cb3-1117fa5c13b4	944336d2-79c9-486d-9cbc-7f8eb2e0c241	\N	2026-03-06 11:24:34.692354+00	40.000	40.000	{}	{}	\N	{}	\N	{}	f	\N	\N	20
White Plimsolls	918223585	1	240.000	240.000	t	0	\N	0.0000		PLN		42	240.000	240.000	0.000	0.000	\N	\N	240.000	240.000	240.000	240.000	f	UHJvZHVjdFZhcmlhbnQ6MzI4	\N	\N	42ef0458-e336-4af7-9ebd-10b05f4922d7	35f1bacd-8ed8-4ec8-b4ec-6aa453104a35	\N	2026-03-06 11:24:34.918335+00	240.000	240.000	{}	{}	\N	{}	\N	{}	f	\N	\N	18
Paul's Balance 420	118223584	3	209.960	209.960	t	0	\N	0.0000		PLN		42	629.880	629.880	0.000	0.000	\N	\N	629.880	629.880	209.960	209.960	f	UHJvZHVjdFZhcmlhbnQ6MzQz	\N	\N	eba56570-1cee-4757-b4d1-d0ceb36a3803	04852344-13a9-4ede-a7a4-8e6f42cde9b5	\N	2026-03-06 11:24:34.606532+00	209.960	209.960	{}	{}	\N	{}	\N	{}	f	\N	\N	18
Blue Plimsolls	818223583	3	207.000	207.000	t	0	\N	0.0000		PLN		41	621.000	621.000	0.000	0.000	\N	\N	621.000	621.000	207.000	207.000	f	UHJvZHVjdFZhcmlhbnQ6MzMy	\N	\N	3b2f3bac-836d-49da-9ad0-ebfa38282d02	1f490efb-6175-4d1c-aa51-ca4b646767fb	\N	2026-03-06 11:24:34.989469+00	207.000	207.000	{}	{}	\N	{}	\N	{}	f	\N	\N	18
Cubes Fountain Tee	49182235824	2	130.000	130.000	t	0	\N	0.0000		PLN		XXL	260.000	260.000	0.000	0.000	\N	\N	260.000	260.000	130.000	130.000	f	UHJvZHVjdFZhcmlhbnQ6Mzk4	\N	\N	15da6889-3d7d-4260-b479-89a8d58b9eaf	6fe76e51-7ed3-4a09-b6aa-4cfd8288c826	\N	2026-03-06 11:24:35.153317+00	130.000	130.000	{}	{}	\N	{}	\N	{}	f	\N	\N	20
Team Shirt	128223581	3	200.000	200.000	t	0	\N	0.0000		PLN		M	600.000	600.000	0.000	0.000	\N	\N	600.000	600.000	200.000	200.000	f	UHJvZHVjdFZhcmlhbnQ6MzU0	\N	\N	15da6889-3d7d-4260-b479-89a8d58b9eaf	dcb04776-7ef4-40fc-8cfd-f85f7ec17dfa	\N	2026-03-06 11:24:35.153083+00	200.000	200.000	{}	{}	\N	{}	\N	{}	f	\N	\N	20
Gift card 500	\N	2	2300.000	2300.000	f	0	\N	0.0000		PLN		UHJvZHVjdFZhcmlhbnQ6NDAw	4600.000	4600.000	0.000	0.000	\N	\N	4600.000	4600.000	2300.000	2300.000	t	UHJvZHVjdFZhcmlhbnQ6NDAw	\N	\N	15da6889-3d7d-4260-b479-89a8d58b9eaf	cf50cafb-c342-490b-81d4-b0448fdf9b7e	\N	2026-03-06 11:24:35.153354+00	2300.000	2300.000	{}	{}	\N	{}	\N	{}	f	\N	\N	24
Team Shirt	128223584	1	200.000	200.000	t	1	\N	0.0000		PLN		XXL	200.000	200.000	0.000	0.000	\N	\N	200.000	200.000	200.000	200.000	f	UHJvZHVjdFZhcmlhbnQ6MzU3	\N	\N	15da6889-3d7d-4260-b479-89a8d58b9eaf	16a7de12-4025-4587-b174-2c9a077b43ee	\N	2026-03-06 11:24:35.153169+00	200.000	200.000	{}	{}	\N	{}	\N	{}	f	\N	\N	20
White Plimsolls	918223586	3	240.000	240.000	t	0	\N	0.0000		PLN		43	720.000	720.000	0.000	0.000	\N	\N	720.000	720.000	240.000	240.000	f	UHJvZHVjdFZhcmlhbnQ6MzI5	\N	\N	b3897c63-68bd-4afe-b1d0-62c2e24eef2d	ebabcfe5-3838-4c22-82f1-52aca86ea95b	\N	2026-03-06 11:24:34.290352+00	240.000	240.000	{}	{}	\N	{}	\N	{}	f	\N	\N	18
\.


--
-- Data for Name: page_page; Type: TABLE DATA; Schema: public; Owner: saleor
--

COPY public.page_page (id, slug, title, content, created_at, is_published, published_at, seo_description, seo_title, metadata, private_metadata, page_type_id) FROM stdin;
3	about	About	{"time": 1652791943847, "blocks": [{"id": "1rqw8KEYBR", "data": {"text": "1 Saleor is a rapidly growing all-out commerce API. Saleor is <b>fully open-source, and 100% focused on the GraphQL</b>&nbsp;interface. Our mission is to provide unparalleled extensibility."}, "type": "paragraph"}, {"id": "Is0DQGyb93", "data": {"text": "2 We make it easy for front-end teams to <b>prototype fast, experiment, and build wonderful, unrestricted storefront experiences</b>."}, "type": "paragraph"}, {"id": "IwwtFzGF2A", "data": {"text": "3 We enable developers to <a href=\\"https://docs.saleor.io/developer/extending/apps/overview\\">extend Saleor</a> easily via [Saleor Apps](https://github.com/saleor/saleor-app-template), a robust tally of async/sync webhooks, and a composable Dashboard. "}, "type": "paragraph"}, {"id": "lJNRLN33D3", "data": {"text": "4 We allow brands to own their data and go fast while staying fully flexible with <a href=\\"https://cloud.saleor.io\\">Saleor Cloud</a>."}, "type": "paragraph"}], "version": "2.22.2"}	2026-03-06 11:24:26.225976+00	t	2022-05-13 00:00:00+00			{}	{}	4
4	frutello	Frutello	{"time": 1759136694252, "blocks": [{"id": "gQR87kggYT", "data": {"text": "<b>Frutello</b> was founded with a simple goal: to make everyday hydration refreshing, fun, and natural. We blend exotic fruits with bold flavors to bring you juices that spark energy and joy."}, "type": "paragraph"}], "version": "2.30.7"}	2026-03-06 11:24:26.228017+00	t	2025-09-25 09:55:21+00			{}	{}	5
5	saleor-loom	Saleor Loom	{"time": 1760423902356, "blocks": [{"id": "-6od1Tl3ok", "data": {"text": "Saleor Loom is a creative studio redefining comfort wear. Every piece is designed with mindful craftsmanship - from breathable organic fabrics to urban-inspired silhouettes. Our mission? To make fashion that moves with you, not against you."}, "type": "paragraph"}], "version": "2.30.7"}	2026-03-06 11:24:26.229553+00	t	2025-10-14 06:38:16+00			{}	{}	5
6	cozynest	CozyNest	{"time": 1760423902356, "blocks": [{"id": "O6Yitsup5b", "data": {"text": "At CozyNest, we believe every home tells a story - one of warmth, comfort, and personality. Our textiles and decor are crafted to make your favorite spaces feel inviting, calm, and beautifully lived-in."}, "type": "paragraph"}], "version": "2.30.7"}	2026-03-06 11:24:26.231073+00	t	2025-10-14 06:38:16+00			{}	{}	5
7	damaged-item	Damaged Item	{"time": 1762137600000, "blocks": [], "version": "2.30.7"}	2026-03-06 11:24:26.233056+00	t	2025-11-03 00:00:00+00			{}	{}	6
8	package-lost	Package Lost	{"time": 1762137600000, "blocks": [], "version": "2.30.7"}	2026-03-06 11:24:26.234648+00	t	2025-11-03 00:00:00+00			{}	{}	6
9	incorrect-address	Incorrect Address	{"time": 1762137600000, "blocks": [], "version": "2.30.7"}	2026-03-06 11:24:26.236175+00	t	2025-11-03 00:00:00+00			{}	{}	6
10	package-not-picked-up-by-customer	Package Not Picked Up by Customer	{"time": 1762137600000, "blocks": [], "version": "2.30.7"}	2026-03-06 11:24:26.237701+00	t	2025-11-03 00:00:00+00			{}	{}	6
\.


--
-- Data for Name: page_pagetranslation; Type: TABLE DATA; Schema: public; Owner: saleor
--

COPY public.page_pagetranslation (id, seo_title, seo_description, language_code, title, content, page_id, slug) FROM stdin;
\.


--
-- Data for Name: page_pagetype; Type: TABLE DATA; Schema: public; Owner: saleor
--

COPY public.page_pagetype (id, private_metadata, metadata, name, slug) FROM stdin;
1	{}	{}	Default Type	default-type
4	{}	{}	Simple	default-page
5	{}	{}	Brand	brand
6	{}	{}	Refund Reason	refund-reason
\.


--
-- Data for Name: payment_payment; Type: TABLE DATA; Schema: public; Owner: saleor
--

COPY public.payment_payment (id, gateway, is_active, created_at, modified_at, charge_status, billing_first_name, billing_last_name, billing_company_name, billing_address_1, billing_address_2, billing_city, billing_city_area, billing_postal_code, billing_country_code, billing_country_area, billing_email, customer_ip_address, cc_brand, cc_exp_month, cc_exp_year, cc_first_digits, cc_last_digits, extra_data, token, currency, total, captured_amount, checkout_id, to_confirm, payment_method_type, return_url, psp_reference, partial, metadata, private_metadata, store_payment_method, order_id) FROM stdin;
\.


--
-- Data for Name: payment_transaction; Type: TABLE DATA; Schema: public; Owner: saleor
--

COPY public.payment_transaction (id, created_at, token, kind, is_success, error, currency, amount, gateway_response, payment_id, customer_id, action_required, action_required_data, already_processed, legacy_adyen_plugin_payment_method, legacy_adyen_plugin_result_code) FROM stdin;
\.


--
-- Data for Name: payment_transactionevent; Type: TABLE DATA; Schema: public; Owner: saleor
--

COPY public.payment_transactionevent (id, created_at, status, transaction_id, amount_value, app_id, app_identifier, currency, external_url, include_in_calculations, message, psp_reference, type, user_id, idempotency_key, related_granted_refund_id, reason_reference_id) FROM stdin;
1	2026-03-06 11:24:33.739228+00	\N	1	205.850	\N	saleor.io.dummy-payment-app	USD	\N	f		2ec05228-673f-481b-8f5c-ef413ea18e4b	authorization_request	\N	\N	\N	\N
2	2026-03-06 11:24:33.739289+00	\N	1	205.850	\N	saleor.io.dummy-payment-app	USD	\N	t	Authorization success	2ec05228-673f-481b-8f5c-ef413ea18e4b	authorization_success	\N	\N	\N	\N
3	2026-03-06 11:24:33.739306+00	\N	1	205.850	\N	saleor.io.dummy-payment-app	USD	\N	f		795620fa-9a60-4c81-b8b4-0a9c25ebb6a1	charge_request	\N	\N	\N	\N
4	2026-03-06 11:24:33.739319+00	\N	1	205.850	\N	saleor.io.dummy-payment-app	USD	\N	t	Charge success	795620fa-9a60-4c81-b8b4-0a9c25ebb6a1	charge_success	\N	\N	\N	\N
5	2026-03-06 11:24:33.821821+00	\N	2	526.310	\N	saleor.io.dummy-payment-app	USD	\N	f		636903c0-a83f-437f-90cf-9da96b9cf4b3	authorization_request	\N	\N	\N	\N
6	2026-03-06 11:24:33.821871+00	\N	2	526.310	\N	saleor.io.dummy-payment-app	USD	\N	t	Authorization success	636903c0-a83f-437f-90cf-9da96b9cf4b3	authorization_success	\N	\N	\N	\N
7	2026-03-06 11:24:33.88716+00	\N	3	2712.640	\N	saleor.io.dummy-payment-app	PLN	\N	f		64a32aa5-2d29-41cd-a254-98c5f8ce4761	charge_request	\N	\N	\N	\N
8	2026-03-06 11:24:33.887195+00	\N	3	2712.640	\N	saleor.io.dummy-payment-app	PLN	\N	t	Charge success	64a32aa5-2d29-41cd-a254-98c5f8ce4761	charge_success	\N	\N	\N	\N
9	2026-03-06 11:24:33.959604+00	\N	4	541.430	\N	saleor.io.dummy-payment-app	PLN	\N	f		4dd89a03-bfe0-4e2b-be35-17017e655f38	charge_request	\N	\N	\N	\N
10	2026-03-06 11:24:33.959644+00	\N	4	541.430	\N	saleor.io.dummy-payment-app	PLN	\N	t	Charge success	4dd89a03-bfe0-4e2b-be35-17017e655f38	charge_success	\N	\N	\N	\N
11	2026-03-06 11:24:34.026941+00	\N	5	1588.850	\N	saleor.io.dummy-payment-app	PLN	\N	f		ffcebdcd-70bc-4872-8b31-1073f3765463	charge_request	\N	\N	\N	\N
12	2026-03-06 11:24:34.026983+00	\N	5	1588.850	\N	saleor.io.dummy-payment-app	PLN	\N	t	Charge success	ffcebdcd-70bc-4872-8b31-1073f3765463	charge_success	\N	\N	\N	\N
13	2026-03-06 11:24:34.117974+00	\N	6	457.480	\N	saleor.io.dummy-payment-app	USD	\N	f		d9fa5da5-8688-4e4e-9976-17967aa651bf	authorization_request	\N	\N	\N	\N
14	2026-03-06 11:24:34.11801+00	\N	6	457.480	\N	saleor.io.dummy-payment-app	USD	\N	t	Authorization success	d9fa5da5-8688-4e4e-9976-17967aa651bf	authorization_success	\N	\N	\N	\N
15	2026-03-06 11:24:34.192201+00	\N	7	1679.010	\N	saleor.io.dummy-payment-app	PLN	\N	f		3a6d8dc3-47be-41e7-8d94-9879dee7c992	charge_request	\N	\N	\N	\N
16	2026-03-06 11:24:34.192236+00	\N	7	1679.010	\N	saleor.io.dummy-payment-app	PLN	\N	t	Charge success	3a6d8dc3-47be-41e7-8d94-9879dee7c992	charge_success	\N	\N	\N	\N
17	2026-03-06 11:24:34.192253+00	\N	7	1679.010	\N	saleor.io.dummy-payment-app	PLN	\N	f		7714b5bf-60e3-47d5-9962-e763d59cea46	refund_request	\N	\N	\N	\N
18	2026-03-06 11:24:34.192267+00	\N	7	1679.010	\N	saleor.io.dummy-payment-app	PLN	\N	t	Refund success	7714b5bf-60e3-47d5-9962-e763d59cea46	refund_success	\N	\N	\N	\N
19	2026-03-06 11:24:34.254748+00	\N	8	1820.890	\N	saleor.io.dummy-payment-app	PLN	\N	f		9e96ff6e-28a6-4820-aa2a-cde1873fb93c	charge_request	\N	\N	\N	\N
20	2026-03-06 11:24:34.254787+00	\N	8	1820.890	\N	saleor.io.dummy-payment-app	PLN	\N	t	Charge success	9e96ff6e-28a6-4820-aa2a-cde1873fb93c	charge_success	\N	\N	\N	\N
21	2026-03-06 11:24:34.322181+00	\N	9	1078.470	\N	saleor.io.dummy-payment-app	PLN	\N	f		dcf66948-183b-44e1-b4d7-b03e61943032	charge_request	\N	\N	\N	\N
22	2026-03-06 11:24:34.322216+00	\N	9	1078.470	\N	saleor.io.dummy-payment-app	PLN	\N	t	Charge success	dcf66948-183b-44e1-b4d7-b03e61943032	charge_success	\N	\N	\N	\N
23	2026-03-06 11:24:34.381467+00	\N	10	114.200	\N	saleor.io.dummy-payment-app	USD	\N	f		a93493ca-cf9d-41d6-86ff-017182f01f9c	authorization_request	\N	\N	\N	\N
24	2026-03-06 11:24:34.381508+00	\N	10	114.200	\N	saleor.io.dummy-payment-app	USD	\N	t	Authorization success	a93493ca-cf9d-41d6-86ff-017182f01f9c	authorization_success	\N	\N	\N	\N
25	2026-03-06 11:24:34.381524+00	\N	10	114.200	\N	saleor.io.dummy-payment-app	USD	\N	f		a466cfde-7126-40d2-ac0d-bf12e336cbb0	charge_request	\N	\N	\N	\N
26	2026-03-06 11:24:34.381537+00	\N	10	114.200	\N	saleor.io.dummy-payment-app	USD	\N	t	Charge success	a466cfde-7126-40d2-ac0d-bf12e336cbb0	charge_success	\N	\N	\N	\N
27	2026-03-06 11:24:34.468891+00	\N	11	440.230	\N	saleor.io.dummy-payment-app	USD	\N	f		be6db990-ab51-438d-9261-2ea3b9f52165	authorization_request	\N	\N	\N	\N
28	2026-03-06 11:24:34.468935+00	\N	11	440.230	\N	saleor.io.dummy-payment-app	USD	\N	t	Authorization success	be6db990-ab51-438d-9261-2ea3b9f52165	authorization_success	\N	\N	\N	\N
29	2026-03-06 11:24:34.468951+00	\N	11	440.230	\N	saleor.io.dummy-payment-app	USD	\N	f		ff7500da-1871-4ebc-849c-83c86fcc9bfe	charge_request	\N	\N	\N	\N
30	2026-03-06 11:24:34.468964+00	\N	11	440.230	\N	saleor.io.dummy-payment-app	USD	\N	t	Charge success	ff7500da-1871-4ebc-849c-83c86fcc9bfe	charge_success	\N	\N	\N	\N
31	2026-03-06 11:24:34.558385+00	\N	12	392.380	\N	saleor.io.dummy-payment-app	USD	\N	f		32fa28e9-1a15-44f1-afdd-28dc1d651b1c	authorization_request	\N	\N	\N	\N
32	2026-03-06 11:24:34.55843+00	\N	12	392.380	\N	saleor.io.dummy-payment-app	USD	\N	t	Authorization success	32fa28e9-1a15-44f1-afdd-28dc1d651b1c	authorization_success	\N	\N	\N	\N
33	2026-03-06 11:24:34.558445+00	\N	12	392.380	\N	saleor.io.dummy-payment-app	USD	\N	f		902bd943-f0de-41bc-9831-2b14562645ab	charge_request	\N	\N	\N	\N
34	2026-03-06 11:24:34.558458+00	\N	12	392.380	\N	saleor.io.dummy-payment-app	USD	\N	t	Charge success	902bd943-f0de-41bc-9831-2b14562645ab	charge_success	\N	\N	\N	\N
35	2026-03-06 11:24:34.651715+00	\N	13	1163.460	\N	saleor.io.dummy-payment-app	PLN	\N	f		bb24b5e3-e0dd-4f67-b4df-72d6d4761967	charge_request	\N	\N	\N	\N
36	2026-03-06 11:24:34.651767+00	\N	13	1163.460	\N	saleor.io.dummy-payment-app	PLN	\N	t	Charge success	bb24b5e3-e0dd-4f67-b4df-72d6d4761967	charge_success	\N	\N	\N	\N
37	2026-03-06 11:24:34.736021+00	\N	14	490.390	\N	saleor.io.dummy-payment-app	USD	\N	f		52b3f0ad-ce61-48b3-bf09-9824d6bf62a3	authorization_request	\N	\N	\N	\N
38	2026-03-06 11:24:34.736065+00	\N	14	490.390	\N	saleor.io.dummy-payment-app	USD	\N	t	Authorization success	52b3f0ad-ce61-48b3-bf09-9824d6bf62a3	authorization_success	\N	\N	\N	\N
39	2026-03-06 11:24:34.792817+00	\N	15	107.750	\N	saleor.io.dummy-payment-app	USD	\N	f		c751fd69-a2b8-42b3-a34d-85b68c77fa0e	authorization_request	\N	\N	\N	\N
40	2026-03-06 11:24:34.792863+00	\N	15	107.750	\N	saleor.io.dummy-payment-app	USD	\N	t	Authorization success	c751fd69-a2b8-42b3-a34d-85b68c77fa0e	authorization_success	\N	\N	\N	\N
41	2026-03-06 11:24:34.792881+00	\N	15	107.750	\N	saleor.io.dummy-payment-app	USD	\N	f		7cc55bc6-3eac-4cf2-8ddf-0e3ff7575097	charge_request	\N	\N	\N	\N
42	2026-03-06 11:24:34.792894+00	\N	15	107.750	\N	saleor.io.dummy-payment-app	USD	\N	t	Charge success	7cc55bc6-3eac-4cf2-8ddf-0e3ff7575097	charge_success	\N	\N	\N	\N
43	2026-03-06 11:24:34.887572+00	\N	16	1067.070	\N	saleor.io.dummy-payment-app	PLN	\N	f		46f13131-5e32-4c41-95e0-2d61d908eac7	charge_request	\N	\N	\N	\N
44	2026-03-06 11:24:34.887614+00	\N	16	1067.070	\N	saleor.io.dummy-payment-app	PLN	\N	t	Charge success	46f13131-5e32-4c41-95e0-2d61d908eac7	charge_success	\N	\N	\N	\N
45	2026-03-06 11:24:34.887632+00	\N	16	1067.070	\N	saleor.io.dummy-payment-app	PLN	\N	f		6a63a41a-2be5-4457-b8a3-7cafe9dec0a1	refund_request	\N	\N	\N	\N
46	2026-03-06 11:24:34.887645+00	\N	16	1067.070	\N	saleor.io.dummy-payment-app	PLN	\N	t	Refund success	6a63a41a-2be5-4457-b8a3-7cafe9dec0a1	refund_success	\N	\N	\N	\N
47	2026-03-06 11:24:34.955403+00	\N	17	468.840	\N	saleor.io.dummy-payment-app	PLN	\N	f		9f3355aa-c394-4bb9-8271-4b85418e200e	charge_request	\N	\N	\N	\N
48	2026-03-06 11:24:34.95544+00	\N	17	468.840	\N	saleor.io.dummy-payment-app	PLN	\N	t	Charge success	9f3355aa-c394-4bb9-8271-4b85418e200e	charge_success	\N	\N	\N	\N
49	2026-03-06 11:24:35.030319+00	\N	18	2516.090	\N	saleor.io.dummy-payment-app	PLN	\N	f		7f666a32-dea4-403b-acaf-c9e428148f24	charge_request	\N	\N	\N	\N
50	2026-03-06 11:24:35.03038+00	\N	18	2516.090	\N	saleor.io.dummy-payment-app	PLN	\N	t	Charge success	7f666a32-dea4-403b-acaf-c9e428148f24	charge_success	\N	\N	\N	\N
51	2026-03-06 11:24:35.108848+00	\N	19	1074.840	\N	saleor.io.dummy-payment-app	PLN	\N	f		479fe66e-6f13-4df7-a847-e0627db361a5	charge_request	\N	\N	\N	\N
52	2026-03-06 11:24:35.10889+00	\N	19	1074.840	\N	saleor.io.dummy-payment-app	PLN	\N	t	Charge success	479fe66e-6f13-4df7-a847-e0627db361a5	charge_success	\N	\N	\N	\N
53	2026-03-06 11:24:35.215905+00	\N	20	5755.090	\N	saleor.io.dummy-payment-app	PLN	\N	f		4c582c06-91b9-4886-8b8c-409b6a4db99d	charge_request	\N	\N	\N	\N
54	2026-03-06 11:24:35.215949+00	\N	20	5755.090	\N	saleor.io.dummy-payment-app	PLN	\N	t	Charge success	4c582c06-91b9-4886-8b8c-409b6a4db99d	charge_success	\N	\N	\N	\N
\.


--
-- Data for Name: payment_transactionitem; Type: TABLE DATA; Schema: public; Owner: saleor
--

COPY public.payment_transactionitem (id, private_metadata, metadata, created_at, modified_at, status, available_actions, currency, charged_value, authorized_value, refunded_value, checkout_id, order_id, app_id, app_identifier, authorize_pending_value, cancel_pending_value, canceled_value, charge_pending_value, external_url, message, name, psp_reference, refund_pending_value, user_id, token, use_old_id, last_refund_success, idempotency_key, cc_brand, cc_exp_month, cc_exp_year, cc_first_digits, cc_last_digits, payment_method_name, payment_method_type) FROM stdin;
1	{}	{}	2026-03-06 11:24:33.73754+00	2026-03-06 11:24:33.743084+00	\N	{refund}	USD	205.850	0.000	0.000	\N	a49f62c8-c93b-4b8e-8e0a-f9d85e73d724	\N	saleor.io.dummy-payment-app	0.000	0.000	0.000	0.000	\N			2ec05228-673f-481b-8f5c-ef413ea18e4b	0.000	\N	a894c433-0f87-497f-85c6-917a17ba42b0	f	t	\N	\N	\N	\N	\N	\N	\N	\N
2	{}	{}	2026-03-06 11:24:33.82088+00	2026-03-06 11:24:33.82436+00	\N	{charge,cancel}	USD	0.000	526.310	0.000	\N	1399d629-957d-4510-a31d-ad7d9ccc34fa	\N	saleor.io.dummy-payment-app	0.000	0.000	0.000	0.000	\N			636903c0-a83f-437f-90cf-9da96b9cf4b3	0.000	\N	83cd9be1-c13f-4e57-b073-e82a81dedfb2	f	t	\N	\N	\N	\N	\N	\N	\N	\N
3	{}	{}	2026-03-06 11:24:33.886362+00	2026-03-06 11:24:33.889002+00	\N	{refund}	PLN	2712.640	0.000	0.000	\N	fe5fac84-411e-47ac-aff3-9d845fd440b4	\N	saleor.io.dummy-payment-app	0.000	0.000	0.000	0.000	\N			64a32aa5-2d29-41cd-a254-98c5f8ce4761	0.000	\N	3823d651-41e8-4bc2-a795-347db2f032f9	f	t	\N	\N	\N	\N	\N	\N	\N	\N
4	{}	{}	2026-03-06 11:24:33.958796+00	2026-03-06 11:24:33.961924+00	\N	{refund}	PLN	541.430	0.000	0.000	\N	7fbd3c72-c2b9-484e-b5bb-fbc2328b6591	\N	saleor.io.dummy-payment-app	0.000	0.000	0.000	0.000	\N			4dd89a03-bfe0-4e2b-be35-17017e655f38	0.000	\N	ca7aee8f-2fa6-40f6-abd0-cb8a5963676d	f	t	\N	\N	\N	\N	\N	\N	\N	\N
5	{}	{}	2026-03-06 11:24:34.026119+00	2026-03-06 11:24:34.0289+00	\N	{refund}	PLN	1588.850	0.000	0.000	\N	0314c2a8-0dc6-42a8-868d-5f16776115a1	\N	saleor.io.dummy-payment-app	0.000	0.000	0.000	0.000	\N			ffcebdcd-70bc-4872-8b31-1073f3765463	0.000	\N	38306045-7b35-4ade-9c73-6a8fe5b8aeea	f	t	\N	\N	\N	\N	\N	\N	\N	\N
6	{}	{}	2026-03-06 11:24:34.117012+00	2026-03-06 11:24:34.120471+00	\N	{charge,cancel}	USD	0.000	457.480	0.000	\N	16ff8d8e-6f63-439e-8555-10b391ef2674	\N	saleor.io.dummy-payment-app	0.000	0.000	0.000	0.000	\N			d9fa5da5-8688-4e4e-9976-17967aa651bf	0.000	\N	cda64ff7-2180-45fb-a600-ec9427855e2b	f	t	\N	\N	\N	\N	\N	\N	\N	\N
7	{}	{}	2026-03-06 11:24:34.191511+00	2026-03-06 11:24:34.194284+00	\N	{}	PLN	0.000	0.000	1679.010	\N	04c319da-1bcd-4a91-b7a5-f36cf64f6419	\N	saleor.io.dummy-payment-app	0.000	0.000	0.000	0.000	\N			3a6d8dc3-47be-41e7-8d94-9879dee7c992	0.000	\N	262dbea3-ed66-44ca-9e18-f514ae24edea	f	t	\N	\N	\N	\N	\N	\N	\N	\N
8	{}	{}	2026-03-06 11:24:34.25367+00	2026-03-06 11:24:34.256751+00	\N	{refund}	PLN	1820.890	0.000	0.000	\N	8209e96f-340f-4341-b086-105849813961	\N	saleor.io.dummy-payment-app	0.000	0.000	0.000	0.000	\N			9e96ff6e-28a6-4820-aa2a-cde1873fb93c	0.000	\N	a9df6c4d-e159-4dc6-8eb9-505efb300e77	f	t	\N	\N	\N	\N	\N	\N	\N	\N
9	{}	{}	2026-03-06 11:24:34.321302+00	2026-03-06 11:24:34.324108+00	\N	{refund}	PLN	1078.470	0.000	0.000	\N	b3897c63-68bd-4afe-b1d0-62c2e24eef2d	\N	saleor.io.dummy-payment-app	0.000	0.000	0.000	0.000	\N			dcf66948-183b-44e1-b4d7-b03e61943032	0.000	\N	764969ab-4530-41a6-a712-cc4a4458b3e5	f	t	\N	\N	\N	\N	\N	\N	\N	\N
10	{}	{}	2026-03-06 11:24:34.38071+00	2026-03-06 11:24:34.383719+00	\N	{refund}	USD	114.200	0.000	0.000	\N	afc63b1c-a4f5-422d-b75b-3805c4828bf2	\N	saleor.io.dummy-payment-app	0.000	0.000	0.000	0.000	\N			a93493ca-cf9d-41d6-86ff-017182f01f9c	0.000	\N	c3a36e84-c975-4d38-ad01-8f367cd9cb68	f	t	\N	\N	\N	\N	\N	\N	\N	\N
11	{}	{}	2026-03-06 11:24:34.467958+00	2026-03-06 11:24:34.471173+00	\N	{refund}	USD	440.230	0.000	0.000	\N	33d38c01-b33e-42d2-8d6f-13aac12dd592	\N	saleor.io.dummy-payment-app	0.000	0.000	0.000	0.000	\N			be6db990-ab51-438d-9261-2ea3b9f52165	0.000	\N	3d8d19c1-bee2-44dd-9154-dbafff0391e6	f	t	\N	\N	\N	\N	\N	\N	\N	\N
12	{}	{}	2026-03-06 11:24:34.557395+00	2026-03-06 11:24:34.561035+00	\N	{refund}	USD	392.380	0.000	0.000	\N	d701d676-e825-4fe8-bd83-db4be0b8986b	\N	saleor.io.dummy-payment-app	0.000	0.000	0.000	0.000	\N			32fa28e9-1a15-44f1-afdd-28dc1d651b1c	0.000	\N	295d3a22-e1ac-4bf6-b16b-59e1d2d21b58	f	t	\N	\N	\N	\N	\N	\N	\N	\N
13	{}	{}	2026-03-06 11:24:34.650376+00	2026-03-06 11:24:34.654062+00	\N	{refund}	PLN	1163.460	0.000	0.000	\N	eba56570-1cee-4757-b4d1-d0ceb36a3803	\N	saleor.io.dummy-payment-app	0.000	0.000	0.000	0.000	\N			bb24b5e3-e0dd-4f67-b4df-72d6d4761967	0.000	\N	f9b8cd42-4519-4cd2-988a-0ea710a63659	f	t	\N	\N	\N	\N	\N	\N	\N	\N
14	{}	{}	2026-03-06 11:24:34.735006+00	2026-03-06 11:24:34.738449+00	\N	{charge,cancel}	USD	0.000	490.390	0.000	\N	bf4c7074-993e-4120-8cb3-1117fa5c13b4	\N	saleor.io.dummy-payment-app	0.000	0.000	0.000	0.000	\N			52b3f0ad-ce61-48b3-bf09-9824d6bf62a3	0.000	\N	9945bb34-0e1b-4f72-954e-c24b0906d471	f	t	\N	\N	\N	\N	\N	\N	\N	\N
15	{}	{}	2026-03-06 11:24:34.791886+00	2026-03-06 11:24:34.795189+00	\N	{refund}	USD	107.750	0.000	0.000	\N	ddb7e20f-323b-4d70-ab5c-ce736417ae09	\N	saleor.io.dummy-payment-app	0.000	0.000	0.000	0.000	\N			c751fd69-a2b8-42b3-a34d-85b68c77fa0e	0.000	\N	f7244c9a-fb84-4102-8443-6b9863e49752	f	t	\N	\N	\N	\N	\N	\N	\N	\N
16	{}	{}	2026-03-06 11:24:34.886762+00	2026-03-06 11:24:34.89009+00	\N	{}	PLN	0.000	0.000	1067.070	\N	d22f480a-e79f-480f-af55-6e710ece6917	\N	saleor.io.dummy-payment-app	0.000	0.000	0.000	0.000	\N			46f13131-5e32-4c41-95e0-2d61d908eac7	0.000	\N	55309f86-e8e4-4ce3-8b4f-aebd105d0ec3	f	t	\N	\N	\N	\N	\N	\N	\N	\N
17	{}	{}	2026-03-06 11:24:34.954529+00	2026-03-06 11:24:34.957516+00	\N	{refund}	PLN	468.840	0.000	0.000	\N	42ef0458-e336-4af7-9ebd-10b05f4922d7	\N	saleor.io.dummy-payment-app	0.000	0.000	0.000	0.000	\N			9f3355aa-c394-4bb9-8271-4b85418e200e	0.000	\N	8922abb2-02e5-4f28-a98c-9e27b194de3a	f	t	\N	\N	\N	\N	\N	\N	\N	\N
18	{}	{}	2026-03-06 11:24:35.02938+00	2026-03-06 11:24:35.034354+00	\N	{refund}	PLN	2516.090	0.000	0.000	\N	3b2f3bac-836d-49da-9ad0-ebfa38282d02	\N	saleor.io.dummy-payment-app	0.000	0.000	0.000	0.000	\N			7f666a32-dea4-403b-acaf-c9e428148f24	0.000	\N	4cbe355f-fce2-4f65-b9b9-17ba3afb2887	f	t	\N	\N	\N	\N	\N	\N	\N	\N
19	{}	{}	2026-03-06 11:24:35.107799+00	2026-03-06 11:24:35.110975+00	\N	{refund}	PLN	1074.840	0.000	0.000	\N	9682dbd7-d0c5-472a-ae96-785486c40284	\N	saleor.io.dummy-payment-app	0.000	0.000	0.000	0.000	\N			479fe66e-6f13-4df7-a847-e0627db361a5	0.000	\N	3776cdba-eb08-4408-a174-39d2e4fd374f	f	t	\N	\N	\N	\N	\N	\N	\N	\N
20	{}	{}	2026-03-06 11:24:35.214934+00	2026-03-06 11:24:35.218551+00	\N	{refund}	PLN	5755.090	0.000	0.000	\N	15da6889-3d7d-4260-b479-89a8d58b9eaf	\N	saleor.io.dummy-payment-app	0.000	0.000	0.000	0.000	\N			4c582c06-91b9-4886-8b8c-409b6a4db99d	0.000	\N	5c6c8476-ebdf-494e-a7ab-ba75a1463f1d	f	t	\N	\N	\N	\N	\N	\N	\N	\N
\.


--
-- Data for Name: permission_permission; Type: TABLE DATA; Schema: public; Owner: saleor
--

COPY public.permission_permission (id, name, content_type_id, codename) FROM stdin;
1	Can add plugin configuration	1	add_pluginconfiguration
2	Can change plugin configuration	1	change_pluginconfiguration
3	Can delete plugin configuration	1	delete_pluginconfiguration
4	Can view plugin configuration	1	view_pluginconfiguration
5	Manage plugins	1	manage_plugins
6	Can add sale	2	add_sale
7	Can change sale	2	change_sale
8	Can delete sale	2	delete_sale
9	Can view sale	2	view_sale
11	Can add voucher	3	add_voucher
12	Can change voucher	3	change_voucher
13	Can delete voucher	3	delete_voucher
14	Can view voucher	3	view_voucher
15	Can add voucher translation	4	add_vouchertranslation
16	Can change voucher translation	4	change_vouchertranslation
17	Can delete voucher translation	4	delete_vouchertranslation
18	Can view voucher translation	4	view_vouchertranslation
19	Can add sale translation	5	add_saletranslation
20	Can change sale translation	5	change_saletranslation
21	Can delete sale translation	5	delete_saletranslation
22	Can view sale translation	5	view_saletranslation
23	Can add voucher customer	6	add_vouchercustomer
24	Can change voucher customer	6	change_vouchercustomer
25	Can delete voucher customer	6	delete_vouchercustomer
26	Can view voucher customer	6	view_vouchercustomer
27	Can add sale channel listing	7	add_salechannellisting
28	Can change sale channel listing	7	change_salechannellisting
29	Can delete sale channel listing	7	delete_salechannellisting
30	Can view sale channel listing	7	view_salechannellisting
31	Can add voucher channel listing	8	add_voucherchannellisting
32	Can change voucher channel listing	8	change_voucherchannellisting
33	Can delete voucher channel listing	8	delete_voucherchannellisting
34	Can view voucher channel listing	8	view_voucherchannellisting
35	Can add order discount	9	add_orderdiscount
36	Can change order discount	9	change_orderdiscount
37	Can delete order discount	9	delete_orderdiscount
38	Can view order discount	9	view_orderdiscount
39	Can add checkout line discount	10	add_checkoutlinediscount
40	Can change checkout line discount	10	change_checkoutlinediscount
41	Can delete checkout line discount	10	delete_checkoutlinediscount
42	Can view checkout line discount	10	view_checkoutlinediscount
43	Can add promotion	11	add_promotion
44	Can change promotion	11	change_promotion
45	Can delete promotion	11	delete_promotion
46	Can view promotion	11	view_promotion
47	Can add promotion rule	12	add_promotionrule
48	Can change promotion rule	12	change_promotionrule
49	Can delete promotion rule	12	delete_promotionrule
50	Can view promotion rule	12	view_promotionrule
51	Can add order line discount	13	add_orderlinediscount
52	Can change order line discount	13	change_orderlinediscount
53	Can delete order line discount	13	delete_orderlinediscount
54	Can view order line discount	13	view_orderlinediscount
55	Can add promotion translation	14	add_promotiontranslation
56	Can change promotion translation	14	change_promotiontranslation
57	Can delete promotion translation	14	delete_promotiontranslation
58	Can view promotion translation	14	view_promotiontranslation
59	Can add promotion rule translation	15	add_promotionruletranslation
60	Can change promotion rule translation	15	change_promotionruletranslation
61	Can delete promotion rule translation	15	delete_promotionruletranslation
62	Can view promotion rule translation	15	view_promotionruletranslation
63	Can add promotion event	16	add_promotionevent
64	Can change promotion event	16	change_promotionevent
65	Can delete promotion event	16	delete_promotionevent
66	Can view promotion event	16	view_promotionevent
10	Manage promotions and vouchers.	11	manage_discounts
67	Can add content type	17	add_contenttype
68	Can change content type	17	change_contenttype
69	Can delete content type	17	delete_contenttype
70	Can view content type	17	view_contenttype
71	Can add site	18	add_site
72	Can change site	18	change_site
73	Can delete site	18	delete_site
74	Can view site	18	view_site
75	Can add crontab	19	add_crontabschedule
76	Can change crontab	19	change_crontabschedule
77	Can delete crontab	19	delete_crontabschedule
78	Can view crontab	19	view_crontabschedule
79	Can add interval	20	add_intervalschedule
80	Can change interval	20	change_intervalschedule
81	Can delete interval	20	delete_intervalschedule
82	Can view interval	20	view_intervalschedule
83	Can add periodic task	21	add_periodictask
84	Can change periodic task	21	change_periodictask
85	Can delete periodic task	21	delete_periodictask
86	Can view periodic task	21	view_periodictask
87	Can add periodic task track	22	add_periodictasks
88	Can change periodic task track	22	change_periodictasks
89	Can delete periodic task track	22	delete_periodictasks
90	Can view periodic task track	22	view_periodictasks
91	Can add solar event	23	add_solarschedule
92	Can change solar event	23	change_solarschedule
93	Can delete solar event	23	delete_solarschedule
94	Can view solar event	23	view_solarschedule
95	Can add clocked	24	add_clockedschedule
96	Can change clocked	24	change_clockedschedule
97	Can delete clocked	24	delete_clockedschedule
98	Can view clocked	24	view_clockedschedule
99	Can add permission	25	add_permission
100	Can change permission	25	change_permission
101	Can delete permission	25	delete_permission
102	Can view permission	25	view_permission
103	Can add email template	26	add_emailtemplate
104	Can change email template	26	change_emailtemplate
105	Can delete email template	26	delete_emailtemplate
106	Can view email template	26	view_emailtemplate
107	Can add user	27	add_user
108	Can change user	27	change_user
109	Can delete user	27	delete_user
110	Can view user	27	view_user
111	Manage customers.	27	manage_users
112	Manage staff.	27	manage_staff
113	Impersonate user.	27	impersonate_user
114	Can add address	28	add_address
115	Can change address	28	change_address
116	Can delete address	28	delete_address
117	Can view address	28	view_address
118	Can add customer note	29	add_customernote
119	Can change customer note	29	change_customernote
120	Can delete customer note	29	delete_customernote
121	Can view customer note	29	view_customernote
122	Can add customer event	30	add_customerevent
123	Can change customer event	30	change_customerevent
124	Can delete customer event	30	delete_customerevent
125	Can view customer event	30	view_customerevent
126	Can add staff notification recipient	31	add_staffnotificationrecipient
127	Can change staff notification recipient	31	change_staffnotificationrecipient
128	Can delete staff notification recipient	31	delete_staffnotificationrecipient
129	Can view staff notification recipient	31	view_staffnotificationrecipient
130	Can add group	32	add_group
131	Can change group	32	change_group
132	Can delete group	32	delete_group
133	Can view group	32	view_group
134	Can add voucher code	33	add_vouchercode
135	Can change voucher code	33	change_vouchercode
136	Can delete voucher code	33	delete_vouchercode
137	Can view voucher code	33	view_vouchercode
138	Can add checkout discount	34	add_checkoutdiscount
139	Can change checkout discount	34	change_checkoutdiscount
140	Can delete checkout discount	34	delete_checkoutdiscount
141	Can view checkout discount	34	view_checkoutdiscount
142	Can add promotion rule_ variants	35	add_promotionrule_variants
143	Can change promotion rule_ variants	35	change_promotionrule_variants
144	Can delete promotion rule_ variants	35	delete_promotionrule_variants
145	Can view promotion rule_ variants	35	view_promotionrule_variants
146	Can add gift card	36	add_giftcard
147	Can change gift card	36	change_giftcard
148	Can delete gift card	36	delete_giftcard
149	Can view gift card	36	view_giftcard
150	Manage gift cards.	36	manage_gift_card
151	Can add gift card event	37	add_giftcardevent
152	Can change gift card event	37	change_giftcardevent
153	Can delete gift card event	37	delete_giftcardevent
154	Can view gift card event	37	view_giftcardevent
155	Can add gift card tag	38	add_giftcardtag
156	Can change gift card tag	38	change_giftcardtag
157	Can delete gift card tag	38	delete_giftcardtag
158	Can view gift card tag	38	view_giftcardtag
159	Can add category	39	add_category
160	Can change category	39	change_category
161	Can delete category	39	delete_category
162	Can view category	39	view_category
163	Can add product	40	add_product
164	Can change product	40	change_product
165	Can delete product	40	delete_product
166	Can view product	40	view_product
167	Manage products.	40	manage_products
168	Can add product variant	41	add_productvariant
169	Can change product variant	41	change_productvariant
170	Can delete product variant	41	delete_productvariant
171	Can view product variant	41	view_productvariant
172	Can add product type	42	add_producttype
173	Can change product type	42	change_producttype
174	Can delete product type	42	delete_producttype
175	Can view product type	42	view_producttype
176	Manage product types and attributes.	42	manage_product_types_and_attributes
177	Can add collection product	43	add_collectionproduct
178	Can change collection product	43	change_collectionproduct
179	Can delete collection product	43	delete_collectionproduct
180	Can view collection product	43	view_collectionproduct
181	Can add collection	44	add_collection
182	Can change collection	44	change_collection
183	Can delete collection	44	delete_collection
184	Can view collection	44	view_collection
185	Can add category translation	45	add_categorytranslation
186	Can change category translation	45	change_categorytranslation
187	Can delete category translation	45	delete_categorytranslation
188	Can view category translation	45	view_categorytranslation
189	Can add collection translation	46	add_collectiontranslation
190	Can change collection translation	46	change_collectiontranslation
191	Can delete collection translation	46	delete_collectiontranslation
192	Can view collection translation	46	view_collectiontranslation
193	Can add product translation	47	add_producttranslation
194	Can change product translation	47	change_producttranslation
195	Can delete product translation	47	delete_producttranslation
196	Can view product translation	47	view_producttranslation
197	Can add product variant translation	48	add_productvarianttranslation
198	Can change product variant translation	48	change_productvarianttranslation
199	Can delete product variant translation	48	delete_productvarianttranslation
200	Can view product variant translation	48	view_productvarianttranslation
201	Can add digital content	49	add_digitalcontent
202	Can change digital content	49	change_digitalcontent
203	Can delete digital content	49	delete_digitalcontent
204	Can view digital content	49	view_digitalcontent
205	Can add digital content url	50	add_digitalcontenturl
206	Can change digital content url	50	change_digitalcontenturl
207	Can delete digital content url	50	delete_digitalcontenturl
208	Can view digital content url	50	view_digitalcontenturl
209	Can add product variant channel listing	51	add_productvariantchannellisting
210	Can change product variant channel listing	51	change_productvariantchannellisting
211	Can delete product variant channel listing	51	delete_productvariantchannellisting
212	Can view product variant channel listing	51	view_productvariantchannellisting
213	Can add product channel listing	52	add_productchannellisting
214	Can change product channel listing	52	change_productchannellisting
215	Can delete product channel listing	52	delete_productchannellisting
216	Can view product channel listing	52	view_productchannellisting
217	Can add collection channel listing	53	add_collectionchannellisting
218	Can change collection channel listing	53	change_collectionchannellisting
219	Can delete collection channel listing	53	delete_collectionchannellisting
220	Can view collection channel listing	53	view_collectionchannellisting
221	Can add product media	54	add_productmedia
222	Can change product media	54	change_productmedia
223	Can delete product media	54	delete_productmedia
224	Can view product media	54	view_productmedia
225	Can add variant media	55	add_variantmedia
226	Can change variant media	55	change_variantmedia
227	Can delete variant media	55	delete_variantmedia
228	Can view variant media	55	view_variantmedia
229	Can add variant channel listing promotion rule	56	add_variantchannellistingpromotionrule
230	Can change variant channel listing promotion rule	56	change_variantchannellistingpromotionrule
231	Can delete variant channel listing promotion rule	56	delete_variantchannellistingpromotionrule
232	Can view variant channel listing promotion rule	56	view_variantchannellistingpromotionrule
233	Can add assigned variant attribute	57	add_assignedvariantattribute
234	Can change assigned variant attribute	57	change_assignedvariantattribute
235	Can delete assigned variant attribute	57	delete_assignedvariantattribute
236	Can view assigned variant attribute	57	view_assignedvariantattribute
237	Can add attribute	58	add_attribute
238	Can change attribute	58	change_attribute
239	Can delete attribute	58	delete_attribute
240	Can view attribute	58	view_attribute
241	Can add attribute value	59	add_attributevalue
242	Can change attribute value	59	change_attributevalue
243	Can delete attribute value	59	delete_attributevalue
244	Can view attribute value	59	view_attributevalue
245	Can add attribute variant	60	add_attributevariant
246	Can change attribute variant	60	change_attributevariant
247	Can delete attribute variant	60	delete_attributevariant
248	Can view attribute variant	60	view_attributevariant
249	Can add attribute product	61	add_attributeproduct
250	Can change attribute product	61	change_attributeproduct
251	Can delete attribute product	61	delete_attributeproduct
252	Can view attribute product	61	view_attributeproduct
253	Can add attribute page	62	add_attributepage
254	Can change attribute page	62	change_attributepage
255	Can delete attribute page	62	delete_attributepage
256	Can view attribute page	62	view_attributepage
257	Can add attribute value translation	63	add_attributevaluetranslation
258	Can change attribute value translation	63	change_attributevaluetranslation
259	Can delete attribute value translation	63	delete_attributevaluetranslation
260	Can view attribute value translation	63	view_attributevaluetranslation
261	Can add attribute translation	64	add_attributetranslation
262	Can change attribute translation	64	change_attributetranslation
263	Can delete attribute translation	64	delete_attributetranslation
264	Can view attribute translation	64	view_attributetranslation
265	Can add assigned product attribute value	65	add_assignedproductattributevalue
266	Can change assigned product attribute value	65	change_assignedproductattributevalue
267	Can delete assigned product attribute value	65	delete_assignedproductattributevalue
268	Can view assigned product attribute value	65	view_assignedproductattributevalue
269	Can add assigned variant attribute value	66	add_assignedvariantattributevalue
270	Can change assigned variant attribute value	66	change_assignedvariantattributevalue
271	Can delete assigned variant attribute value	66	delete_assignedvariantattributevalue
272	Can view assigned variant attribute value	66	view_assignedvariantattributevalue
273	Can add assigned page attribute value	67	add_assignedpageattributevalue
274	Can change assigned page attribute value	67	change_assignedpageattributevalue
275	Can delete assigned page attribute value	67	delete_assignedpageattributevalue
276	Can view assigned page attribute value	67	view_assignedpageattributevalue
277	Can add channel	68	add_channel
278	Can change channel	68	change_channel
279	Can delete channel	68	delete_channel
280	Can view channel	68	view_channel
281	Manage channels.	68	manage_channels
282	Can add checkout	69	add_checkout
283	Can change checkout	69	change_checkout
284	Can delete checkout	69	delete_checkout
285	Can view checkout	69	view_checkout
286	Manage checkouts	69	manage_checkouts
287	Handle checkouts	69	handle_checkouts
288	Handle taxes	69	handle_taxes
289	Manage taxes	69	manage_taxes
290	Can add checkout line	70	add_checkoutline
291	Can change checkout line	70	change_checkoutline
292	Can delete checkout line	70	delete_checkoutline
293	Can view checkout line	70	view_checkoutline
294	Can add checkout metadata	71	add_checkoutmetadata
295	Can change checkout metadata	71	change_checkoutmetadata
296	Can delete checkout metadata	71	delete_checkoutmetadata
297	Can view checkout metadata	71	view_checkoutmetadata
298	Can add checkout delivery	72	add_checkoutdelivery
299	Can change checkout delivery	72	change_checkoutdelivery
300	Can delete checkout delivery	72	delete_checkoutdelivery
301	Can view checkout delivery	72	view_checkoutdelivery
302	Can add event delivery	73	add_eventdelivery
303	Can change event delivery	73	change_eventdelivery
304	Can delete event delivery	73	delete_eventdelivery
305	Can view event delivery	73	view_eventdelivery
306	Can add event payload	74	add_eventpayload
307	Can change event payload	74	change_eventpayload
308	Can delete event payload	74	delete_eventpayload
309	Can view event payload	74	view_eventpayload
310	Can add event delivery attempt	75	add_eventdeliveryattempt
311	Can change event delivery attempt	75	change_eventdeliveryattempt
312	Can delete event delivery attempt	75	delete_eventdeliveryattempt
313	Can view event delivery attempt	75	view_eventdeliveryattempt
314	Can add export file	76	add_exportfile
315	Can change export file	76	change_exportfile
316	Can delete export file	76	delete_exportfile
317	Can view export file	76	view_exportfile
318	Can add export event	77	add_exportevent
319	Can change export event	77	change_exportevent
320	Can delete export event	77	delete_exportevent
321	Can view export event	77	view_exportevent
322	Can add menu	78	add_menu
323	Can change menu	78	change_menu
324	Can delete menu	78	delete_menu
325	Can view menu	78	view_menu
326	Manage navigation.	78	manage_menus
327	Can add menu item	79	add_menuitem
328	Can change menu item	79	change_menuitem
329	Can delete menu item	79	delete_menuitem
330	Can view menu item	79	view_menuitem
331	Can add menu item translation	80	add_menuitemtranslation
332	Can change menu item translation	80	change_menuitemtranslation
333	Can delete menu item translation	80	delete_menuitemtranslation
334	Can view menu item translation	80	view_menuitemtranslation
335	Can add order	81	add_order
336	Can change order	81	change_order
337	Can delete order	81	delete_order
338	Can view order	81	view_order
339	Manage orders.	81	manage_orders
340	Manage orders import.	81	manage_orders_import
341	Can add order line	82	add_orderline
342	Can change order line	82	change_orderline
343	Can delete order line	82	delete_orderline
344	Can view order line	82	view_orderline
345	Can add fulfillment	83	add_fulfillment
346	Can change fulfillment	83	change_fulfillment
347	Can delete fulfillment	83	delete_fulfillment
348	Can view fulfillment	83	view_fulfillment
349	Can add fulfillment line	84	add_fulfillmentline
350	Can change fulfillment line	84	change_fulfillmentline
351	Can delete fulfillment line	84	delete_fulfillmentline
352	Can view fulfillment line	84	view_fulfillmentline
353	Can add order event	85	add_orderevent
354	Can change order event	85	change_orderevent
355	Can delete order event	85	delete_orderevent
356	Can view order event	85	view_orderevent
357	Can add order granted refund	86	add_ordergrantedrefund
358	Can change order granted refund	86	change_ordergrantedrefund
359	Can delete order granted refund	86	delete_ordergrantedrefund
360	Can view order granted refund	86	view_ordergrantedrefund
361	Can add order granted refund line	87	add_ordergrantedrefundline
362	Can change order granted refund line	87	change_ordergrantedrefundline
363	Can delete order granted refund line	87	delete_ordergrantedrefundline
364	Can view order granted refund line	87	view_ordergrantedrefundline
365	Can add invoice	88	add_invoice
366	Can change invoice	88	change_invoice
367	Can delete invoice	88	delete_invoice
368	Can view invoice	88	view_invoice
369	Can add invoice event	89	add_invoiceevent
370	Can change invoice event	89	change_invoiceevent
371	Can delete invoice event	89	delete_invoiceevent
372	Can view invoice event	89	view_invoiceevent
373	Can add shipping method	90	add_shippingmethod
374	Can change shipping method	90	change_shippingmethod
375	Can delete shipping method	90	delete_shippingmethod
376	Can view shipping method	90	view_shippingmethod
377	Can add shipping method translation	91	add_shippingmethodtranslation
378	Can change shipping method translation	91	change_shippingmethodtranslation
379	Can delete shipping method translation	91	delete_shippingmethodtranslation
380	Can view shipping method translation	91	view_shippingmethodtranslation
381	Can add shipping zone	92	add_shippingzone
382	Can change shipping zone	92	change_shippingzone
383	Can delete shipping zone	92	delete_shippingzone
384	Can view shipping zone	92	view_shippingzone
385	Manage shipping.	92	manage_shipping
386	Can add shipping method channel listing	93	add_shippingmethodchannellisting
387	Can change shipping method channel listing	93	change_shippingmethodchannellisting
388	Can delete shipping method channel listing	93	delete_shippingmethodchannellisting
389	Can view shipping method channel listing	93	view_shippingmethodchannellisting
390	Can add shipping method postal code rule	94	add_shippingmethodpostalcoderule
391	Can change shipping method postal code rule	94	change_shippingmethodpostalcoderule
392	Can delete shipping method postal code rule	94	delete_shippingmethodpostalcoderule
393	Can view shipping method postal code rule	94	view_shippingmethodpostalcoderule
394	Can add site settings	95	add_sitesettings
395	Can change site settings	95	change_sitesettings
396	Can delete site settings	95	delete_sitesettings
397	Can view site settings	95	view_sitesettings
398	Manage settings.	95	manage_settings
399	Manage translations.	95	manage_translations
400	Can add site settings translation	96	add_sitesettingstranslation
401	Can change site settings translation	96	change_sitesettingstranslation
402	Can delete site settings translation	96	delete_sitesettingstranslation
403	Can view site settings translation	96	view_sitesettingstranslation
404	Can add page	97	add_page
405	Can change page	97	change_page
406	Can delete page	97	delete_page
407	Can view page	97	view_page
408	Manage pages.	97	manage_pages
409	Can add page translation	98	add_pagetranslation
410	Can change page translation	98	change_pagetranslation
411	Can delete page translation	98	delete_pagetranslation
412	Can view page translation	98	view_pagetranslation
413	Can add page type	99	add_pagetype
414	Can change page type	99	change_pagetype
415	Can delete page type	99	delete_pagetype
416	Can view page type	99	view_pagetype
417	Manage page types and attributes.	99	manage_page_types_and_attributes
418	Can add transaction	100	add_transaction
419	Can change transaction	100	change_transaction
420	Can delete transaction	100	delete_transaction
421	Can view transaction	100	view_transaction
422	Can add payment	101	add_payment
423	Can change payment	101	change_payment
424	Can delete payment	101	delete_payment
425	Can view payment	101	view_payment
426	Handle payments	101	handle_payments
427	Can add transaction item	102	add_transactionitem
428	Can change transaction item	102	change_transactionitem
429	Can delete transaction item	102	delete_transactionitem
430	Can view transaction item	102	view_transactionitem
431	Can add transaction event	103	add_transactionevent
432	Can change transaction event	103	change_transactionevent
433	Can delete transaction event	103	delete_transactionevent
434	Can view transaction event	103	view_transactionevent
435	Can add tax class	104	add_taxclass
436	Can change tax class	104	change_taxclass
437	Can delete tax class	104	delete_taxclass
438	Can view tax class	104	view_taxclass
439	Can add tax configuration	105	add_taxconfiguration
440	Can change tax configuration	105	change_taxconfiguration
441	Can delete tax configuration	105	delete_taxconfiguration
442	Can view tax configuration	105	view_taxconfiguration
443	Can add tax class country rate	106	add_taxclasscountryrate
444	Can change tax class country rate	106	change_taxclasscountryrate
445	Can delete tax class country rate	106	delete_taxclasscountryrate
446	Can view tax class country rate	106	view_taxclasscountryrate
447	Can add tax configuration per country	107	add_taxconfigurationpercountry
448	Can change tax configuration per country	107	change_taxconfigurationpercountry
449	Can delete tax configuration per country	107	delete_taxconfigurationpercountry
450	Can view tax configuration per country	107	view_taxconfigurationpercountry
451	Can add warehouse	108	add_warehouse
452	Can change warehouse	108	change_warehouse
453	Can delete warehouse	108	delete_warehouse
454	Can view warehouse	108	view_warehouse
455	Can add stock	109	add_stock
456	Can change stock	109	change_stock
457	Can delete stock	109	delete_stock
458	Can view stock	109	view_stock
459	Can add allocation	110	add_allocation
460	Can change allocation	110	change_allocation
461	Can delete allocation	110	delete_allocation
462	Can view allocation	110	view_allocation
463	Can add preorder allocation	111	add_preorderallocation
464	Can change preorder allocation	111	change_preorderallocation
465	Can delete preorder allocation	111	delete_preorderallocation
466	Can view preorder allocation	111	view_preorderallocation
467	Can add reservation	112	add_reservation
468	Can change reservation	112	change_reservation
469	Can delete reservation	112	delete_reservation
470	Can view reservation	112	view_reservation
471	Can add preorder reservation	113	add_preorderreservation
472	Can change preorder reservation	113	change_preorderreservation
473	Can delete preorder reservation	113	delete_preorderreservation
474	Can view preorder reservation	113	view_preorderreservation
475	Can add channel warehouse	114	add_channelwarehouse
476	Can change channel warehouse	114	change_channelwarehouse
477	Can delete channel warehouse	114	delete_channelwarehouse
478	Can view channel warehouse	114	view_channelwarehouse
479	Can add webhook	115	add_webhook
480	Can change webhook	115	change_webhook
481	Can delete webhook	115	delete_webhook
482	Can view webhook	115	view_webhook
483	Can add webhook event	116	add_webhookevent
484	Can change webhook event	116	change_webhookevent
485	Can delete webhook event	116	delete_webhookevent
486	Can view webhook event	116	view_webhookevent
487	Can add app	117	add_app
488	Can change app	117	change_app
489	Can delete app	117	delete_app
490	Can view app	117	view_app
491	Manage apps	117	manage_apps
492	Manage observability	117	manage_observability
493	Can add app token	118	add_apptoken
494	Can change app token	118	change_apptoken
495	Can delete app token	118	delete_apptoken
496	Can view app token	118	view_apptoken
497	Can add app installation	119	add_appinstallation
498	Can change app installation	119	change_appinstallation
499	Can delete app installation	119	delete_appinstallation
500	Can view app installation	119	view_appinstallation
501	Can add app extension	120	add_appextension
502	Can change app extension	120	change_appextension
503	Can delete app extension	120	delete_appextension
504	Can view app extension	120	view_appextension
505	Can add app problem	121	add_appproblem
506	Can change app problem	121	change_appproblem
507	Can delete app problem	121	delete_appproblem
508	Can view app problem	121	view_appproblem
509	Can add thumbnail	122	add_thumbnail
510	Can change thumbnail	122	change_thumbnail
511	Can delete thumbnail	122	delete_thumbnail
512	Can view thumbnail	122	view_thumbnail
513	Can add custom schedule	123	add_customschedule
514	Can change custom schedule	123	change_customschedule
515	Can delete custom schedule	123	delete_customschedule
516	Can view custom schedule	123	view_customschedule
517	Can add custom periodic task	124	add_customperiodictask
518	Can change custom periodic task	124	change_customperiodictask
519	Can delete custom periodic task	124	delete_customperiodictask
520	Can view custom periodic task	124	view_customperiodictask
\.


--
-- Data for Name: plugins_emailtemplate; Type: TABLE DATA; Schema: public; Owner: saleor
--

COPY public.plugins_emailtemplate (id, name, value, plugin_configuration_id) FROM stdin;
1	account_confirmation	DEFAULT	2
2	account_set_customer_password	DEFAULT	2
3	account_delete	DEFAULT	2
4	account_change_email_confirm	DEFAULT	2
5	account_change_email_request	DEFAULT	2
6	account_password_reset	DEFAULT	2
7	invoice_ready	DEFAULT	2
8	order_confirmation	DEFAULT	2
9	order_confirmed	DEFAULT	2
10	order_fulfillment_confirmation	DEFAULT	2
11	order_fulfillment_update	DEFAULT	2
12	order_payment_confirmation	DEFAULT	2
13	order_canceled	DEFAULT	2
14	order_refund_confirmation	DEFAULT	2
15	send_gift_card	DEFAULT	2
\.


--
-- Data for Name: plugins_pluginconfiguration; Type: TABLE DATA; Schema: public; Owner: saleor
--

COPY public.plugins_pluginconfiguration (id, name, description, active, configuration, identifier, channel_id) FROM stdin;
2			t	[{"name": "account_confirmation_subject", "value": "Account confirmation e-mail"}, {"name": "account_set_customer_password_subject", "value": "Hello from {{ site_name }}!"}, {"name": "account_delete_subject", "value": "Delete your account"}, {"name": "account_change_email_confirm_subject", "value": "Email change e-mail"}, {"name": "account_change_email_request_subject", "value": "Email change e-mail"}, {"name": "account_password_reset_subject", "value": "Password reset e-mail"}, {"name": "invoice_ready_subject", "value": "Invoice"}, {"name": "order_confirmation_subject", "value": "Order #{{ order.number }} details"}, {"name": "order_confirmed_subject", "value": "Order #{{ order.number }} confirmed"}, {"name": "order_fulfillment_confirmation_subject", "value": "Your order {{ order.number }} has been fulfilled"}, {"name": "order_fulfillment_update_subject", "value": "Shipping update for order {{ order.number }}"}, {"name": "order_payment_confirmation_subject", "value": "Order {{ order.number }} payment details"}, {"name": "order_canceled_subject", "value": "Order {{ order.number }} canceled"}, {"name": "order_refund_confirmation_subject", "value": "Order {{ order.number }} refunded"}, {"name": "send_gift_card_subject", "value": "Gift card for {{ site_name }}"}, {"name": "host", "value": "mailpit"}, {"name": "port", "value": 1025}, {"name": "username", "value": null}, {"name": "password", "value": null}, {"name": "sender_name", "value": ""}, {"name": "sender_address", "value": "noreply@example.com"}, {"name": "use_tls", "value": false}, {"name": "use_ssl", "value": false}]	mirumee.notifications.user_email	1
\.


--
-- Data for Name: product_category; Type: TABLE DATA; Schema: public; Owner: saleor
--

COPY public.product_category (id, name, slug, description, lft, rght, tree_id, level, parent_id, background_image, seo_description, seo_title, background_image_alt, metadata, private_metadata, description_plaintext, updated_at) FROM stdin;
1	Default Category	default-category	null	0	0	0	0	\N		\N	\N		{}	{}		2026-03-06 11:23:28.549065+00
55	GLP-1 Receptor Agonists	glp1-receptor-agonists	null	1	2	1	0	\N		\N	\N		{}	{}		2026-03-11 10:03:38.170411+00
56	Growth Factors	growth-factors	null	1	2	2	0	\N		\N	\N		{}	{}		2026-03-11 10:03:38.209815+00
57	Growth Hormone	growth-hormone	null	1	2	3	0	\N		\N	\N		{}	{}		2026-03-11 10:03:38.248266+00
58	Growth Hormone Secretagogues	growth-hormone-secretagogues	null	1	2	4	0	\N		\N	\N		{}	{}		2026-03-11 10:03:38.280152+00
59	Hormones	hormones	null	1	2	5	0	\N		\N	\N		{}	{}		2026-03-11 10:03:38.317465+00
60	Injectables	injectables	null	1	2	6	0	\N		\N	\N		{}	{}		2026-03-11 10:03:38.355286+00
61	Nootropic Peptides	nootropic-peptides	null	1	2	7	0	\N		\N	\N		{}	{}		2026-03-11 10:03:38.39045+00
62	Peptide Blends	peptide-blends	null	1	2	8	0	\N		\N	\N		{}	{}		2026-03-11 10:03:38.42297+00
63	Peptides	peptides	null	1	2	9	0	\N		\N	\N		{}	{}		2026-03-11 10:03:38.456276+00
64	Supplies	supplies	null	1	2	10	0	\N		\N	\N		{}	{}		2026-03-11 10:03:38.49444+00
\.


--
-- Data for Name: product_categorytranslation; Type: TABLE DATA; Schema: public; Owner: saleor
--

COPY public.product_categorytranslation (id, seo_title, seo_description, language_code, name, description, category_id, slug) FROM stdin;
\.


--
-- Data for Name: product_collection; Type: TABLE DATA; Schema: public; Owner: saleor
--

COPY public.product_collection (id, name, slug, background_image, seo_description, seo_title, description, background_image_alt, metadata, private_metadata) FROM stdin;
20	Accessories	accessories		\N	\N	null		{}	{}
21	Aesthetics	aesthetics		\N	\N	null		{}	{}
22	Anti-Aging & Longevity	antiaging-longevity		\N	\N	null		{}	{}
23	Cognitive & Mood	cognitive-mood		\N	\N	null		{}	{}
24	Fertility & Hormonal	fertility-hormonal		\N	\N	null		{}	{}
25	Growth & Recovery	growth-recovery		\N	\N	null		{}	{}
26	Immune Support	immune-support		\N	\N	null		{}	{}
27	Performance	performance		\N	\N	null		{}	{}
28	Recovery & Healing	recovery-healing		\N	\N	null		{}	{}
29	Sexual Health	sexual-health		\N	\N	null		{}	{}
30	Sleep & Recovery	sleep-recovery		\N	\N	null		{}	{}
31	Tanning & Skin	tanning-skin		\N	\N	null		{}	{}
32	Vitamins & Supplements	vitamins-supplements		\N	\N	null		{}	{}
33	Weight Management	weight-management		\N	\N	null		{}	{}
\.


--
-- Data for Name: product_collectionchannellisting; Type: TABLE DATA; Schema: public; Owner: saleor
--

COPY public.product_collectionchannellisting (id, published_at, is_published, channel_id, collection_id) FROM stdin;
25	2026-03-11 10:03:38.57188+00	t	1	20
26	2026-03-11 10:03:38.639508+00	t	1	21
27	2026-03-11 10:03:38.70008+00	t	1	22
28	2026-03-11 10:03:38.755613+00	t	1	23
29	2026-03-11 10:03:38.817354+00	t	1	24
30	2026-03-11 10:03:38.888435+00	t	1	25
31	2026-03-11 10:03:38.95029+00	t	1	26
32	2026-03-11 10:03:39.010144+00	t	1	27
33	2026-03-11 10:03:39.072509+00	t	1	28
34	2026-03-11 10:03:39.134643+00	t	1	29
35	2026-03-11 10:03:39.195636+00	t	1	30
36	2026-03-11 10:03:39.254935+00	t	1	31
37	2026-03-11 10:03:39.318007+00	t	1	32
38	2026-03-11 10:03:39.373999+00	t	1	33
\.


--
-- Data for Name: product_collectionproduct; Type: TABLE DATA; Schema: public; Owner: saleor
--

COPY public.product_collectionproduct (id, collection_id, product_id, sort_order) FROM stdin;
18	33	165	\N
19	33	166	\N
20	33	167	\N
21	25	168	\N
22	28	169	\N
23	28	170	\N
24	28	171	\N
25	22	172	\N
26	27	173	\N
27	25	174	\N
28	25	175	\N
29	25	176	\N
30	33	177	\N
31	25	178	\N
32	22	179	\N
33	31	180	\N
34	31	181	\N
35	22	182	\N
36	25	183	\N
37	25	184	\N
38	29	185	\N
39	23	186	\N
40	23	187	\N
41	25	188	\N
42	25	189	\N
43	26	190	\N
44	26	191	\N
45	25	192	\N
46	33	193	\N
47	33	194	\N
48	33	195	\N
49	22	196	\N
50	22	197	\N
51	28	198	\N
52	28	199	\N
53	26	200	\N
54	26	201	\N
55	29	202	\N
56	30	203	\N
57	23	204	\N
58	23	205	\N
59	25	206	\N
60	31	207	\N
61	33	208	\N
62	25	209	\N
63	24	210	\N
64	25	211	\N
65	33	212	\N
66	26	213	\N
67	33	214	\N
68	33	215	\N
69	33	216	\N
70	33	217	\N
71	22	218	\N
72	24	219	\N
73	30	220	\N
74	33	221	\N
75	24	222	\N
76	31	223	\N
77	26	224	\N
78	33	225	\N
79	25	226	\N
80	25	227	\N
81	27	228	\N
82	27	229	\N
83	32	230	\N
84	21	231	\N
85	21	232	\N
86	20	233	\N
87	20	234	\N
88	23	235	\N
89	26	236	\N
90	33	237	\N
\.


--
-- Data for Name: product_collectiontranslation; Type: TABLE DATA; Schema: public; Owner: saleor
--

COPY public.product_collectiontranslation (id, seo_title, seo_description, language_code, name, collection_id, description, slug) FROM stdin;
\.


--
-- Data for Name: product_digitalcontent; Type: TABLE DATA; Schema: public; Owner: saleor
--

COPY public.product_digitalcontent (id, use_default_settings, automatic_fulfillment, content_type, content_file, max_downloads, url_valid_days, product_variant_id, metadata, private_metadata) FROM stdin;
\.


--
-- Data for Name: product_digitalcontenturl; Type: TABLE DATA; Schema: public; Owner: saleor
--

COPY public.product_digitalcontenturl (id, token, created_at, download_num, content_id, line_id) FROM stdin;
\.


--
-- Data for Name: product_product; Type: TABLE DATA; Schema: public; Owner: saleor
--

COPY public.product_product (id, name, description, updated_at, product_type_id, category_id, seo_description, seo_title, weight, metadata, private_metadata, slug, default_variant_id, description_plaintext, rating, search_document, created_at, search_vector, search_index_dirty, tax_class_id, external_reference) FROM stdin;
171	BPC-157 + TB-500 Blend	{"time": 1773223420627, "blocks": [{"id": "gb04ioss7y", "data": {"text": "A research blend combining BPC-157 and TB-500 peptides, studied for synergistic tissue repair and recovery properties. Each vial contains lyophilized powder."}, "type": "paragraph"}], "version": "2.22.2"}	2026-03-11 10:03:40.751103+00	32	62	Purchase BPC-157 + TB-500 Blend 4mg (BPC 2mg + TB 2mg) for research purposes. High purity, lab-tested. Fast shipping.	Buy BPC-157 + TB-500 Blend 4mg (BPC 2mg + TB 2mg) | Research Peptides	\N	{}	{}	bpc-157-tb-500-blend	442	A research blend combining BPC-157 and TB-500 peptides, studied for synergistic tissue repair and recovery properties. Each vial contains lyophilized powder.	\N		2026-03-11 10:03:40.650323+00	'-157':2A,11C '-500':4A,14C '10mg':37A,46A,48A '20mg':44A '2mg':32A,34A '4mg':30A '5mg':39A,41A 'a':6C 'and':12C,21C 'bb04':29A 'bb10':36A 'bb20':43A 'blend':5A,8C 'bpc':1A,10C,31A,38A,45A 'combining':9C 'contains':26C 'each':24C 'for':17C 'lyophilized':27C 'peptides':15C 'powder':28C 'properties':23C 'recovery':22C 'repair':20C 'research':7C 'studied':16C 'synergistic':18C 'tb':3A,13C,33A,40A,47A 'tissue':19C 'vial':25C,35A,42A,49A	f	\N	\N
166	Tirzepatide	{"time": 1773223419602, "blocks": [{"id": "gxnydklt4h", "data": {"text": "Tirzepatide is a dual GIP and GLP-1 receptor agonist peptide studied for its effects on glucose metabolism and body weight regulation. Each vial contains lyophilized powder for reconstitution."}, "type": "paragraph"}], "version": "2.22.2"}	2026-03-11 10:03:39.728059+00	31	55	Purchase Tirzepatide 2mg for research purposes. High purity, lab-tested. Fast shipping.	Buy Tirzepatide 2mg | Research Peptides	\N	{}	{}	tirzepatide	408	Tirzepatide is a dual GIP and GLP-1 receptor agonist peptide studied for its effects on glucose metabolism and body weight regulation. Each vial contains lyophilized powder for reconstitution.	\N		2026-03-11 10:03:39.623306+00	'-1':9C '100mg':32A '10mg':35A '120mg':38A '15mg':41A '20mg':47A '2mg':44A '30mg':50A '40mg':53A '45mg':56A '50mg':62A '5mg':59A '60mg':65A '90mg':68A 'a':4C 'agonist':11C 'and':7C,20C 'body':21C 'contains':26C 'dual':5C 'each':24C 'effects':16C 'for':14C,29C 'gip':6C 'glp':8C 'glucose':18C 'is':3C 'its':15C 'lyophilized':27C 'metabolism':19C 'on':17C 'peptide':12C 'powder':28C 'receptor':10C 'reconstitution':30C 'regulation':23C 'studied':13C 't100':31A 'tirzepatide':1A,2C 'tr10':34A 'tr120':37A 'tr15':40A 'tr2':43A 'tr20':46A 'tr30':49A 'tr40':52A 'tr45':55A 'tr5':58A 'tr50':61A 'tr60':64A 'tr90':67A 'vial':25C,33A,36A,39A,42A,45A,48A,51A,54A,57A,60A,63A,66A,69A 'weight':22C	f	\N	\N
180	Melanotan-1	{"time": 1773223422410, "blocks": [{"id": "zluh5pthsr", "data": {"text": "Melanotan-1 (Afamelanotide) is a synthetic alpha-MSH analog studied for its effects on melanogenesis and skin pigmentation. Each vial contains lyophilized powder."}, "type": "paragraph"}], "version": "2.22.2"}	2026-03-11 10:03:42.531342+00	31	63	Purchase Melanotan-1 10mg for research purposes. High purity, lab-tested. Fast shipping.	Buy Melanotan-1 10mg | Research Peptides	\N	{}	{}	melanotan-1	464	Melanotan-1 (Afamelanotide) is a synthetic alpha-MSH analog studied for its effects on melanogenesis and skin pigmentation. Each vial contains lyophilized powder.	\N		2026-03-11 10:03:42.432538+00	'-1':2A,4C '10mg':28A 'a':7C 'afamelanotide':5C 'alpha':10C 'alpha-msh':9C 'analog':12C 'and':19C 'contains':24C 'each':22C 'effects':16C 'for':14C 'is':6C 'its':15C 'lyophilized':25C 'melanogenesis':18C 'melanotan':1A,3C 'msh':11C 'mt1':27A 'on':17C 'pigmentation':21C 'powder':26C 'skin':20C 'studied':13C 'synthetic':8C 'vial':23C,29A	f	\N	\N
181	Melanotan-2	{"time": 1773223422604, "blocks": [{"id": "i0f5mdyqv4", "data": {"text": "Melanotan-2 is a synthetic analog of alpha-melanocyte-stimulating hormone researched for tanning response and libido effects. Each vial contains lyophilized powder."}, "type": "paragraph"}], "version": "2.22.2"}	2026-03-11 10:03:42.712626+00	31	63	Purchase Melanotan-2 10mg for research purposes. High purity, lab-tested. Fast shipping.	Buy Melanotan-2 10mg | Research Peptides	\N	{}	{}	melanotan-2	465	Melanotan-2 is a synthetic analog of alpha-melanocyte-stimulating hormone researched for tanning response and libido effects. Each vial contains lyophilized powder.	\N		2026-03-11 10:03:42.625694+00	'-2':2A,4C '10mg':28A 'a':6C 'alpha':11C 'alpha-melanocyte-stimulating':10C 'analog':8C 'and':19C 'contains':24C 'each':22C 'effects':21C 'for':16C 'hormone':14C 'is':5C 'libido':20C 'lyophilized':25C 'melanocyte':12C 'melanotan':1A,3C 'mt2':27A 'of':9C 'powder':26C 'researched':15C 'response':18C 'stimulating':13C 'synthetic':7C 'tanning':17C 'vial':23C,29A	f	\N	\N
222	HMG	{"time": 1773223430577, "blocks": [{"id": "s6rsvqvwt0", "data": {"text": "HMG (Human Menopausal Gonadotropin) contains FSH and LH, used in research related to fertility and gonadal stimulation. Each vial contains lyophilized powder."}, "type": "paragraph"}], "version": "2.22.2"}	2026-03-11 10:03:50.698346+00	33	59	Purchase HMG 75 IU for research purposes. High purity, lab-tested. Fast shipping.	Buy HMG 75 IU | Research Peptides	\N	{}	{}	hmg	551	HMG (Human Menopausal Gonadotropin) contains FSH and LH, used in research related to fertility and gonadal stimulation. Each vial contains lyophilized powder.	\N		2026-03-11 10:03:50.600864+00	'75':25A 'and':8C,16C 'contains':6C,21C 'each':19C 'fertility':15C 'fsh':7C 'g75':24A 'gonadal':17C 'gonadotropin':5C 'hmg':1A,2C 'human':3C 'in':11C 'iu':26A 'lh':9C 'lyophilized':22C 'menopausal':4C 'powder':23C 'related':13C 'research':12C 'stimulation':18C 'to':14C 'used':10C 'vial':20C,27A	f	\N	\N
237	AOD-9604 + Tesamorelin + MOTS-c Blend	{"time": 1773223498340, "blocks": [{"id": "fix001", "data": {"text": "A research blend combining AOD-9604, Tesamorelin, and MOTS-c peptides, studied for synergistic effects on metabolism and body composition. Each vial contains lyophilized powder."}, "type": "paragraph"}], "version": "2.22.2"}	2026-03-11 10:04:58.570829+00	32	62	Purchase AOD-9604 + Tesamorelin + MOTS-c Blend for research. High purity, lab-tested. Fast shipping.	AOD-9604 + Tesamorelin + MOTS-c Blend | Research	\N	{}	{}	aod-9604-tesamorelin-mots-c-blend	568	A research blend combining AOD-9604, Tesamorelin, and MOTS-c peptides, studied for synergistic effects on metabolism and body composition. Each vial contains lyophilized powder.	\N		2026-03-11 10:04:58.364554+00	'-9604':2A,13C '15mg':35A '5mg':37A,39A,43A 'a':8C 'and':15C,26C 'aod':1A,12C,36A 'atm15':34A 'blend':7A,10C 'body':27C 'c':6A,18C,42A 'combining':11C 'composition':28C 'contains':31C 'each':29C 'effects':23C 'for':21C 'lyophilized':32C 'metabolism':25C 'mots':5A,17C,41A 'mots-c':4A,16C,40A 'on':24C 'peptides':19C 'powder':33C 'research':9C 'studied':20C 'synergistic':22C 'tesa':38A 'tesamorelin':3A,14C 'vial':30C,44A	f	\N	\N
173	SLU-PP-332	{"time": 1773223421029, "blocks": [{"id": "8cmcfkrzgh", "data": {"text": "SLU-PP-332 is a research peptide studied for its effects on exercise mimetic pathways and metabolic regulation. Each vial contains lyophilized powder."}, "type": "paragraph"}], "version": "2.22.2"}	2026-03-11 10:03:41.153421+00	31	63	Purchase SLU-PP-332 5mg for research purposes. High purity, lab-tested. Fast shipping.	Buy SLU-PP-332 5mg | Research Peptides	\N	{}	{}	slu-pp-332	448	SLU-PP-332 is a research peptide studied for its effects on exercise mimetic pathways and metabolic regulation. Each vial contains lyophilized powder.	\N		2026-03-11 10:03:41.050849+00	'332':4A,8C '332slu':29A '5mg':30A 'a':10C 'and':21C 'contains':26C 'each':24C 'effects':16C 'exercise':18C 'for':14C 'is':9C 'its':15C 'lyophilized':27C 'metabolic':22C 'mimetic':19C 'on':17C 'pathways':20C 'peptide':12C 'powder':28C 'pp':3A,7C 'regulation':23C 'research':11C 'slu':2A,6C 'slu-pp':1A,5C 'studied':13C 'vial':25C,31A	f	\N	\N
175	CJC-1295 (No DAC) + Ipamorelin Blend	{"time": 1773223421417, "blocks": [{"id": "r3lrsdhlzk", "data": {"text": "A research blend of CJC-1295 (No DAC) and Ipamorelin, studied for synergistic growth hormone release. Each vial contains lyophilized powder."}, "type": "paragraph"}], "version": "2.22.2"}	2026-03-11 10:03:41.537376+00	32	62	Purchase CJC-1295 (No DAC) + Ipamorelin Blend 10mg (CJC 5mg + IPA 5mg) for research purposes. High purity, lab-tested. Fast shipping.	CJC-1295 (No DAC) + Ipamorelin Blend 10mg (CJC 5mg + IPA 5mg)	\N	{}	{}	cjc-1295-no-dac-ipamorelin-blend	452	A research blend of CJC-1295 (No DAC) and Ipamorelin, studied for synergistic growth hormone release. Each vial contains lyophilized powder.	\N		2026-03-11 10:03:41.43986+00	'-1295':2A,12C '10mg':29A,38A,40A '20mg':36A '5mg':31A,33A 'a':7C 'and':15C 'blend':6A,9C 'cjc':1A,11C,30A,37A 'contains':25C 'cp10':28A 'cp20':35A 'dac':4A,14C 'each':23C 'for':18C 'growth':20C 'hormone':21C 'ipa':32A,39A 'ipamorelin':5A,16C 'lyophilized':26C 'no':3A,13C 'of':10C 'powder':27C 'release':22C 'research':8C 'studied':17C 'synergistic':19C 'vial':24C,34A,41A	f	\N	\N
215	L-Carnitine	{"time": 1773223429158, "blocks": [{"id": "lku3x06kxj", "data": {"text": "L-Carnitine is an amino acid derivative used in research for fat metabolism, energy production, and exercise performance. Each vial contains solution for injection."}, "type": "paragraph"}], "version": "2.22.2"}	2026-03-11 10:03:49.292799+00	34	60	Purchase L-Carnitine 600mg/10ml for research purposes. High purity, lab-tested. Fast shipping.	Buy L-Carnitine 600mg/10ml | Research Peptides	\N	{}	{}	l-carnitine	536	L-Carnitine is an amino acid derivative used in research for fat metabolism, energy production, and exercise performance. Each vial contains solution for injection.	\N		2026-03-11 10:03:49.183105+00	'10ml':33A,36A,39A '216mg/10ml':30A '350mg/ml':32A '526mg/ml':35A '553mg/ml':38A '600mg/10ml':41A 'acid':10C 'amino':9C 'an':8C 'and':20C 'carnitine':3A,6C 'contains':25C 'derivative':11C 'each':23C 'energy':18C 'exercise':21C 'fat':16C 'for':15C,27C 'in':13C 'injection':28C 'is':7C 'l':2A,5C 'l-carnitine':1A,4C 'lc216':29A 'lc425':31A 'lc526':34A 'lc553':37A 'lc600':40A 'metabolism':17C 'performance':22C 'production':19C 'research':14C 'solution':26C 'used':12C 'vial':24C	f	\N	\N
167	Retatrutide	{"time": 1773223419799, "blocks": [{"id": "0620dz0wk7", "data": {"text": "Retatrutide is a triple agonist peptide targeting GIP, GLP-1, and glucagon receptors. Researched for metabolic regulation and body composition. Each vial contains lyophilized powder."}, "type": "paragraph"}], "version": "2.22.2"}	2026-03-11 10:03:39.927878+00	31	55	Purchase Retatrutide 5mg for research purposes. High purity, lab-tested. Fast shipping.	Buy Retatrutide 5mg | Research Peptides	\N	{}	{}	retatrutide	421	Retatrutide is a triple agonist peptide targeting GIP, GLP-1, and glucagon receptors. Researched for metabolic regulation and body composition. Each vial contains lyophilized powder.	\N		2026-03-11 10:03:39.823793+00	'-1':11C '10mg':28A '15mg':31A '20mg':34A '30mg':37A '40mg':40A '50mg':46A '5mg':43A '60mg':49A 'a':4C 'agonist':6C 'and':12C,19C 'body':20C 'composition':21C 'contains':24C 'each':22C 'for':16C 'gip':9C 'glp':10C 'glucagon':13C 'is':3C 'lyophilized':25C 'metabolic':17C 'peptide':7C 'powder':26C 'receptors':14C 'regulation':18C 'researched':15C 'retatrutide':1A,2C 'rt10':27A 'rt15':30A 'rt20':33A 'rt30':36A 'rt40':39A 'rt5':42A 'rt50':45A 'rt60':48A 'targeting':8C 'triple':5C 'vial':23C,29A,32A,35A,38A,41A,44A,47A,50A	f	\N	\N
168	HGH	{"time": 1773223420008, "blocks": [{"id": "g3x81f7r6l", "data": {"text": "Human Growth Hormone (HGH) is a recombinant peptide hormone used in research related to growth, cell regeneration, and metabolism. Each vial contains lyophilized powder."}, "type": "paragraph"}], "version": "2.22.2"}	2026-03-11 10:03:40.134715+00	31	57	Purchase HGH 10iu for research purposes. High purity, lab-tested. Fast shipping.	Buy HGH 10iu | Research Peptides	\N	{}	{}	hgh	429	Human Growth Hormone (HGH) is a recombinant peptide hormone used in research related to growth, cell regeneration, and metabolism. Each vial contains lyophilized powder.	\N		2026-03-11 10:03:40.032342+00	'10iu':27A '12iu':30A '15iu':33A '20iu':36A '24iu':39A '36iu':42A 'a':7C 'and':19C 'cell':17C 'contains':23C 'each':21C 'growth':3C,16C 'h10':26A 'h12':29A 'h15':32A 'h20':35A 'h24':38A 'h36':41A 'hgh':1A,5C 'hormone':4C,10C 'human':2C 'in':12C 'is':6C 'lyophilized':24C 'metabolism':20C 'peptide':9C 'powder':25C 'recombinant':8C 'regeneration':18C 'related':14C 'research':13C 'to':15C 'used':11C 'vial':22C,28A,31A,34A,37A,40A,43A	f	\N	\N
216	L-Carnitine Blend	{"time": 1773223429361, "blocks": [{"id": "fum3sfoe9l", "data": {"text": "L-Carnitine blend injection solution for research into fat metabolism and energy optimization. Each vial contains ready-to-use solution."}, "type": "paragraph"}], "version": "2.22.2"}	2026-03-11 10:03:49.478706+00	34	60	Purchase L-Carnitine Blend 226mg/ml (10ml) for research purposes. High purity, lab-tested. Fast shipping.	Buy L-Carnitine Blend 226mg/ml (10ml) | Research Peptides	\N	{}	{}	l-carnitine-blend	541	L-Carnitine blend injection solution for research into fat metabolism and energy optimization. Each vial contains ready-to-use solution.	\N		2026-03-11 10:03:49.383457+00	'10ml':29A '226mg/ml':28A 'and':16C 'blend':4A,8C 'carnitine':3A,7C 'contains':21C 'each':19C 'energy':17C 'fat':14C 'for':11C 'injection':9C 'into':13C 'l':2A,6C 'l-carnitine':1A,5C 'metabolism':15C 'optimization':18C 'ready':23C 'ready-to-use':22C 'research':12C 'rp226':27A 'solution':10C,26C 'to':24C 'use':25C 'vial':20C	f	\N	\N
186	Selank	{"time": 1773223423544, "blocks": [{"id": "7s2xy4zvge", "data": {"text": "Selank is a synthetic heptapeptide analog of tuftsin, researched for anxiolytic and nootropic properties. Each vial contains lyophilized powder."}, "type": "paragraph"}], "version": "2.22.2"}	2026-03-11 10:03:43.6611+00	31	61	Purchase Selank 5mg for research purposes. High purity, lab-tested. Fast shipping.	Buy Selank 5mg | Research Peptides	\N	{}	{}	selank	473	Selank is a synthetic heptapeptide analog of tuftsin, researched for anxiolytic and nootropic properties. Each vial contains lyophilized powder.	\N		2026-03-11 10:03:43.565179+00	'10mg':22A '5mg':25A 'a':4C 'analog':7C 'and':13C 'anxiolytic':12C 'contains':18C 'each':16C 'for':11C 'heptapeptide':6C 'is':3C 'lyophilized':19C 'nootropic':14C 'of':8C 'powder':20C 'properties':15C 'researched':10C 'selank':1A,2C 'sk10':21A 'sk5':24A 'synthetic':5C 'tuftsin':9C 'vial':17C,23A,26A	f	\N	\N
187	Semax	{"time": 1773223423734, "blocks": [{"id": "p1hpqx3hpa", "data": {"text": "Semax is a synthetic heptapeptide derived from ACTH, researched for neuroprotective and cognitive-enhancing properties. Each vial contains lyophilized powder."}, "type": "paragraph"}], "version": "2.22.2"}	2026-03-11 10:03:43.872367+00	31	61	Purchase Semax 5mg for research purposes. High purity, lab-tested. Fast shipping.	Buy Semax 5mg | Research Peptides	\N	{}	{}	semax	475	Semax is a synthetic heptapeptide derived from ACTH, researched for neuroprotective and cognitive-enhancing properties. Each vial contains lyophilized powder.	\N		2026-03-11 10:03:43.755287+00	'10mg':24A '30mg':27A '5mg':30A 'a':4C 'acth':9C 'and':13C 'cognitive':15C 'cognitive-enhancing':14C 'contains':20C 'derived':7C 'each':18C 'enhancing':16C 'for':11C 'from':8C 'heptapeptide':6C 'is':3C 'lyophilized':21C 'neuroprotective':12C 'powder':22C 'properties':17C 'researched':10C 'semax':1A,2C 'synthetic':5C 'vial':19C,25A,28A,31A 'xa10':23A 'xa30':26A 'xa5':29A	f	\N	\N
170	TB-500	{"time": 1773223420416, "blocks": [{"id": "zm3cqgbzj9", "data": {"text": "TB-500 (Thymosin Beta-4) is a synthetic peptide researched for its role in cell migration, tissue repair, and recovery processes. Each vial contains lyophilized powder."}, "type": "paragraph"}], "version": "2.22.2"}	2026-03-11 10:03:40.550539+00	31	63	Purchase TB-500 2mg for research purposes. High purity, lab-tested. Fast shipping.	Buy TB-500 2mg | Research Peptides	\N	{}	{}	tb-500	438	TB-500 (Thymosin Beta-4) is a synthetic peptide researched for its role in cell migration, tissue repair, and recovery processes. Each vial contains lyophilized powder.	\N		2026-03-11 10:03:40.439613+00	'-4':7C '-500':2A,4C '10mg':30A '20mg':36A '2mg':33A '5mg':39A 'a':9C 'and':21C 'beta':6C 'cell':17C 'contains':26C 'each':24C 'for':13C 'in':16C 'is':8C 'its':14C 'lyophilized':27C 'migration':18C 'peptide':11C 'powder':28C 'processes':23C 'recovery':22C 'repair':20C 'researched':12C 'role':15C 'synthetic':10C 'tb':1A,3C 'tb10':29A 'tb2':32A 'tb20':35A 'tb5':38A 'thymosin':5C 'tissue':19C 'vial':25C,31A,34A,37A,40A	f	\N	\N
172	SS-31 (Elamipretide)	{"time": 1773223420822, "blocks": [{"id": "h054wu2tk1", "data": {"text": "SS-31 (Elamipretide) is a mitochondria-targeted peptide researched for cellular energy production and oxidative stress reduction. Each vial contains lyophilized powder."}, "type": "paragraph"}], "version": "2.22.2"}	2026-03-11 10:03:40.964424+00	31	63	Purchase SS-31 (Elamipretide) 5mg for research purposes. High purity, lab-tested. Fast shipping.	Buy SS-31 (Elamipretide) 5mg | Research Peptides	\N	{}	{}	ss-31-elamipretide	445	SS-31 (Elamipretide) is a mitochondria-targeted peptide researched for cellular energy production and oxidative stress reduction. Each vial contains lyophilized powder.	\N		2026-03-11 10:03:40.844557+00	'-31':2A,5C '10mg':28A '2s10':27A '2s5':30A '2s50':33A '50mg':34A '5mg':31A 'a':8C 'and':18C 'cellular':15C 'contains':24C 'each':22C 'elamipretide':3A,6C 'energy':16C 'for':14C 'is':7C 'lyophilized':25C 'mitochondria':10C 'mitochondria-targeted':9C 'oxidative':19C 'peptide':12C 'powder':26C 'production':17C 'reduction':21C 'researched':13C 'ss':1A,4C 'stress':20C 'targeted':11C 'vial':23C,29A,32A,35A	f	\N	\N
169	BPC-157	{"time": 1773227433659, "blocks": [{"id": "f4zxnnicps", "data": {"text": "BPC-157 (Body Protection Compound-157) is a synthetic pentadecapeptide consisting of 15 amino acids, derived from a protective protein found in human gastric juice. It is classified as a stable gastric pentadecapeptide and has been the subject of extensive preclinical research since the 1990s."}, "type": "paragraph"}, {"id": "n6f2r5nszc", "data": {"text": "BPC-157 has been investigated in research settings for its interactions with the nitric oxide (NO) system, growth factor modulation (including EGF, VEGF, and FGF), and the FAK-paxillin pathway. Published studies have examined its effects in angiogenesis models, tendon-to-bone healing, gastrointestinal cytoprotection, and peripheral nerve regeneration in various animal models."}, "type": "paragraph"}, {"id": "bwtn6kqgdm", "data": {"text": "Each vial from InfinityBio Labs contains lyophilized BPC-157 verified at ≥98% purity via HPLC analysis. All batches undergo independent third-party testing with full Certificates of Analysis available upon request. Supplied as a white lyophilized powder in a sealed sterile vial, suitable for reconstitution with sterile or bacteriostatic water."}, "type": "paragraph"}], "version": "2.22.2"}	2026-03-11 11:10:33.919716+00	31	63	Buy BPC-157 ≥98% purity. Research peptide for tissue repair studies. Third-party tested, COA available. Fast shipping.	BPC-157 5mg-20mg | InfinityBio Labs	\N	{"ref_1": "Sikiric P. et al. (2018). \\"Brain-gut axis and pentadecapeptide BPC 157: Theoretical and practical implications.\\" Current Neuropharmacology, 16(5), 566-583. PMID: 28974127", "ref_2": "Seiwerth S. et al. (2014). \\"BPC 157's effect on healing.\\" Journal of Physiology-Paris, 108(2-3), 141-149. PMID: 24530605", "ref_3": "Vukojevic J. et al. (2022). \\"Pentadecapeptide BPC 157 and the central nervous system.\\" Neural Regeneration Research, 17(3), 482-487. PMID: 34380874", "faq_1_a": "BPC-157 is a synthetic pentadecapeptide consisting of 15 amino acids, derived from a segment of the human gastric juice protein BPC. It is classified as a stable gastric pentadecapeptide and has been widely studied in preclinical research models since the early 1990s.", "faq_1_q": "What is BPC-157?", "faq_2_a": "Store lyophilized BPC-157 at -20°C in a dry location protected from light and moisture. After reconstitution with sterile or bacteriostatic water, store at 2-8°C and use within 14 days. Avoid repeated freeze-thaw cycles to maintain peptide integrity.", "faq_2_q": "How should BPC-157 be stored?", "faq_3_a": "Our BPC-157 is verified at ≥98% purity via High-Performance Liquid Chromatography (HPLC) analysis. Each production batch is independently tested by a third-party laboratory. Full Certificates of Analysis (COA) are available for every lot upon request.", "faq_3_q": "What purity is your BPC-157?", "faq_4_a": "BPC-157 is supplied as a white lyophilized (freeze-dried) powder in a sealed sterile glass vial. Available in 5mg, 10mg, and 20mg quantities. The peptide should be reconstituted with sterile water or bacteriostatic water prior to use in research applications.", "faq_4_q": "How is BPC-157 supplied?", "faq_5_a": "BPC-157 has been the subject of numerous published studies spanning over two decades. Research has examined its interactions with growth factor pathways, the nitric oxide system, and tissue repair mechanisms in various animal models. Studies have been published in peer-reviewed journals including Current Neuropharmacology, the Journal of Physiology-Paris, and Neural Regeneration Research.", "faq_5_q": "What research has been published on BPC-157?"}	{}	bpc-157	435	BPC-157 (Body Protection Compound-157) is a synthetic pentadecapeptide consisting of 15 amino acids, derived from a protective protein found in human gastric juice. It is classified as a stable gastric pentadecapeptide and has been the subject of extensive preclinical research since the 1990s. BPC-157 has been investigated in research settings for its interactions with the nitric oxide (NO) system, growth factor modulation (including EGF, VEGF, and FGF), and the FAK-paxillin pathway. Published studies have examined its effects in angiogenesis models, tendon-to-bone healing, gastrointestinal cytoprotection, and peripheral nerve regeneration in various animal models. Each vial from InfinityBio Labs contains lyophilized BPC-157 verified at ≥98% purity via HPLC analysis. All batches undergo independent third-party testing with full Certificates of Analysis available upon request. Supplied as a white lyophilized powder in a sealed sterile vial, suitable for reconstitution with sterile or bacteriostatic water.	\N		2026-03-11 10:03:40.225342+00	'-0':177B '-157':2A,4C,8C,49C,111C '-20':158B '-51':176B '-8':167B '0.9':201B '10mg':208A '137525':175B '14':171B '1419.53':173B '15':15C '1990s':47C '2':166B '20mg':211A '5mg':214A '98':114C,154B 'a':10C,20C,32C,137C,142C 'acids':17C 'ala':187B,190B 'alcohol':203B 'all':119C 'amino':16C 'analysis':118C,131C 'and':36C,71C,73C,95C,163B 'angiogenesis':86C 'animal':101C 'as':31C,136C 'asp':188B,189B 'at':113C 'available':132C 'bacteriostatic':152C,199B 'batches':120C 'bc10':207A 'bc20':210A 'bc5':213A 'been':38C,51C 'benzyl':202B 'body':5C 'bone':91C 'bpc':1A,3C,48C,110C 'c':159B,168B 'certificates':129C 'classified':30C 'compound':7C 'consisting':13C 'contains':108C 'cytoprotection':94C,206B 'da':174B 'days':172B 'derived':18C 'each':103C 'effects':84C 'egf':69C 'examined':82C 'extensive':42C 'factor':66C 'fak':76C 'fak-paxillin':75C 'fgf':72C 'for':56C,147C 'found':23C 'from':19C,105C,161B 'full':128C 'gastric':26C,34C 'gastrointestinal':93C 'glu':180B 'gly':179B,184B,191B 'gly-glu-pro-pro-pro-gly-lys-pro-ala-asp-asp-ala-gly-leu-val':178B 'growth':65C 'has':37C,50C 'have':81C 'healing':92C 'hplc':117C,155B 'human':25C 'in':24C,53C,85C,99C,141C,196B 'including':68C 'independent':122C 'infinitybio':106C 'interactions':58C 'investigated':52C 'is':9C,29C 'it':28C 'its':57C,83C 'juice':27C 'labs':107C 'leu':192B 'light':162B 'lyophilized':109C,139C,156B 'lys':185B 'models':87C,102C 'modulation':67C 'moisture':164B 'nerve':97C 'nitric':61C 'no':63C 'of':14C,41C,130C 'or':151C 'oxide':62C 'party':125C 'pathway':78C 'paxillin':77C 'pentadecapeptide':12C,35C 'peripheral':96C 'powder':140C,157B 'preclinical':43C 'pro':181B,182B,183B,186B 'protect':160B 'protection':6C 'protective':21C 'protein':22C 'published':79C 'purity':115C 'reconstituted':165B 'reconstitution':148C 'regeneration':98C 'repair':205B 'request':134C 'research':44C,54C 'sealed':143C 'settings':55C 'since':45C 'soluble':195B 'stable':33C 'sterile':144C,150C,197B 'studies':80C 'subject':40C 'suitable':146C 'supplied':135C 'synthetic':11C,194B 'system':64C 'tendon':89C 'tendon-to-bone':88C 'testing':126C 'the':39C,46C,60C,74C 'third':124C 'third-party':123C 'tissue':204B 'to':90C 'undergo':121C 'upon':133C 'use':169B 'val':193B 'various':100C 'vegf':70C 'verified':112C 'via':116C 'vial':104C,145C,209A,212A,215A 'water':153C,198B,200B 'white':138C 'with':59C,127C,149C 'within':170B	f	\N	\N
231	Botulinum Toxin (XT100)	{"time": 1773223432389, "blocks": [{"id": "eqr6if10lx", "data": {"text": "Botulinum Toxin Type A (XT100) is a neurotoxin protein used in aesthetic and therapeutic research applications. Each vial contains lyophilized powder."}, "type": "paragraph"}], "version": "2.22.2"}	2026-03-11 10:03:52.522811+00	34	60	Purchase Botulinum Toxin (XT100) 100 IU for research purposes. High purity, lab-tested. Fast shipping.	Buy Botulinum Toxin (XT100) 100 IU | Research Peptides	\N	{}	{}	botulinum-toxin-xt100	560	Botulinum Toxin Type A (XT100) is a neurotoxin protein used in aesthetic and therapeutic research applications. Each vial contains lyophilized powder.	\N		2026-03-11 10:03:52.419414+00	'100':26A 'a':7C,10C 'aesthetic':15C 'and':16C 'applications':19C 'botulinum':1A,4C 'contains':22C 'each':20C 'in':14C 'is':9C 'iu':27A 'lyophilized':23C 'neurotoxin':11C 'powder':24C 'protein':12C 'research':18C 'therapeutic':17C 'toxin':2A,5C 'type':6C 'used':13C 'vial':21C,28A 'xt100':3A,8C,25A	f	\N	\N
174	CJC-1295 (No DAC)	{"time": 1773223421237, "blocks": [{"id": "qujzjx05ij", "data": {"text": "CJC-1295 without DAC (Mod GRF 1-29) is a growth hormone-releasing hormone analog studied for pulsatile GH release. Each vial contains lyophilized powder."}, "type": "paragraph"}], "version": "2.22.2"}	2026-03-11 10:03:41.35122+00	31	58	Purchase CJC-1295 (No DAC) 2mg for research purposes. High purity, lab-tested. Fast shipping.	Buy CJC-1295 (No DAC) 2mg | Research Peptides	\N	{}	{}	cjc-1295-no-dac	449	CJC-1295 without DAC (Mod GRF 1-29) is a growth hormone-releasing hormone analog studied for pulsatile GH release. Each vial contains lyophilized powder.	\N		2026-03-11 10:03:41.259172+00	'-1295':2A,6C '-29':12C '1':11C '10mg':32A '2mg':35A '5mg':38A 'a':14C 'analog':20C 'cjc':1A,5C 'cnd10':31A 'cnd2':34A 'cnd5':37A 'contains':28C 'dac':4A,8C 'each':26C 'for':22C 'gh':24C 'grf':10C 'growth':15C 'hormone':17C,19C 'hormone-releasing':16C 'is':13C 'lyophilized':29C 'mod':9C 'no':3A 'powder':30C 'pulsatile':23C 'release':25C 'releasing':18C 'studied':21C 'vial':27C,33A,36A,39A 'without':7C	f	\N	\N
176	CJC-1295 (with DAC)	{"time": 1773223421607, "blocks": [{"id": "vgvy7mhr79", "data": {"text": "CJC-1295 with Drug Affinity Complex is a long-acting GHRH analog studied for sustained growth hormone elevation. Each vial contains lyophilized powder."}, "type": "paragraph"}], "version": "2.22.2"}	2026-03-11 10:03:41.741459+00	31	58	Purchase CJC-1295 (with DAC) 2mg for research purposes. High purity, lab-tested. Fast shipping.	Buy CJC-1295 (with DAC) 2mg | Research Peptides	\N	{}	{}	cjc-1295-with-dac	454	CJC-1295 with Drug Affinity Complex is a long-acting GHRH analog studied for sustained growth hormone elevation. Each vial contains lyophilized powder.	\N		2026-03-11 10:03:41.629732+00	'-1295':2A,6C '2mg':30A '5mg':33A 'a':12C 'acting':15C 'affinity':9C 'analog':17C 'cd2':29A 'cd5':32A 'cjc':1A,5C 'complex':10C 'contains':26C 'dac':4A 'drug':8C 'each':24C 'elevation':23C 'for':19C 'ghrh':16C 'growth':21C 'hormone':22C 'is':11C 'long':14C 'long-acting':13C 'lyophilized':27C 'powder':28C 'studied':18C 'sustained':20C 'vial':25C,31A,34A 'with':3A,7C	f	\N	\N
198	Glow Blend (BPC-157 + GHK-Cu + TB-500)	{"time": 1773223425912, "blocks": [{"id": "yfqf8l2da9", "data": {"text": "A research blend combining BPC-157, GHK-Cu, and TB-500 for synergistic tissue repair, skin health, and recovery. Each vial contains lyophilized powder."}, "type": "paragraph"}], "version": "2.22.2"}	2026-03-11 10:03:46.02805+00	32	62	Purchase Glow Blend (BPC-157 + GHK-Cu + TB-500) 50mg for research purposes. High purity, lab-tested. Fast shipping.	Buy Glow Blend (BPC-157 + GHK-Cu + TB-500) 50mg | Research Peptides	\N	{}	{}	glow-blend-bpc-157-ghk-cu-tb-500	507	A research blend combining BPC-157, GHK-Cu, and TB-500 for synergistic tissue repair, skin health, and recovery. Each vial contains lyophilized powder.	\N		2026-03-11 10:03:45.936301+00	'-157':4A,15C '-500':9A,21C '50mg':36A '70mg':39A 'a':10C 'and':19C,28C 'blend':2A,12C 'bpc':3A,14C 'combining':13C 'contains':32C 'cu':7A,18C 'each':30C 'for':22C 'ghk':6A,17C 'ghk-cu':5A,16C 'glow':1A 'glow50':35A 'glow70':38A 'health':27C 'lyophilized':33C 'powder':34C 'recovery':29C 'repair':25C 'research':11C 'skin':26C 'synergistic':23C 'tb':8A,20C 'tissue':24C 'vial':31C,37A,40A	f	\N	\N
199	Glow+ Blend (BPC-157 + GHK-Cu + TB-500 + KPV)	{"time": 1773223426103, "blocks": [{"id": "mg5p4s7xw9", "data": {"text": "An advanced research blend combining BPC-157, GHK-Cu, TB-500, and KPV for enhanced tissue repair, skin health, and anti-inflammatory support. Each vial contains lyophilized powder."}, "type": "paragraph"}], "version": "2.22.2"}	2026-03-11 10:03:46.231818+00	32	62	Purchase Glow+ Blend (BPC-157 + GHK-Cu + TB-500 + KPV) 80mg for research purposes. High purity, lab-tested. Fast shipping.	Glow+ Blend (BPC-157 + GHK-Cu + TB-500 + KPV) 80mg | Research Grade	\N	{}	{}	glow-blend-bpc-157-ghk-cu-tb-500-kpv	509	An advanced research blend combining BPC-157, GHK-Cu, TB-500, and KPV for enhanced tissue repair, skin health, and anti-inflammatory support. Each vial contains lyophilized powder.	\N		2026-03-11 10:03:46.12538+00	'-157':4A,17C '-500':9A,22C '80mg':42A 'advanced':12C 'an':11C 'and':23C,31C 'anti':33C 'anti-inflammatory':32C 'blend':2A,14C 'bpc':3A,16C 'combining':15C 'contains':38C 'cu':7A,20C 'each':36C 'enhanced':26C 'for':25C 'ghk':6A,19C 'ghk-cu':5A,18C 'glow':1A 'health':30C 'inflammatory':34C 'klow80':41A 'kpv':10A,24C 'lyophilized':39C 'powder':40C 'repair':28C 'research':13C 'skin':29C 'support':35C 'tb':8A,21C 'tissue':27C 'vial':37C,43A	f	\N	\N
177	AOD-9604	{"time": 1773223421806, "blocks": [{"id": "8hzli25hl0", "data": {"text": "AOD-9604 is a modified fragment of human growth hormone researched for its effects on fat metabolism without affecting blood sugar. Each vial contains lyophilized powder."}, "type": "paragraph"}], "version": "2.22.2"}	2026-03-11 10:03:41.951373+00	31	63	Purchase AOD-9604 2mg for research purposes. High purity, lab-tested. Fast shipping.	Buy AOD-9604 2mg | Research Peptides	\N	{}	{}	aod-9604	456	AOD-9604 is a modified fragment of human growth hormone researched for its effects on fat metabolism without affecting blood sugar. Each vial contains lyophilized powder.	\N		2026-03-11 10:03:41.827035+00	'-9604':2A,4C '10mg':30A '2mg':33A '5mg':36A 'a':6C 'affecting':21C 'aod':1A,3C 'aod10':29A 'aod2':32A 'aod5':35A 'blood':22C 'contains':26C 'each':24C 'effects':16C 'fat':18C 'for':14C 'fragment':8C 'growth':11C 'hormone':12C 'human':10C 'is':5C 'its':15C 'lyophilized':27C 'metabolism':19C 'modified':7C 'of':9C 'on':17C 'powder':28C 'researched':13C 'sugar':23C 'vial':25C,31A,34A,37A 'without':20C	f	\N	\N
210	HCG	{"time": 1773223428207, "blocks": [{"id": "a4l0nvnfi4", "data": {"text": "HCG (Human Chorionic Gonadotropin) is a glycoprotein hormone used in research related to fertility, hormonal regulation, and metabolism. Each vial contains lyophilized powder."}, "type": "paragraph"}], "version": "2.22.2"}	2026-03-11 10:03:48.331047+00	33	59	Purchase HCG 10000 IU for research purposes. High purity, lab-tested. Fast shipping.	Buy HCG 10000 IU | Research Peptides	\N	{}	{}	hcg	528	HCG (Human Chorionic Gonadotropin) is a glycoprotein hormone used in research related to fertility, hormonal regulation, and metabolism. Each vial contains lyophilized powder.	\N		2026-03-11 10:03:48.229155+00	'10000':26A '2000':30A '5000':34A 'a':7C 'and':18C 'chorionic':4C 'contains':22C 'each':20C 'fertility':15C 'g10k':25A 'g2k':29A 'g5k':33A 'glycoprotein':8C 'gonadotropin':5C 'hcg':1A,2C 'hormonal':16C 'hormone':9C 'human':3C 'in':11C 'is':6C 'iu':27A,31A,35A 'lyophilized':23C 'metabolism':19C 'powder':24C 'regulation':17C 'related':13C 'research':12C 'to':14C 'used':10C 'vial':21C,28A,32A,36A	f	\N	\N
178	IGF-1 LR3	{"time": 1773223422028, "blocks": [{"id": "s4oxr4zgyx", "data": {"text": "IGF-1 LR3 (Long R3 Insulin-like Growth Factor-1) is a modified peptide with extended half-life, researched for cell growth and proliferation. Each vial contains lyophilized powder."}, "type": "paragraph"}], "version": "2.22.2"}	2026-03-11 10:03:42.150784+00	31	56	Purchase IGF-1 LR3 0.1mg for research purposes. High purity, lab-tested. Fast shipping.	Buy IGF-1 LR3 0.1mg | Research Peptides	\N	{}	{}	igf-1-lr3	459	IGF-1 LR3 (Long R3 Insulin-like Growth Factor-1) is a modified peptide with extended half-life, researched for cell growth and proliferation. Each vial contains lyophilized powder.	\N		2026-03-11 10:03:42.051944+00	'-1':2A,5C,14C '0.1':36A '1mg':40A 'a':16C 'and':28C 'cell':26C 'contains':32C 'each':30C 'extended':20C 'factor':13C 'for':25C 'growth':12C,27C 'half':22C 'half-life':21C 'igf':1A,4C 'igf01':35A 'igf1':39A 'insulin':10C 'insulin-like':9C 'is':15C 'life':23C 'like':11C 'long':7C 'lr3':3A,6C 'lyophilized':33C 'mg':37A 'modified':17C 'peptide':18C 'powder':34C 'proliferation':29C 'r3':8C 'researched':24C 'vial':31C,38A,41A 'with':19C	f	\N	\N
214	Lipo-B (LC120)	{"time": 1773223428976, "blocks": [{"id": "k62fslmg6o", "data": {"text": "Lipo-B is a lipotropic injection blend researched for fat metabolism support and energy enhancement. Each vial is ready for use."}, "type": "paragraph"}], "version": "2.22.2"}	2026-03-11 10:03:49.095248+00	34	60	Purchase Lipo-B (LC120) Lipo-B Injection for research purposes. High purity, lab-tested. Fast shipping.	Buy Lipo-B (LC120) Lipo-B Injection | Research Peptides	\N	{}	{}	lipo-b-lc120	535	Lipo-B is a lipotropic injection blend researched for fat metabolism support and energy enhancement. Each vial is ready for use.	\N		2026-03-11 10:03:49.000923+00	'a':9C 'and':18C 'b':3A,7C,30A 'blend':12C 'each':21C 'energy':19C 'enhancement':20C 'fat':15C 'for':14C,25C 'injection':11C,31A 'is':8C,23C 'lc120':4A,27A 'lipo':2A,6C,29A 'lipo-b':1A,5C,28A 'lipotropic':10C 'metabolism':16C 'ready':24C 'researched':13C 'support':17C 'use':26C 'vial':22C	f	\N	\N
179	MOTS-c	{"time": 1773223422223, "blocks": [{"id": "6ffby5r5nn", "data": {"text": "MOTS-c is a mitochondrial-derived peptide researched for its role in metabolic homeostasis, exercise biology, and longevity. Each vial contains lyophilized powder."}, "type": "paragraph"}], "version": "2.22.2"}	2026-03-11 10:03:42.339087+00	31	63	Purchase MOTS-c 5mg for research purposes. High purity, lab-tested. Fast shipping.	Buy MOTS-c 5mg | Research Peptides	\N	{}	{}	mots-c	461	MOTS-c is a mitochondrial-derived peptide researched for its role in metabolic homeostasis, exercise biology, and longevity. Each vial contains lyophilized powder.	\N		2026-03-11 10:03:42.248064+00	'10mg':30A '40mg':33A '5mg':36A 'a':8C 'and':22C 'biology':21C 'c':3A,6C 'contains':26C 'derived':11C 'each':24C 'exercise':20C 'for':14C 'homeostasis':19C 'in':17C 'is':7C 'its':15C 'longevity':23C 'lyophilized':27C 'metabolic':18C 'mitochondrial':10C 'mitochondrial-derived':9C 'mots':2A,5C 'mots-c':1A,4C 'ms10':29A 'ms40':32A 'ms5':35A 'peptide':12C 'powder':28C 'researched':13C 'role':16C 'vial':25C,31A,34A,37A	f	\N	\N
217	Super High Blend	{"time": 1773223429560, "blocks": [{"id": "bm512zch4l", "data": {"text": "Super High Blend is a concentrated multi-compound injectable solution for advanced metabolic research. Each vial contains ready-to-use solution."}, "type": "paragraph"}], "version": "2.22.2"}	2026-03-11 10:03:49.686232+00	35	60	Purchase Super High Blend 865mg (10ml) for research purposes. High purity, lab-tested. Fast shipping.	Buy Super High Blend 865mg (10ml) | Research Peptides	\N	{}	{}	super-high-blend	542	Super High Blend is a concentrated multi-compound injectable solution for advanced metabolic research. Each vial contains ready-to-use solution.	\N		2026-03-11 10:03:49.58293+00	'10ml':29A '865mg':28A 'a':8C 'advanced':16C 'blend':3A,6C 'compound':12C 'concentrated':9C 'contains':21C 'each':19C 'for':15C 'high':2A,5C 'injectable':13C 'is':7C 'metabolic':17C 'multi':11C 'multi-compound':10C 'ready':23C 'ready-to-use':22C 'research':18C 'shb':27A 'solution':14C,26C 'super':1A,4C 'to':24C 'use':25C 'vial':20C	f	\N	\N
182	Epithalon	{"time": 1773223422775, "blocks": [{"id": "jzersg7yin", "data": {"text": "Epithalon (Epitalon) is a tetrapeptide researched for its effects on telomerase activation and anti-aging mechanisms. Each vial contains lyophilized powder."}, "type": "paragraph"}], "version": "2.22.2"}	2026-03-11 10:03:42.909965+00	31	63	Purchase Epithalon 10mg for research purposes. High purity, lab-tested. Fast shipping.	Buy Epithalon 10mg | Research Peptides	\N	{}	{}	epithalon	466	Epithalon (Epitalon) is a tetrapeptide researched for its effects on telomerase activation and anti-aging mechanisms. Each vial contains lyophilized powder.	\N		2026-03-11 10:03:42.799711+00	'10mg':25A '50mg':28A 'a':5C 'activation':13C 'aging':17C 'and':14C 'anti':16C 'anti-aging':15C 'contains':21C 'each':19C 'effects':10C 'epitalon':3C 'epithalon':1A,2C 'et10':24A 'et50':27A 'for':8C 'is':4C 'its':9C 'lyophilized':22C 'mechanisms':18C 'on':11C 'powder':23C 'researched':7C 'telomerase':12C 'tetrapeptide':6C 'vial':20C,26A,29A	f	\N	\N
225	Cagrilintide + Semaglutide Blend	{"time": 1773223431173, "blocks": [{"id": "4ud8iqn3zf", "data": {"text": "A research blend combining Cagrilintide and Semaglutide for dual-mechanism metabolic regulation and appetite control. Each vial contains lyophilized powder."}, "type": "paragraph"}], "version": "2.22.2"}	2026-03-11 10:03:51.298444+00	32	62	Purchase Cagrilintide + Semaglutide Blend 10mg (Cagri 5mg + Sema 5mg) for research purposes. High purity, lab-tested. Fast shipping.	Cagrilintide + Semaglutide Blend 10mg (Cagri 5mg + Sema 5mg)	\N	{}	{}	cagrilintide-semaglutide-blend	554	A research blend combining Cagrilintide and Semaglutide for dual-mechanism metabolic regulation and appetite control. Each vial contains lyophilized powder.	\N		2026-03-11 10:03:51.196714+00	'10mg':26A '5mg':28A,30A 'a':4C 'and':9C,17C 'appetite':18C 'blend':3A,6C 'cagri':27A 'cagrilintide':1A,8C 'combining':7C 'contains':22C 'control':19C 'cs10':25A 'dual':13C 'dual-mechanism':12C 'each':20C 'for':11C 'lyophilized':23C 'mechanism':14C 'metabolic':15C 'powder':24C 'regulation':16C 'research':5C 'sema':29A 'semaglutide':2A,10C 'vial':21C,31A	f	\N	\N
183	GHRP-2 Acetate	{"time": 1773223422977, "blocks": [{"id": "9zrjsf7ujp", "data": {"text": "GHRP-2 (Growth Hormone Releasing Peptide-2) is a synthetic hexapeptide that stimulates growth hormone secretion. Each vial contains lyophilized powder."}, "type": "paragraph"}], "version": "2.22.2"}	2026-03-11 10:03:43.099609+00	31	58	Purchase GHRP-2 Acetate 5mg for research purposes. High purity, lab-tested. Fast shipping.	Buy GHRP-2 Acetate 5mg | Research Peptides	\N	{}	{}	ghrp-2-acetate	468	GHRP-2 (Growth Hormone Releasing Peptide-2) is a synthetic hexapeptide that stimulates growth hormone secretion. Each vial contains lyophilized powder.	\N		2026-03-11 10:03:43.000707+00	'-2':2A,5C,10C '10mg':26A '5mg':29A 'a':12C 'acetate':3A 'contains':22C 'each':20C 'g210':25A 'g25':28A 'ghrp':1A,4C 'growth':6C,17C 'hexapeptide':14C 'hormone':7C,18C 'is':11C 'lyophilized':23C 'peptide':9C 'powder':24C 'releasing':8C 'secretion':19C 'stimulates':16C 'synthetic':13C 'that':15C 'vial':21C,27A,30A	f	\N	\N
230	Vitamin B12	{"time": 1773223432163, "blocks": [{"id": "a33fq4cowz", "data": {"text": "Vitamin B12 (Methylcobalamin) injection solution researched for energy metabolism, neurological function, and red blood cell formation. Each vial contains ready-to-use solution."}, "type": "paragraph"}], "version": "2.22.2"}	2026-03-11 10:03:52.29171+00	34	60	Purchase Vitamin B12 1mg/ml (10ml) for research purposes. High purity, lab-tested. Fast shipping.	Buy Vitamin B12 1mg/ml (10ml) | Research Peptides	\N	{}	{}	vitamin-b12	559	Vitamin B12 (Methylcobalamin) injection solution researched for energy metabolism, neurological function, and red blood cell formation. Each vial contains ready-to-use solution.	\N		2026-03-11 10:03:52.189063+00	'10ml':29A '1mg/ml':28A 'and':14C 'b12':2A,4C,27A 'blood':16C 'cell':17C 'contains':21C 'each':19C 'energy':10C 'for':9C 'formation':18C 'function':13C 'injection':6C 'metabolism':11C 'methylcobalamin':5C 'neurological':12C 'ready':23C 'ready-to-use':22C 'red':15C 'researched':8C 'solution':7C,26C 'to':24C 'use':25C 'vial':20C 'vitamin':1A,3C	f	\N	\N
184	GHRP-6 Acetate	{"time": 1773223423167, "blocks": [{"id": "fl2whnu2l1", "data": {"text": "GHRP-6 (Growth Hormone Releasing Peptide-6) is a synthetic peptide that stimulates growth hormone release and appetite. Each vial contains lyophilized powder."}, "type": "paragraph"}], "version": "2.22.2"}	2026-03-11 10:03:43.293133+00	31	58	Purchase GHRP-6 Acetate 5mg for research purposes. High purity, lab-tested. Fast shipping.	Buy GHRP-6 Acetate 5mg | Research Peptides	\N	{}	{}	ghrp-6-acetate	470	GHRP-6 (Growth Hormone Releasing Peptide-6) is a synthetic peptide that stimulates growth hormone release and appetite. Each vial contains lyophilized powder.	\N		2026-03-11 10:03:43.192907+00	'-6':2A,5C,10C '10mg':28A '5mg':31A 'a':12C 'acetate':3A 'and':20C 'appetite':21C 'contains':24C 'each':22C 'g610':27A 'g65':30A 'ghrp':1A,4C 'growth':6C,17C 'hormone':7C,18C 'is':11C 'lyophilized':25C 'peptide':9C,14C 'powder':26C 'release':19C 'releasing':8C 'stimulates':16C 'synthetic':13C 'that':15C 'vial':23C,29A,32A	f	\N	\N
185	PT-141 (Bremelanotide)	{"time": 1773223423354, "blocks": [{"id": "t02mras1jf", "data": {"text": "PT-141 (Bremelanotide) is a synthetic melanocortin peptide researched for sexual dysfunction and arousal mechanisms. Each vial contains lyophilized powder."}, "type": "paragraph"}], "version": "2.22.2"}	2026-03-11 10:03:43.466284+00	31	63	Purchase PT-141 (Bremelanotide) 10mg for research purposes. High purity, lab-tested. Fast shipping.	Buy PT-141 (Bremelanotide) 10mg | Research Peptides	\N	{}	{}	pt-141-bremelanotide	472	PT-141 (Bremelanotide) is a synthetic melanocortin peptide researched for sexual dysfunction and arousal mechanisms. Each vial contains lyophilized powder.	\N		2026-03-11 10:03:43.375104+00	'-141':2A,5C '10mg':25A 'a':8C 'and':16C 'arousal':17C 'bremelanotide':3A,6C 'contains':21C 'dysfunction':15C 'each':19C 'for':13C 'is':7C 'lyophilized':22C 'mechanisms':18C 'melanocortin':10C 'peptide':11C 'powder':23C 'pt':1A,4C 'pt41':24A 'researched':12C 'sexual':14C 'synthetic':9C 'vial':20C,26A	f	\N	\N
188	Tesamorelin	{"time": 1773223423950, "blocks": [{"id": "tv0vnl6q8x", "data": {"text": "Tesamorelin is a synthetic growth hormone-releasing hormone analog researched for its effects on visceral fat reduction and GH secretion. Each vial contains lyophilized powder."}, "type": "paragraph"}], "version": "2.22.2"}	2026-03-11 10:03:44.079416+00	31	58	Purchase Tesamorelin 2mg for research purposes. High purity, lab-tested. Fast shipping.	Buy Tesamorelin 2mg | Research Peptides	\N	{}	{}	tesamorelin	478	Tesamorelin is a synthetic growth hormone-releasing hormone analog researched for its effects on visceral fat reduction and GH secretion. Each vial contains lyophilized powder.	\N		2026-03-11 10:03:43.974384+00	'10mg':29A '20mg':35A '2mg':32A '5mg':38A 'a':4C 'analog':11C 'and':20C 'contains':25C 'each':23C 'effects':15C 'fat':18C 'for':13C 'gh':21C 'growth':6C 'hormone':8C,10C 'hormone-releasing':7C 'is':3C 'its':14C 'lyophilized':26C 'on':16C 'powder':27C 'reduction':19C 'releasing':9C 'researched':12C 'secretion':22C 'synthetic':5C 'tesamorelin':1A,2C 'tsm10':28A 'tsm2':31A 'tsm20':34A 'tsm5':37A 'vial':24C,30A,33A,36A,39A 'visceral':17C	f	\N	\N
234	Acetic Acid Solution	{"time": 1773223432981, "blocks": [{"id": "ivjhrbliez", "data": {"text": "Acetic Acid Solution is used for reconstituting specific peptides that require acidic solvents. Each vial is ready for use."}, "type": "paragraph"}], "version": "2.22.2"}	2026-03-11 10:03:53.105517+00	36	64	Purchase Acetic Acid Solution 3ml for research purposes. High purity, lab-tested. Fast shipping.	Buy Acetic Acid Solution 3ml | Research Peptides	\N	{}	{}	acetic-acid-solution	564	Acetic Acid Solution is used for reconstituting specific peptides that require acidic solvents. Each vial is ready for use.	\N		2026-03-11 10:03:53.00306+00	'10ml':24A '3ml':26A 'aa10':23A 'aa3':25A 'acetic':1A,4C 'acid':2A,5C 'acidic':15C 'each':17C 'for':9C,21C 'is':7C,19C 'peptides':12C 'ready':20C 'reconstituting':10C 'require':14C 'solution':3A,6C 'solvents':16C 'specific':11C 'that':13C 'use':22C 'used':8C 'vial':18C	f	\N	\N
189	Sermorelin Acetate	{"time": 1773223424148, "blocks": [{"id": "907wdyn0ya", "data": {"text": "Sermorelin is a synthetic GHRH analog (GRF 1-29) researched for stimulating natural growth hormone production. Each vial contains lyophilized powder."}, "type": "paragraph"}], "version": "2.22.2"}	2026-03-11 10:03:44.270164+00	31	58	Purchase Sermorelin Acetate 2mg for research purposes. High purity, lab-tested. Fast shipping.	Buy Sermorelin Acetate 2mg | Research Peptides	\N	{}	{}	sermorelin-acetate	482	Sermorelin is a synthetic GHRH analog (GRF 1-29) researched for stimulating natural growth hormone production. Each vial contains lyophilized powder.	\N		2026-03-11 10:03:44.169795+00	'-29':11C '1':10C '10mg':25A '2mg':28A '5mg':31A 'a':5C 'acetate':2A 'analog':8C 'contains':21C 'each':19C 'for':13C 'ghrh':7C 'grf':9C 'growth':16C 'hormone':17C 'is':4C 'lyophilized':22C 'natural':15C 'powder':23C 'production':18C 'researched':12C 'sermorelin':1A,3C 'smo10':24A 'smo2':27A 'smo5':30A 'stimulating':14C 'synthetic':6C 'vial':20C,26A,29A,32A	f	\N	\N
190	Thymosin Alpha-1	{"time": 1773223424341, "blocks": [{"id": "2qi9k2h536", "data": {"text": "Thymosin Alpha-1 is an immunomodulatory peptide researched for enhancing immune function and T-cell activity. Each vial contains lyophilized powder."}, "type": "paragraph"}], "version": "2.22.2"}	2026-03-11 10:03:44.462787+00	31	63	Purchase Thymosin Alpha-1 2mg for research purposes. High purity, lab-tested. Fast shipping.	Buy Thymosin Alpha-1 2mg | Research Peptides	\N	{}	{}	thymosin-alpha-1	485	Thymosin Alpha-1 is an immunomodulatory peptide researched for enhancing immune function and T-cell activity. Each vial contains lyophilized powder.	\N		2026-03-11 10:03:44.364265+00	'-1':3A,6C '10mg':27A '2mg':30A '5mg':33A 'activity':20C 'alpha':2A,5C 'an':8C 'and':16C 'cell':19C 'contains':23C 'each':21C 'enhancing':13C 'for':12C 'function':15C 'immune':14C 'immunomodulatory':9C 'is':7C 'lyophilized':24C 'peptide':10C 'powder':25C 'researched':11C 't':18C 't-cell':17C 'ta10':26A 'ta2':29A 'ta5':32A 'thymosin':1A,4C 'vial':22C,28A,31A,34A	f	\N	\N
191	Thymalin	{"time": 1773223424531, "blocks": [{"id": "gog9pt0wq9", "data": {"text": "Thymalin is a thymic peptide bioregulator researched for immune system modulation and anti-aging properties. Each vial contains lyophilized powder."}, "type": "paragraph"}], "version": "2.22.2"}	2026-03-11 10:03:44.657302+00	31	63	Purchase Thymalin 10mg for research purposes. High purity, lab-tested. Fast shipping.	Buy Thymalin 10mg | Research Peptides	\N	{}	{}	thymalin	488	Thymalin is a thymic peptide bioregulator researched for immune system modulation and anti-aging properties. Each vial contains lyophilized powder.	\N		2026-03-11 10:03:44.554143+00	'10mg':24A '20mg':27A 'a':4C 'aging':16C 'and':13C 'anti':15C 'anti-aging':14C 'bioregulator':7C 'contains':20C 'each':18C 'for':9C 'immune':10C 'is':3C 'lyophilized':21C 'modulation':12C 'peptide':6C 'powder':22C 'properties':17C 'researched':8C 'system':11C 'thymalin':1A,2C 'thymic':5C 'ty10':23A 'ty20':26A 'vial':19C,25A,28A	f	\N	\N
192	Ipamorelin	{"time": 1773223424722, "blocks": [{"id": "78fx1ieosj", "data": {"text": "Ipamorelin is a selective growth hormone secretagogue peptide researched for targeted GH release with minimal side effects. Each vial contains lyophilized powder."}, "type": "paragraph"}], "version": "2.22.2"}	2026-03-11 10:03:44.851404+00	31	58	Purchase Ipamorelin 2mg for research purposes. High purity, lab-tested. Fast shipping.	Buy Ipamorelin 2mg | Research Peptides	\N	{}	{}	ipamorelin	490	Ipamorelin is a selective growth hormone secretagogue peptide researched for targeted GH release with minimal side effects. Each vial contains lyophilized powder.	\N		2026-03-11 10:03:44.744758+00	'10mg':25A '2mg':28A '5mg':31A 'a':4C 'contains':21C 'each':19C 'effects':18C 'for':11C 'gh':13C 'growth':6C 'hormone':7C 'ip10':24A 'ip2':27A 'ip5':30A 'ipamorelin':1A,2C 'is':3C 'lyophilized':22C 'minimal':16C 'peptide':9C 'powder':23C 'release':14C 'researched':10C 'secretagogue':8C 'selective':5C 'side':17C 'targeted':12C 'vial':20C,26A,29A,32A 'with':15C	f	\N	\N
193	Mazdutide	{"time": 1773223424921, "blocks": [{"id": "4x2lpztb5p", "data": {"text": "Mazdutide is a dual GLP-1 and glucagon receptor agonist peptide researched for metabolic regulation and weight management. Each vial contains lyophilized powder."}, "type": "paragraph"}], "version": "2.22.2"}	2026-03-11 10:03:45.043025+00	31	55	Purchase Mazdutide 5mg for research purposes. High purity, lab-tested. Fast shipping.	Buy Mazdutide 5mg | Research Peptides	\N	{}	{}	mazdutide	493	Mazdutide is a dual GLP-1 and glucagon receptor agonist peptide researched for metabolic regulation and weight management. Each vial contains lyophilized powder.	\N		2026-03-11 10:03:44.944408+00	'-1':7C '10mg':26A '20mg':29A '5mg':32A 'a':4C 'agonist':11C 'and':8C,17C 'contains':22C 'dual':5C 'each':20C 'for':14C 'glp':6C 'glucagon':9C 'is':3C 'lyophilized':23C 'management':19C 'maz10':25A 'maz20':28A 'maz5':31A 'mazdutide':1A,2C 'metabolic':15C 'peptide':12C 'powder':24C 'receptor':10C 'regulation':16C 'researched':13C 'vial':21C,27A,30A,33A 'weight':18C	f	\N	\N
194	Cagrilintide	{"time": 1773223425117, "blocks": [{"id": "mitd7zchcf", "data": {"text": "Cagrilintide is a long-acting amylin analog peptide researched for appetite regulation and weight management. Each vial contains lyophilized powder."}, "type": "paragraph"}], "version": "2.22.2"}	2026-03-11 10:03:45.23829+00	31	55	Purchase Cagrilintide 5mg for research purposes. High purity, lab-tested. Fast shipping.	Buy Cagrilintide 5mg | Research Peptides	\N	{}	{}	cagrilintide	496	Cagrilintide is a long-acting amylin analog peptide researched for appetite regulation and weight management. Each vial contains lyophilized powder.	\N		2026-03-11 10:03:45.141765+00	'10mg':24A '5mg':27A 'a':4C 'acting':7C 'amylin':8C 'analog':9C 'and':15C 'appetite':13C 'cagrilintide':1A,2C 'cgl10':23A 'cgl5':26A 'contains':20C 'each':18C 'for':12C 'is':3C 'long':6C 'long-acting':5C 'lyophilized':21C 'management':17C 'peptide':10C 'powder':22C 'regulation':14C 'researched':11C 'vial':19C,25A,28A 'weight':16C	f	\N	\N
195	Survodutide	{"time": 1773223425308, "blocks": [{"id": "d8f53hg7sm", "data": {"text": "Survodutide is a dual GLP-1 and glucagon receptor agonist peptide studied for metabolic health and body weight regulation. Each vial contains lyophilized powder."}, "type": "paragraph"}], "version": "2.22.2"}	2026-03-11 10:03:45.441075+00	31	55	Purchase Survodutide 2mg for research purposes. High purity, lab-tested. Fast shipping.	Buy Survodutide 2mg | Research Peptides	\N	{}	{}	survodutide	498	Survodutide is a dual GLP-1 and glucagon receptor agonist peptide studied for metabolic health and body weight regulation. Each vial contains lyophilized powder.	\N		2026-03-11 10:03:45.333206+00	'-1':7C '10mg':27A '15mg':30A '2mg':33A '5mg':36A 'a':4C 'agonist':11C 'and':8C,17C 'body':18C 'contains':23C 'dual':5C 'each':21C 'for':14C 'glp':6C 'glucagon':9C 'health':16C 'is':3C 'lyophilized':24C 'metabolic':15C 'peptide':12C 'powder':25C 'receptor':10C 'regulation':20C 'studied':13C 'sur10':26A 'sur15':29A 'sur2':32A 'sur5':35A 'survodutide':1A,2C 'vial':22C,28A,31A,34A,37A 'weight':19C	f	\N	\N
196	NAD+	{"time": 1773223425516, "blocks": [{"id": "zbmufvauq4", "data": {"text": "NAD+ (Nicotinamide Adenine Dinucleotide) is a coenzyme researched for cellular energy production, DNA repair, and anti-aging applications. Each vial contains lyophilized powder."}, "type": "paragraph"}], "version": "2.22.2"}	2026-03-11 10:03:45.64463+00	31	63	Purchase NAD+ 100mg for research purposes. High purity, lab-tested. Fast shipping.	Buy NAD+ 100mg | Research Peptides	\N	{}	{}	nad	502	NAD+ (Nicotinamide Adenine Dinucleotide) is a coenzyme researched for cellular energy production, DNA repair, and anti-aging applications. Each vial contains lyophilized powder.	\N		2026-03-11 10:03:45.54125+00	'1000mg':30A '100mg':27A '500mg':33A 'a':7C 'adenine':4C 'aging':19C 'and':16C 'anti':18C 'anti-aging':17C 'applications':20C 'cellular':11C 'coenzyme':8C 'contains':23C 'dinucleotide':5C 'dna':14C 'each':21C 'energy':12C 'for':10C 'is':6C 'lyophilized':24C 'nad':1A,2C 'nicotinamide':3C 'nj100':26A 'nj1000':29A 'nj500':32A 'powder':25C 'production':13C 'repair':15C 'researched':9C 'vial':22C,28A,31A,34A	f	\N	\N
197	GHK-Cu	{"time": 1773223425714, "blocks": [{"id": "pqmdpah7jq", "data": {"text": "GHK-Cu (Copper Peptide) is a naturally occurring tripeptide researched for tissue remodeling, anti-aging, and wound healing properties. Each vial contains lyophilized powder."}, "type": "paragraph"}], "version": "2.22.2"}	2026-03-11 10:03:45.842325+00	31	63	Purchase GHK-Cu 50mg for research purposes. High purity, lab-tested. Fast shipping.	Buy GHK-Cu 50mg | Research Peptides	\N	{}	{}	ghk-cu	505	GHK-Cu (Copper Peptide) is a naturally occurring tripeptide researched for tissue remodeling, anti-aging, and wound healing properties. Each vial contains lyophilized powder.	\N		2026-03-11 10:03:45.735724+00	'100mg':31A '50mg':34A 'a':10C 'aging':20C 'and':21C 'anti':19C 'anti-aging':18C 'contains':27C 'copper':7C 'cu':3A,6C 'cu100':30A 'cu50':33A 'each':25C 'for':15C 'ghk':2A,5C 'ghk-cu':1A,4C 'healing':23C 'is':9C 'lyophilized':28C 'naturally':11C 'occurring':12C 'peptide':8C 'powder':29C 'properties':24C 'remodeling':17C 'researched':14C 'tissue':16C 'tripeptide':13C 'vial':26C,32A,35A 'wound':22C	f	\N	\N
200	KPV	{"time": 1773223426304, "blocks": [{"id": "gpp0io1dgb", "data": {"text": "KPV is a tripeptide derived from alpha-MSH researched for its anti-inflammatory and antimicrobial properties. Each vial contains lyophilized powder."}, "type": "paragraph"}], "version": "2.22.2"}	2026-03-11 10:03:46.42024+00	31	63	Purchase KPV 10mg for research purposes. High purity, lab-tested. Fast shipping.	Buy KPV 10mg | Research Peptides	\N	{}	{}	kpv	510	KPV is a tripeptide derived from alpha-MSH researched for its anti-inflammatory and antimicrobial properties. Each vial contains lyophilized powder.	\N		2026-03-11 10:03:46.326367+00	'10mg':26A 'a':4C 'alpha':9C 'alpha-msh':8C 'and':17C 'anti':15C 'anti-inflammatory':14C 'antimicrobial':18C 'contains':22C 'derived':6C 'each':20C 'for':12C 'from':7C 'inflammatory':16C 'is':3C 'its':13C 'kp10':25A 'kpv':1A,2C 'lyophilized':23C 'msh':10C 'powder':24C 'properties':19C 'researched':11C 'tripeptide':5C 'vial':21C,27A	f	\N	\N
201	VIP (Vasoactive Intestinal Peptide)	{"time": 1773223426493, "blocks": [{"id": "owkvklm9k2", "data": {"text": "VIP (Vasoactive Intestinal Peptide) is a neuropeptide researched for immune modulation, neuroprotection, and respiratory function. Each vial contains lyophilized powder."}, "type": "paragraph"}], "version": "2.22.2"}	2026-03-11 10:03:46.613052+00	31	63	Purchase VIP (Vasoactive Intestinal Peptide) 10mg for research purposes. High purity, lab-tested. Fast shipping.	Buy VIP (Vasoactive Intestinal Peptide) 10mg | Research Peptides	\N	{}	{}	vip-vasoactive-intestinal-peptide	511	VIP (Vasoactive Intestinal Peptide) is a neuropeptide researched for immune modulation, neuroprotection, and respiratory function. Each vial contains lyophilized powder.	\N		2026-03-11 10:03:46.517466+00	'10mg':26A 'a':10C 'and':17C 'contains':22C 'each':20C 'for':13C 'function':19C 'immune':14C 'intestinal':3A,7C 'is':9C 'lyophilized':23C 'modulation':15C 'neuropeptide':11C 'neuroprotection':16C 'peptide':4A,8C 'powder':24C 'researched':12C 'respiratory':18C 'vasoactive':2A,6C 'vial':21C,27A 'vip':1A,5C 'vip10':25A	f	\N	\N
202	KissPeptin-10	{"time": 1773223426681, "blocks": [{"id": "v5h4pwfyfa", "data": {"text": "KissPeptin-10 is a neuropeptide researched for its role in reproductive hormone regulation and GnRH signaling. Each vial contains lyophilized powder."}, "type": "paragraph"}], "version": "2.22.2"}	2026-03-11 10:03:46.807913+00	31	63	Purchase KissPeptin-10 5mg for research purposes. High purity, lab-tested. Fast shipping.	Buy KissPeptin-10 5mg | Research Peptides	\N	{}	{}	kisspeptin-10	512	KissPeptin-10 is a neuropeptide researched for its role in reproductive hormone regulation and GnRH signaling. Each vial contains lyophilized powder.	\N		2026-03-11 10:03:46.703331+00	'-10':2A,4C '10mg':25A '5mg':28A 'a':6C 'and':16C 'contains':21C 'each':19C 'for':9C 'gnrh':17C 'hormone':14C 'in':12C 'is':5C 'its':10C 'kisspeptin':1A,3C 'ks10':24A 'ks5':27A 'lyophilized':22C 'neuropeptide':7C 'powder':23C 'regulation':15C 'reproductive':13C 'researched':8C 'role':11C 'signaling':18C 'vial':20C,26A,29A	f	\N	\N
203	DSIP (Delta Sleep-Inducing Peptide)	{"time": 1773223426877, "blocks": [{"id": "rn0v8myscx", "data": {"text": "DSIP (Delta Sleep-Inducing Peptide) is a neuropeptide researched for sleep regulation, stress response, and circadian rhythm modulation. Each vial contains lyophilized powder."}, "type": "paragraph"}], "version": "2.22.2"}	2026-03-11 10:03:46.994149+00	31	61	Purchase DSIP (Delta Sleep-Inducing Peptide) 2mg for research purposes. High purity, lab-tested. Fast shipping.	Buy DSIP (Delta Sleep-Inducing Peptide) 2mg | Research Peptides	\N	{}	{}	dsip-delta-sleep-inducing-peptide	514	DSIP (Delta Sleep-Inducing Peptide) is a neuropeptide researched for sleep regulation, stress response, and circadian rhythm modulation. Each vial contains lyophilized powder.	\N		2026-03-11 10:03:46.899499+00	'10mg':32A '12mg':35A '2mg':38A '5mg':41A 'a':14C 'and':22C 'circadian':23C 'contains':28C 'delta':2A,8C 'ds10':31A 'ds12':34A 'ds2':37A 'ds5':40A 'dsip':1A,7C 'each':26C 'for':17C 'inducing':5A,11C 'is':13C 'lyophilized':29C 'modulation':25C 'neuropeptide':15C 'peptide':6A,12C 'powder':30C 'regulation':19C 'researched':16C 'response':21C 'rhythm':24C 'sleep':4A,10C,18C 'sleep-inducing':3A,9C 'stress':20C 'vial':27C,33A,36A,39A,42A	f	\N	\N
204	Dihexa	{"time": 1773223427064, "blocks": [{"id": "sg3eop4qc2", "data": {"text": "Dihexa is a synthetic peptide derived from angiotensin IV, researched for its potent nootropic and neurotrophic properties. Pricing to be confirmed."}, "type": "paragraph"}], "version": "2.22.2"}	2026-03-11 10:03:47.178592+00	31	61	Purchase Dihexa N/A for research purposes. High purity, lab-tested. Fast shipping.	Buy Dihexa N/A | Research Peptides	\N	{}	{}	dihexa	518	Dihexa is a synthetic peptide derived from angiotensin IV, researched for its potent nootropic and neurotrophic properties. Pricing to be confirmed.	\N		2026-03-11 10:03:47.086546+00	'a':4C 'and':16C 'angiotensin':9C 'be':21C 'confirmed':22C 'derived':7C 'dhx':23A 'dihexa':1A,2C 'for':12C 'from':8C 'is':3C 'its':13C 'iv':10C 'n/a':24A 'neurotrophic':17C 'nootropic':15C 'peptide':6C 'potent':14C 'pricing':19C 'properties':18C 'researched':11C 'synthetic':5C 'to':20C 'vial':25A	f	\N	\N
205	Oxytocin Acetate	{"time": 1773223427254, "blocks": [{"id": "69f8yeam5g", "data": {"text": "Oxytocin Acetate is a synthetic neuropeptide researched for its roles in social bonding, stress response, and mood regulation. Each vial contains lyophilized powder."}, "type": "paragraph"}], "version": "2.22.2"}	2026-03-11 10:03:47.37089+00	31	63	Purchase Oxytocin Acetate 2mg for research purposes. High purity, lab-tested. Fast shipping.	Buy Oxytocin Acetate 2mg | Research Peptides	\N	{}	{}	oxytocin-acetate	519	Oxytocin Acetate is a synthetic neuropeptide researched for its roles in social bonding, stress response, and mood regulation. Each vial contains lyophilized powder.	\N		2026-03-11 10:03:47.278638+00	'10mg':27A '2mg':30A '5mg':33A 'a':6C 'acetate':2A,4C 'and':18C 'bonding':15C 'contains':23C 'each':21C 'for':10C 'in':13C 'is':5C 'its':11C 'lyophilized':24C 'mood':19C 'neuropeptide':8C 'ot10':26A 'ot2':29A 'ot5':32A 'oxytocin':1A,3C 'powder':25C 'regulation':20C 'researched':9C 'response':17C 'roles':12C 'social':14C 'stress':16C 'synthetic':7C 'vial':22C,28A,31A,34A	f	\N	\N
206	Hexarelin Acetate	{"time": 1773223427438, "blocks": [{"id": "bqjhb3m02r", "data": {"text": "Hexarelin is a synthetic hexapeptide growth hormone secretagogue researched for GH release and cardioprotective properties. Each vial contains lyophilized powder."}, "type": "paragraph"}], "version": "2.22.2"}	2026-03-11 10:03:47.554862+00	31	58	Purchase Hexarelin Acetate 2mg for research purposes. High purity, lab-tested. Fast shipping.	Buy Hexarelin Acetate 2mg | Research Peptides	\N	{}	{}	hexarelin-acetate	522	Hexarelin is a synthetic hexapeptide growth hormone secretagogue researched for GH release and cardioprotective properties. Each vial contains lyophilized powder.	\N		2026-03-11 10:03:47.460648+00	'2mg':24A '5mg':27A 'a':5C 'acetate':2A 'and':15C 'cardioprotective':16C 'contains':20C 'each':18C 'for':12C 'gh':13C 'growth':8C 'hexapeptide':7C 'hexarelin':1A,3C 'hormone':9C 'hx2':23A 'hx5':26A 'is':4C 'lyophilized':21C 'powder':22C 'properties':17C 'release':14C 'researched':11C 'secretagogue':10C 'synthetic':6C 'vial':19C,25A,28A	f	\N	\N
207	Hyaluronic Acid	{"time": 1773223427624, "blocks": [{"id": "gi6q5t5jv0", "data": {"text": "Hyaluronic Acid is a glycosaminoglycan researched for skin hydration, joint lubrication, and tissue repair applications. Pricing to be confirmed."}, "type": "paragraph"}], "version": "2.22.2"}	2026-03-11 10:03:47.751459+00	31	63	Purchase Hyaluronic Acid 5mg for research purposes. High purity, lab-tested. Fast shipping.	Buy Hyaluronic Acid 5mg | Research Peptides	\N	{}	{}	hyaluronic-acid	524	Hyaluronic Acid is a glycosaminoglycan researched for skin hydration, joint lubrication, and tissue repair applications. Pricing to be confirmed.	\N		2026-03-11 10:03:47.646836+00	'5mg':23A 'a':6C 'acid':2A,4C 'and':14C 'applications':17C 'be':20C 'confirmed':21C 'for':9C 'glycosaminoglycan':7C 'ha5':22A 'hyaluronic':1A,3C 'hydration':11C 'is':5C 'joint':12C 'lubrication':13C 'pricing':18C 'repair':16C 'researched':8C 'skin':10C 'tissue':15C 'to':19C 'vial':24A	f	\N	\N
208	Adipotide	{"time": 1773223427832, "blocks": [{"id": "oaz4pvt4ke", "data": {"text": "Adipotide (FTPP) is a peptidomimetic researched for targeted fat cell apoptosis and weight management applications. Each vial contains lyophilized powder."}, "type": "paragraph"}], "version": "2.22.2"}	2026-03-11 10:03:47.952234+00	31	63	Purchase Adipotide 2mg for research purposes. High purity, lab-tested. Fast shipping.	Buy Adipotide 2mg | Research Peptides	\N	{}	{}	adipotide	525	Adipotide (FTPP) is a peptidomimetic researched for targeted fat cell apoptosis and weight management applications. Each vial contains lyophilized powder.	\N		2026-03-11 10:03:47.855425+00	'2mg':23A '5mg':26A 'a':5C 'adipotide':1A,2C 'and':13C 'ap2':22A 'ap5':25A 'apoptosis':12C 'applications':16C 'cell':11C 'contains':19C 'each':17C 'fat':10C 'for':8C 'ftpp':3C 'is':4C 'lyophilized':20C 'management':15C 'peptidomimetic':6C 'powder':21C 'researched':7C 'targeted':9C 'vial':18C,24A,27A 'weight':14C	f	\N	\N
209	PEG-MGF	{"time": 1773223428020, "blocks": [{"id": "xn3f5i94ep", "data": {"text": "PEG-MGF (PEGylated Mechano Growth Factor) is a modified IGF-1 splice variant researched for muscle repair and growth. Each vial contains lyophilized powder."}, "type": "paragraph"}], "version": "2.22.2"}	2026-03-11 10:03:48.140687+00	31	56	Purchase PEG-MGF 2mg for research purposes. High purity, lab-tested. Fast shipping.	Buy PEG-MGF 2mg | Research Peptides	\N	{}	{}	peg-mgf	527	PEG-MGF (PEGylated Mechano Growth Factor) is a modified IGF-1 splice variant researched for muscle repair and growth. Each vial contains lyophilized powder.	\N		2026-03-11 10:03:48.043524+00	'-1':15C '2mg':30A 'a':12C 'and':22C 'contains':26C 'each':24C 'factor':10C 'fmp2':29A 'for':19C 'growth':9C,23C 'igf':14C 'is':11C 'lyophilized':27C 'mechano':8C 'mgf':3A,6C 'modified':13C 'muscle':20C 'peg':2A,5C 'peg-mgf':1A,4C 'pegylated':7C 'powder':28C 'repair':21C 'researched':18C 'splice':16C 'variant':17C 'vial':25C,31A	f	\N	\N
211	IGF-DES	{"time": 1773223428409, "blocks": [{"id": "ytsplkynnk", "data": {"text": "IGF-DES (Des(1-3) IGF-1) is a truncated form of IGF-1 with enhanced potency, researched for localized tissue growth. Each vial contains lyophilized powder."}, "type": "paragraph"}], "version": "2.22.2"}	2026-03-11 10:03:48.524643+00	31	56	Purchase IGF-DES 2mg for research purposes. High purity, lab-tested. Fast shipping.	Buy IGF-DES 2mg | Research Peptides	\N	{}	{}	igf-des	531	IGF-DES (Des(1-3) IGF-1) is a truncated form of IGF-1 with enhanced potency, researched for localized tissue growth. Each vial contains lyophilized powder.	\N		2026-03-11 10:03:48.431094+00	'-1':11C,18C '-3':9C '1':8C '2mg':33A 'a':13C 'contains':29C 'des':3A,6C,7C 'each':27C 'enhanced':20C 'for':23C 'form':15C 'growth':26C 'igd':32A 'igf':2A,5C,10C,17C 'igf-des':1A,4C 'is':12C 'localized':24C 'lyophilized':30C 'of':16C 'potency':21C 'powder':31C 'researched':22C 'tissue':25C 'truncated':14C 'vial':28C,34A 'with':19C	f	\N	\N
212	HGH Fragment 176-191	{"time": 1773223428591, "blocks": [{"id": "wdk6zeatcz", "data": {"text": "HGH Fragment 176-191 is a modified peptide fragment of human growth hormone researched specifically for fat metabolism. Each vial contains lyophilized powder."}, "type": "paragraph"}], "version": "2.22.2"}	2026-03-11 10:03:48.719238+00	31	63	Purchase HGH Fragment 176-191 2mg for research purposes. High purity, lab-tested. Fast shipping.	Buy HGH Fragment 176-191 2mg | Research Peptides	\N	{}	{}	hgh-fragment-176-191	532	HGH Fragment 176-191 is a modified peptide fragment of human growth hormone researched specifically for fat metabolism. Each vial contains lyophilized powder.	\N		2026-03-11 10:03:48.615453+00	'-191':4A,8C '176':3A,7C '2mg':29A '5mg':32A 'a':10C 'contains':25C 'each':23C 'fat':21C 'for':20C 'fr2':28A 'fr5':31A 'fragment':2A,6C,13C 'growth':16C 'hgh':1A,5C 'hormone':17C 'human':15C 'is':9C 'lyophilized':26C 'metabolism':22C 'modified':11C 'of':14C 'peptide':12C 'powder':27C 'researched':18C 'specifically':19C 'vial':24C,30A,33A	f	\N	\N
213	LL-37	{"time": 1773223428787, "blocks": [{"id": "luq2ow2jhj", "data": {"text": "LL-37 is a human cathelicidin antimicrobial peptide researched for immune defense, wound healing, and anti-biofilm activity. Each vial contains lyophilized powder."}, "type": "paragraph"}], "version": "2.22.2"}	2026-03-11 10:03:48.908864+00	31	63	Purchase LL-37 5mg for research purposes. High purity, lab-tested. Fast shipping.	Buy LL-37 5mg | Research Peptides	\N	{}	{}	ll-37	534	LL-37 is a human cathelicidin antimicrobial peptide researched for immune defense, wound healing, and anti-biofilm activity. Each vial contains lyophilized powder.	\N		2026-03-11 10:03:48.810854+00	'-37':2A,4C '5mg':28A 'a':6C 'activity':21C 'and':17C 'anti':19C 'anti-biofilm':18C 'antimicrobial':9C 'biofilm':20C 'cathelicidin':8C 'contains':24C 'defense':14C 'each':22C 'for':12C 'healing':16C 'human':7C 'immune':13C 'is':5C 'll':1A,3C 'll375':27A 'lyophilized':25C 'peptide':10C 'powder':26C 'researched':11C 'vial':23C,29A 'wound':15C	f	\N	\N
219	Gonadorelin	{"time": 1773223429988, "blocks": [{"id": "toemoallqd", "data": {"text": "Gonadorelin is a synthetic GnRH analog researched for stimulating luteinizing hormone and follicle-stimulating hormone release. Each vial contains lyophilized powder."}, "type": "paragraph"}], "version": "2.22.2"}	2026-03-11 10:03:50.111407+00	31	63	Purchase Gonadorelin 2mg for research purposes. High purity, lab-tested. Fast shipping.	Buy Gonadorelin 2mg | Research Peptides	\N	{}	{}	gonadorelin	545	Gonadorelin is a synthetic GnRH analog researched for stimulating luteinizing hormone and follicle-stimulating hormone release. Each vial contains lyophilized powder.	\N		2026-03-11 10:03:50.012372+00	'2mg':25A '5mg':28A 'a':4C 'analog':7C 'and':13C 'contains':21C 'each':19C 'follicle':15C 'follicle-stimulating':14C 'for':9C 'gnd2':24A 'gnd5':27A 'gnrh':6C 'gonadorelin':1A,2C 'hormone':12C,17C 'is':3C 'luteinizing':11C 'lyophilized':22C 'powder':23C 'release':18C 'researched':8C 'stimulating':10C,16C 'synthetic':5C 'vial':20C,26A,29A	f	\N	\N
220	Melatonin	{"time": 1773223430180, "blocks": [{"id": "h3stqt24dp", "data": {"text": "Melatonin is a neurohormone researched for circadian rhythm regulation, sleep quality improvement, and antioxidant properties. Each vial contains lyophilized powder."}, "type": "paragraph"}], "version": "2.22.2"}	2026-03-11 10:03:50.302145+00	31	63	Purchase Melatonin 10mg for research purposes. High purity, lab-tested. Fast shipping.	Buy Melatonin 10mg | Research Peptides	\N	{}	{}	melatonin	547	Melatonin is a neurohormone researched for circadian rhythm regulation, sleep quality improvement, and antioxidant properties. Each vial contains lyophilized powder.	\N		2026-03-11 10:03:50.204887+00	'10mg':23A 'a':4C 'and':14C 'antioxidant':15C 'circadian':8C 'contains':19C 'each':17C 'for':7C 'improvement':13C 'is':3C 'lyophilized':20C 'melatonin':1A,2C 'mt10m':22A 'neurohormone':5C 'powder':21C 'properties':16C 'quality':12C 'regulation':10C 'researched':6C 'rhythm':9C 'sleep':11C 'vial':18C,24A	f	\N	\N
221	5-Amino-1MQ	{"time": 1773223430369, "blocks": [{"id": "lp8o17c8uw", "data": {"text": "5-Amino-1MQ is a small molecule NNMT inhibitor researched for its role in cellular energy metabolism and fat cell regulation. Each vial contains lyophilized powder."}, "type": "paragraph"}], "version": "2.22.2"}	2026-03-11 10:03:50.502542+00	31	63	Purchase 5-Amino-1MQ 5mg for research purposes. High purity, lab-tested. Fast shipping.	Buy 5-Amino-1MQ 5mg | Research Peptides	\N	{}	{}	5-amino-1mq	548	5-Amino-1MQ is a small molecule NNMT inhibitor researched for its role in cellular energy metabolism and fat cell regulation. Each vial contains lyophilized powder.	\N		2026-03-11 10:03:50.39041+00	'10am':32A '10mg':33A '1mq':4A,8C '5':1A,5C '50am':35A '50mg':36A '5am':38A '5mg':39A 'a':10C 'amino':3A,7C 'amino-1mq':2A,6C 'and':23C 'cell':25C 'cellular':20C 'contains':29C 'each':27C 'energy':21C 'fat':24C 'for':16C 'in':19C 'inhibitor':14C 'is':9C 'its':17C 'lyophilized':30C 'metabolism':22C 'molecule':12C 'nnmt':13C 'powder':31C 'regulation':26C 'researched':15C 'role':18C 'small':11C 'vial':28C,34A,37A,40A	f	\N	\N
223	Snap-8	{"time": 1773223430769, "blocks": [{"id": "n6jev9s67n", "data": {"text": "Snap-8 (Acetyl Octapeptide-3) is a peptide researched for reducing the appearance of expression wrinkles by modulating neurotransmitter release. Each vial contains lyophilized powder."}, "type": "paragraph"}], "version": "2.22.2"}	2026-03-11 10:03:50.906627+00	31	63	Purchase Snap-8 10mg for research purposes. High purity, lab-tested. Fast shipping.	Buy Snap-8 10mg | Research Peptides	\N	{}	{}	snap-8	552	Snap-8 (Acetyl Octapeptide-3) is a peptide researched for reducing the appearance of expression wrinkles by modulating neurotransmitter release. Each vial contains lyophilized powder.	\N		2026-03-11 10:03:50.792498+00	'-3':7C '-8':2A,4C '10mg':29A 'a':9C 'acetyl':5C 'appearance':15C 'by':19C 'contains':25C 'each':23C 'expression':17C 'for':12C 'is':8C 'lyophilized':26C 'modulating':20C 'neurotransmitter':21C 'np810':28A 'octapeptide':6C 'of':16C 'peptide':10C 'powder':27C 'reducing':13C 'release':22C 'researched':11C 'snap':1A,3C 'the':14C 'vial':24C,30A 'wrinkles':18C	f	\N	\N
224	Ara-290	{"time": 1773223430975, "blocks": [{"id": "yzhrdhf4i6", "data": {"text": "Ara-290 (Cibinetide) is a synthetic peptide researched for neuroprotection, tissue repair, and anti-inflammatory applications. Each vial contains lyophilized powder."}, "type": "paragraph"}], "version": "2.22.2"}	2026-03-11 10:03:51.099209+00	31	63	Purchase Ara-290 10mg for research purposes. High purity, lab-tested. Fast shipping.	Buy Ara-290 10mg | Research Peptides	\N	{}	{}	ara-290	553	Ara-290 (Cibinetide) is a synthetic peptide researched for neuroprotection, tissue repair, and anti-inflammatory applications. Each vial contains lyophilized powder.	\N		2026-03-11 10:03:50.998141+00	'-290':2A,4C '10mg':26A 'a':7C 'and':15C 'anti':17C 'anti-inflammatory':16C 'applications':19C 'ara':1A,3C 'cibinetide':5C 'contains':22C 'each':20C 'for':11C 'inflammatory':18C 'is':6C 'lyophilized':23C 'neuroprotection':12C 'peptide':9C 'powder':24C 'ra10':25A 'repair':14C 'researched':10C 'synthetic':8C 'tissue':13C 'vial':21C,27A	f	\N	\N
226	Follistatin	{"time": 1773223431364, "blocks": [{"id": "fhxpd3ub9u", "data": {"text": "Follistatin is a glycoprotein researched for its role in inhibiting myostatin and promoting muscle growth. Each vial contains lyophilized powder. Pricing to be confirmed."}, "type": "paragraph"}], "version": "2.22.2"}	2026-03-11 10:03:51.494389+00	31	56	Purchase Follistatin 1mg for research purposes. High purity, lab-tested. Fast shipping.	Buy Follistatin 1mg | Research Peptides	\N	{}	{}	follistatin	555	Follistatin is a glycoprotein researched for its role in inhibiting myostatin and promoting muscle growth. Each vial contains lyophilized powder. Pricing to be confirmed.	\N		2026-03-11 10:03:51.388484+00	'1mg':27A 'a':4C 'and':13C 'be':24C 'confirmed':25C 'contains':19C 'each':17C 'fn1':26A 'follistatin':1A,2C 'for':7C 'glycoprotein':5C 'growth':16C 'in':10C 'inhibiting':11C 'is':3C 'its':8C 'lyophilized':20C 'muscle':15C 'myostatin':12C 'powder':21C 'pricing':22C 'promoting':14C 'researched':6C 'role':9C 'to':23C 'vial':18C,28A	f	\N	\N
227	MGF (Mechano Growth Factor)	{"time": 1773223431564, "blocks": [{"id": "om9nk1o2ax", "data": {"text": "MGF (Mechano Growth Factor) is a splice variant of IGF-1 researched for muscle repair and hypertrophy signaling. Each vial contains lyophilized powder."}, "type": "paragraph"}], "version": "2.22.2"}	2026-03-11 10:03:51.681245+00	31	56	Purchase MGF (Mechano Growth Factor) 2mg for research purposes. High purity, lab-tested. Fast shipping.	Buy MGF (Mechano Growth Factor) 2mg | Research Peptides	\N	{}	{}	mgf-mechano-growth-factor	556	MGF (Mechano Growth Factor) is a splice variant of IGF-1 researched for muscle repair and hypertrophy signaling. Each vial contains lyophilized powder.	\N		2026-03-11 10:03:51.585861+00	'-1':15C '2mg':29A 'a':10C 'and':20C 'contains':25C 'each':23C 'factor':4A,8C 'fm2':28A 'for':17C 'growth':3A,7C 'hypertrophy':21C 'igf':14C 'is':9C 'lyophilized':26C 'mechano':2A,6C 'mgf':1A,5C 'muscle':18C 'of':13C 'powder':27C 'repair':19C 'researched':16C 'signaling':22C 'splice':11C 'variant':12C 'vial':24C,30A	f	\N	\N
228	ACE-031	{"time": 1773223431753, "blocks": [{"id": "jjtqdsebld", "data": {"text": "ACE-031 is a soluble form of activin receptor type IIB researched for increasing muscle mass by blocking myostatin. Each vial contains lyophilized powder."}, "type": "paragraph"}], "version": "2.22.2"}	2026-03-11 10:03:51.887173+00	31	63	Purchase ACE-031 1mg for research purposes. High purity, lab-tested. Fast shipping.	Buy ACE-031 1mg | Research Peptides	\N	{}	{}	ace-031	557	ACE-031 is a soluble form of activin receptor type IIB researched for increasing muscle mass by blocking myostatin. Each vial contains lyophilized powder.	\N		2026-03-11 10:03:51.778341+00	'-031':2A,4C '1mg':28A 'a':6C 'ace':1A,3C 'activin':10C 'ae1':27A 'blocking':20C 'by':19C 'contains':24C 'each':22C 'for':15C 'form':8C 'iib':13C 'increasing':16C 'is':5C 'lyophilized':25C 'mass':18C 'muscle':17C 'myostatin':21C 'of':9C 'powder':26C 'receptor':11C 'researched':14C 'soluble':7C 'type':12C 'vial':23C,29A	f	\N	\N
229	AICAR	{"time": 1773223431963, "blocks": [{"id": "qs8q7ah9c3", "data": {"text": "AICAR (Acadesine) is an AMP-activated protein kinase activator researched for exercise mimetic effects and metabolic regulation. Each vial contains lyophilized powder."}, "type": "paragraph"}], "version": "2.22.2"}	2026-03-11 10:03:52.089787+00	31	63	Purchase AICAR 50mg for research purposes. High purity, lab-tested. Fast shipping.	Buy AICAR 50mg | Research Peptides	\N	{}	{}	aicar	558	AICAR (Acadesine) is an AMP-activated protein kinase activator researched for exercise mimetic effects and metabolic regulation. Each vial contains lyophilized powder.	\N		2026-03-11 10:03:51.988402+00	'50mg':26A 'acadesine':3C 'activated':8C 'activator':11C 'aicar':1A,2C 'amp':7C 'amp-activated':6C 'an':5C 'and':17C 'ar50':25A 'contains':22C 'each':20C 'effects':16C 'exercise':14C 'for':13C 'is':4C 'kinase':10C 'lyophilized':23C 'metabolic':18C 'mimetic':15C 'powder':24C 'protein':9C 'regulation':19C 'researched':12C 'vial':21C,27A	f	\N	\N
235	Pinealon	{"time": 1773223433173, "blocks": [{"id": "gybn28fhfz", "data": {"text": "Pinealon is a tripeptide bioregulator researched for its effects on brain function, sleep regulation, and neuroprotection. Each vial contains lyophilized powder."}, "type": "paragraph"}], "version": "2.22.2"}	2026-03-11 10:03:53.308785+00	31	61	Purchase Pinealon 10mg for research purposes. High purity, lab-tested. Fast shipping.	Buy Pinealon 10mg | Research Peptides	\N	{}	{}	pinealon	566	Pinealon is a tripeptide bioregulator researched for its effects on brain function, sleep regulation, and neuroprotection. Each vial contains lyophilized powder.	\N		2026-03-11 10:03:53.199725+00	'10mg':24A 'a':4C 'and':16C 'bioregulator':6C 'brain':12C 'contains':20C 'each':18C 'effects':10C 'for':8C 'function':13C 'is':3C 'its':9C 'lyophilized':21C 'neuroprotection':17C 'on':11C 'pi10':23A 'pinealon':1A,2C 'powder':22C 'regulation':15C 'researched':7C 'sleep':14C 'tripeptide':5C 'vial':19C,25A	f	\N	\N
236	PNC-27	{"time": 1773223433393, "blocks": [{"id": "tccan4en51", "data": {"text": "PNC-27 is a synthetic anticancer peptide researched for selective membrane lysis of cancer cells via HDM-2 binding. Each vial contains lyophilized powder."}, "type": "paragraph"}], "version": "2.22.2"}	2026-03-11 10:03:53.521603+00	31	63	Purchase PNC-27 10mg for research purposes. High purity, lab-tested. Fast shipping.	Buy PNC-27 10mg | Research Peptides	\N	{}	{}	pnc-27	567	PNC-27 is a synthetic anticancer peptide researched for selective membrane lysis of cancer cells via HDM-2 binding. Each vial contains lyophilized powder.	\N		2026-03-11 10:03:53.419334+00	'-2':20C '-27':2A,4C '10mg':28A 'a':6C 'anticancer':8C 'binding':21C 'cancer':16C 'cells':17C 'contains':24C 'each':22C 'for':11C 'hdm':19C 'is':5C 'lyophilized':25C 'lysis':14C 'membrane':13C 'of':15C 'peptide':9C 'pnc':1A,3C 'pnc10':27A 'powder':26C 'researched':10C 'selective':12C 'synthetic':7C 'via':18C 'vial':23C,29A	f	\N	\N
218	Glutathione	{"time": 1773223429778, "blocks": [{"id": "dhh5j1sbaw", "data": {"text": "Glutathione is a tripeptide antioxidant researched for detoxification, immune support, and skin brightening applications. Each vial contains lyophilized powder."}, "type": "paragraph"}], "version": "2.22.2"}	2026-03-11 10:03:49.915114+00	34	60	Purchase Glutathione 500mg for research purposes. High purity, lab-tested. Fast shipping.	Buy Glutathione 500mg | Research Peptides	\N	{}	{}	glutathione	543	Glutathione is a tripeptide antioxidant researched for detoxification, immune support, and skin brightening applications. Each vial contains lyophilized powder.	\N		2026-03-11 10:03:49.804448+00	'1500mg':22A '500mg':25A 'a':4C 'and':12C 'antioxidant':6C 'applications':15C 'brightening':14C 'contains':18C 'detoxification':9C 'each':16C 'for':8C 'glutathione':1A,2C 'gt1500':21A 'gt500':24A 'immune':10C 'is':3C 'lyophilized':19C 'powder':20C 'researched':7C 'skin':13C 'support':11C 'tripeptide':5C 'vial':17C,23A,26A	f	\N	\N
232	Lemon Bottle	{"time": 1773223432599, "blocks": [{"id": "3zn9p2bar7", "data": {"text": "Lemon Bottle is a lipolytic solution containing pineapple extract, bromelain, riboflavin, and botanical extracts for fat dissolution research. Each vial contains ready-to-use solution."}, "type": "paragraph"}], "version": "2.22.2"}	2026-03-11 10:03:52.721347+00	34	60	Purchase Lemon Bottle 103.5mg/10ml for research purposes. High purity, lab-tested. Fast shipping.	Buy Lemon Bottle 103.5mg/10ml | Research Peptides	\N	{}	{}	lemon-bottle	561	Lemon Bottle is a lipolytic solution containing pineapple extract, bromelain, riboflavin, and botanical extracts for fat dissolution research. Each vial contains ready-to-use solution.	\N		2026-03-11 10:03:52.620859+00	'103.5':30A 'a':6C 'and':14C 'botanical':15C 'bottle':2A,4C 'bromelain':12C 'containing':9C 'contains':23C 'dissolution':19C 'each':21C 'extract':11C 'extracts':16C 'fat':18C 'for':17C 'is':5C 'lemon':1A,3C,29A 'lipolytic':7C 'mg/10ml':31A 'pineapple':10C 'ready':25C 'ready-to-use':24C 'research':20C 'riboflavin':13C 'solution':8C,28C 'to':26C 'use':27C 'vial':22C	f	\N	\N
165	Semaglutide	{"time": 1773227433966, "blocks": [{"id": "b0ghe4btsq", "data": {"text": "Semaglutide is a synthetic analog of the human glucagon-like peptide-1 (GLP-1), engineered with structural modifications to extend its half-life and increase receptor binding affinity. It is a 31-amino-acid peptide with a C-18 fatty diacid chain attached via a linker to lysine at position 26."}, "type": "paragraph"}, {"id": "o5nqg3zq5b", "data": {"text": "Semaglutide is actively researched for its high-affinity binding to the GLP-1 receptor, stimulating insulin secretion in a glucose-dependent manner while suppressing glucagon release. Studies have investigated its effects on gastric emptying kinetics, central appetite regulation via hypothalamic pathways, and pancreatic beta-cell preservation in metabolic research models."}, "type": "paragraph"}, {"id": "uvet692qbq", "data": {"text": "InfinityBio Labs provides semaglutide verified at ≥97% purity via HPLC analysis. Each vial is independently tested by accredited third-party laboratories with Certificates of Analysis documenting identity (mass spectrometry), purity (HPLC), and endotoxin levels. Supplied as a white to off-white lyophilized powder in sealed sterile vials."}, "type": "paragraph"}], "version": "2.22.2"}	2026-03-11 11:10:34.228425+00	31	55	Buy Semaglutide ≥97% purity. GLP-1 receptor agonist for metabolic research. Lab-tested, COA included. Fast shipping.	Semaglutide 2mg-30mg | InfinityBio Labs	\N	{"ref_1": "Wilding J.P.H. et al. (2021). \\"Once-Weekly Semaglutide in Adults with Overweight or Obesity.\\" New England Journal of Medicine, 384(11), 989-1002. PMID: 33567185", "ref_2": "Knudsen L.B. et al. (2019). \\"The Discovery and Development of Liraglutide and Semaglutide.\\" Frontiers in Endocrinology, 10, 155. PMID: 31031702", "ref_3": "Marso S.P. et al. (2016). \\"Semaglutide and Cardiovascular Outcomes in Patients with Type 2 Diabetes.\\" New England Journal of Medicine, 375(19), 1834-1844. PMID: 27633186", "faq_1_a": "Semaglutide is a synthetic GLP-1 (glucagon-like peptide-1) receptor agonist. It is a 31-amino acid peptide analog modified with a C-18 fatty diacid chain to extend its pharmacokinetic half-life. It is widely used in metabolic research and clinical studies.", "faq_1_q": "What is Semaglutide?", "faq_2_a": "Store lyophilized semaglutide at -20°C protected from light. After reconstitution, store at 2-8°C and use within 30 days. Do not freeze reconstituted solution. Keep vials sealed until use to prevent moisture exposure.", "faq_2_q": "How should Semaglutide be stored?", "faq_3_a": "Our semaglutide is verified at ≥97% purity via HPLC analysis. Each batch undergoes third-party testing including mass spectrometry for identity confirmation and endotoxin testing. Certificates of Analysis are provided with every order.", "faq_3_q": "What purity is your Semaglutide?", "faq_4_a": "Semaglutide is supplied as a white to off-white lyophilized powder in sealed sterile glass vials. Available in multiple quantities from 2mg to 30mg. Reconstitute with sterile water or bacteriostatic water for research use.", "faq_4_q": "How is Semaglutide supplied?", "faq_5_a": "Semaglutide research focuses on its high-affinity binding to the GLP-1 receptor, which has been studied for glucose-dependent insulin secretion, glucagon suppression, delayed gastric emptying, and central appetite regulation through hypothalamic signaling pathways.", "faq_5_q": "What is the mechanism of action studied in Semaglutide research?"}	{}	semaglutide	402	Semaglutide is a synthetic analog of the human glucagon-like peptide-1 (GLP-1), engineered with structural modifications to extend its half-life and increase receptor binding affinity. It is a 31-amino-acid peptide with a C-18 fatty diacid chain attached via a linker to lysine at position 26. Semaglutide is actively researched for its high-affinity binding to the GLP-1 receptor, stimulating insulin secretion in a glucose-dependent manner while suppressing glucagon release. Studies have investigated its effects on gastric emptying kinetics, central appetite regulation via hypothalamic pathways, and pancreatic beta-cell preservation in metabolic research models. InfinityBio Labs provides semaglutide verified at ≥97% purity via HPLC analysis. Each vial is independently tested by accredited third-party laboratories with Certificates of Analysis documenting identity (mass spectrometry), purity (HPLC), and endotoxin levels. Supplied as a white to off-white lyophilized powder in sealed sterile vials.	\N		2026-03-11 10:03:39.414185+00	'-1':14C,16C,69C,192B '-18':43C '-2':179B '-20':162B '-68':178B '-8':169B '10mg':196A '15mg':199A '2':168B '20mg':205A '26':55C '2mg':202A '30':173B '30mg':208A '31':35C '4113.58':175B '5mg':211A '7.4':190B '910463':177B '97':115C,158B 'a':4C,34C,41C,49C,75C,146C 'accredited':126C 'acid':38C 'actively':58C 'affinity':31C,64C 'agonist':194B 'amino':37C 'amino-acid':36C 'analog':6C 'analysis':119C,134C 'and':27C,99C,141C 'appetite':94C 'as':145C 'at':53C,114C 'attached':47C 'bacteriostatic':185B 'beta':102C 'beta-cell':101C 'binding':30C,65C 'by':125C 'c':42C,163B,170B 'cell':103C 'central':93C 'certificates':132C 'chain':46C 'da':176B 'days':174B 'dependent':78C 'diacid':45C 'documenting':135C 'each':120C 'effects':88C 'emptying':91C 'endotoxin':142C 'engineered':17C 'extend':22C 'fatty':44C 'for':60C 'from':165B 'gastric':90C 'glp':15C,68C,191B 'glucagon':11C,82C 'glucagon-like':10C 'glucose':77C 'glucose-dependent':76C 'half':25C 'half-life':24C 'have':85C 'high':63C 'high-affinity':62C 'hplc':118C,140C,159B 'human':9C 'hypothalamic':97C 'identity':136C 'in':74C,105C,154C,182B 'increase':28C 'independently':123C 'infinitybio':109C 'insulin':72C 'investigated':86C 'is':3C,33C,57C,122C 'it':32C 'its':23C,61C,87C 'kinetics':92C 'laboratories':130C 'labs':110C 'levels':143C 'life':26C 'light':166B 'like':12C 'linker':50C 'lyophilized':152C,160B 'lysine':52C 'manner':79C 'mass':137C 'metabolic':106C 'models':108C 'modifications':20C 'of':7C,133C 'off':150C 'off-white':149C 'on':89C 'or':187B 'pancreatic':100C 'party':129C 'pathways':98C 'pbs':188B 'peptide':13C,39C 'ph':189B 'position':54C 'powder':153C,161B 'preservation':104C 'protect':164B 'provides':111C 'purity':116C,139C 'receptor':29C,70C,193B 'reconstituted':167B 'regulation':95C 'release':83C 'research':107C 'researched':59C 'sealed':155C 'secretion':73C 'semaglutide':1A,2C,56C,112C 'sm10':195A 'sm15':198A 'sm2':201A 'sm20':204A 'sm30':207A 'sm5':210A 'soluble':181B 'spectrometry':138C 'sterile':156C,183B 'stimulating':71C 'structural':19C 'studies':84C 'supplied':144C 'suppressing':81C 'synthetic':5C,180B 'tested':124C 'the':8C,67C 'third':128C 'third-party':127C 'to':21C,51C,66C,148C 'use':171B 'verified':113C 'via':48C,96C,117C 'vial':121C,197A,200A,203A,206A,209A,212A 'vials':157C 'water':184B,186B 'while':80C 'white':147C,151C 'with':18C,40C,131C 'within':172B	f	\N	\N
233	Bacteriostatic Water	{"time": 1773227434271, "blocks": [{"id": "advlpvythu", "data": {"text": "Bacteriostatic Water (BW) is sterile water containing 0.9% benzyl alcohol as a bacteriostatic preservative. It is classified as a multi-use diluent designed for reconstitution of lyophilized compounds in research applications. Each vial meets USP standards for sterility and endotoxin limits."}, "type": "paragraph"}, {"id": "oscmq3gyuy", "data": {"text": "Bacteriostatic water is used in research settings as the standard reconstitution vehicle for lyophilized peptides, proteins, and other compounds. The 0.9% benzyl alcohol preservative inhibits microbial growth, allowing the reconstituted solution to be used over multiple sessions — unlike sterile water for injection, which must be discarded after a single use."}, "type": "paragraph"}, {"id": "xsrs75agb7", "data": {"text": "InfinityBio Labs supplies bacteriostatic water manufactured under cGMP conditions and tested for sterility, endotoxin levels, and benzyl alcohol concentration. Each vial is sealed with a flip-off cap and rubber stopper suitable for multi-puncture withdrawal. Available in 10ml and 30ml vials."}, "type": "paragraph"}], "version": "2.22.2"}	2026-03-11 11:10:34.47872+00	36	64	Buy bacteriostatic water for peptide reconstitution. USP-grade, 0.9% benzyl alcohol. Sterile, multi-use vials. Fast shipping.	Bacteriostatic Water | InfinityBio Labs	\N	{"faq_1_a": "Bacteriostatic water is sterile water containing 0.9% benzyl alcohol as a preservative. The benzyl alcohol inhibits microbial growth, making it a multi-use diluent suitable for reconstituting lyophilized peptides and compounds in research settings.", "faq_1_q": "What is Bacteriostatic Water?", "faq_2_a": "Bacteriostatic water contains 0.9% benzyl alcohol, which prevents bacterial growth and allows multi-use over up to 28 days. Sterile water for injection contains no preservative and must be discarded after a single use.", "faq_2_q": "How is Bacteriostatic Water different from Sterile Water?", "faq_3_a": "Store bacteriostatic water at room temperature (15-25°C) protected from direct light. Once the vial stopper has been punctured, use within 28 days. Do not freeze. Inspect for particulates or discoloration before each use.", "faq_3_q": "How should Bacteriostatic Water be stored?"}	{}	bacteriostatic-water	562	Bacteriostatic Water (BW) is sterile water containing 0.9% benzyl alcohol as a bacteriostatic preservative. It is classified as a multi-use diluent designed for reconstitution of lyophilized compounds in research applications. Each vial meets USP standards for sterility and endotoxin limits. Bacteriostatic water is used in research settings as the standard reconstitution vehicle for lyophilized peptides, proteins, and other compounds. The 0.9% benzyl alcohol preservative inhibits microbial growth, allowing the reconstituted solution to be used over multiple sessions — unlike sterile water for injection, which must be discarded after a single use. InfinityBio Labs supplies bacteriostatic water manufactured under cGMP conditions and tested for sterility, endotoxin levels, and benzyl alcohol concentration. Each vial is sealed with a flip-off cap and rubber stopper suitable for multi-puncture withdrawal. Available in 10ml and 30ml vials.	\N		2026-03-11 10:03:52.810574+00	'-25':143B '0.9':10C,65C '10ml':135C,163A '15':142B '28':149B '30ml':137C '3ml':165A 'a':14C,21C,92C,119C 'after':91C,151B 'alcohol':12C,67C,112C 'allowing':72C 'and':42C,61C,104C,110C,124C,136C 'applications':34C 'aqueous':158B 'as':13C,20C,52C 'available':133C 'bac10':162A 'bac3':164A 'bacteriostatic':1A,3C,15C,45C,98C 'be':77C,89C 'benzyl':11C,66C,111C 'bw':5C 'c':144B 'cap':123C 'cgmp':102C 'classified':19C 'compounds':31C,63C 'concentration':113C 'conditions':103C 'containing':9C 'days':150B 'designed':26C 'diluent':25C 'discard':148B 'discarded':90C 'each':35C,114C 'endotoxin':43C,108C 'first':152B 'flip':121C 'flip-off':120C 'for':27C,40C,57C,85C,106C,128C 'from':146B 'growth':71C 'in':32C,49C,134C 'infinitybio':95C 'inhibits':69C 'injection':86C 'is':6C,18C,47C,116C 'it':17C 'labs':96C 'levels':109C 'light':147B 'limits':44C 'liquid':139B 'lyophilized':30C,58C 'manufactured':100C 'meets':37C 'microbial':70C 'miscible':155B 'multi':23C,130C 'multi-puncture':129C 'multi-use':22C 'multiple':80C 'must':88C 'natural':154B 'of':29C 'off':122C 'other':62C 'over':79C 'peptides':59C 'preservative':16C,68C 'protect':145B 'proteins':60C 'puncture':131C,153B 'reconstituted':74C 'reconstitution':28C,55C 'research':33C,50C,160B 'room':140B 'rubber':125C 'sealed':117C 'sessions':81C 'settings':51C 'single':93C 'solution':75C 'solutions':159B 'standard':54C 'standards':39C 'sterile':7C,83C 'sterility':41C,107C 'stopper':126C 'suitable':127C 'supplies':97C 'supply':161B 'temperature':141B 'tested':105C 'the':53C,64C,73C 'to':76C 'under':101C 'unlike':82C 'use':24C,94C 'used':48C,78C 'usp':38C 'vehicle':56C 'vial':36C,115C 'vials':138C 'water':2A,4C,8C,46C,84C,99C,157B 'which':87C 'with':118C,156B 'withdrawal':132C	f	\N	\N
\.


--
-- Data for Name: product_productchannellisting; Type: TABLE DATA; Schema: public; Owner: saleor
--

COPY public.product_productchannellisting (id, published_at, is_published, channel_id, product_id, discounted_price_amount, currency, visible_in_listings, available_for_purchase_at, discounted_price_dirty) FROM stdin;
146	2026-03-11 10:03:39.457+00	t	1	165	93.000	USD	t	2026-03-11 10:03:39.458212+00	f
147	2026-03-11 10:03:39.660914+00	t	1	166	102.000	USD	t	2026-03-11 10:03:39.662035+00	f
148	2026-03-11 10:03:39.864364+00	t	1	167	201.000	USD	t	2026-03-11 10:03:39.865517+00	f
149	2026-03-11 10:03:40.072513+00	t	1	168	162.000	USD	t	2026-03-11 10:03:40.073888+00	f
150	2026-03-11 10:03:40.264601+00	t	1	169	138.000	USD	t	2026-03-11 10:03:40.265847+00	f
151	2026-03-11 10:03:40.481479+00	t	1	170	138.000	USD	t	2026-03-11 10:03:40.483027+00	f
152	2026-03-11 10:03:40.691677+00	t	1	171	171.000	USD	t	2026-03-11 10:03:40.692971+00	f
153	2026-03-11 10:03:40.888055+00	t	1	172	171.000	USD	t	2026-03-11 10:03:40.889588+00	f
154	2026-03-11 10:03:41.091569+00	t	1	173	231.000	USD	t	2026-03-11 10:03:41.092791+00	f
155	2026-03-11 10:03:41.295424+00	t	1	174	138.000	USD	t	2026-03-11 10:03:41.296615+00	f
156	2026-03-11 10:03:41.479244+00	t	1	175	309.000	USD	t	2026-03-11 10:03:41.480413+00	f
157	2026-03-11 10:03:41.664786+00	t	1	176	216.000	USD	t	2026-03-11 10:03:41.665846+00	f
158	2026-03-11 10:03:41.868579+00	t	1	177	156.000	USD	t	2026-03-11 10:03:41.869912+00	f
159	2026-03-11 10:03:42.091851+00	t	1	178	117.000	USD	t	2026-03-11 10:03:42.093078+00	f
160	2026-03-11 10:03:42.284696+00	t	1	179	138.000	USD	t	2026-03-11 10:03:42.285819+00	f
161	2026-03-11 10:03:42.471216+00	t	1	180	138.000	USD	t	2026-03-11 10:03:42.47246+00	f
162	2026-03-11 10:03:42.662054+00	t	1	181	138.000	USD	t	2026-03-11 10:03:42.663168+00	f
163	2026-03-11 10:03:42.839256+00	t	1	182	138.000	USD	t	2026-03-11 10:03:42.840683+00	f
164	2026-03-11 10:03:43.040295+00	t	1	183	93.000	USD	t	2026-03-11 10:03:43.041487+00	f
165	2026-03-11 10:03:43.233263+00	t	1	184	93.000	USD	t	2026-03-11 10:03:43.23441+00	f
166	2026-03-11 10:03:43.412268+00	t	1	185	192.000	USD	t	2026-03-11 10:03:43.413345+00	f
167	2026-03-11 10:03:43.603206+00	t	1	186	138.000	USD	t	2026-03-11 10:03:43.604406+00	f
168	2026-03-11 10:03:43.803564+00	t	1	187	138.000	USD	t	2026-03-11 10:03:43.804859+00	f
169	2026-03-11 10:03:44.017339+00	t	1	188	156.000	USD	t	2026-03-11 10:03:44.018454+00	f
170	2026-03-11 10:03:44.20739+00	t	1	189	117.000	USD	t	2026-03-11 10:03:44.208503+00	f
171	2026-03-11 10:03:44.402405+00	t	1	190	93.000	USD	t	2026-03-11 10:03:44.403519+00	f
172	2026-03-11 10:03:44.594234+00	t	1	191	177.000	USD	t	2026-03-11 10:03:44.595555+00	f
173	2026-03-11 10:03:44.782133+00	t	1	192	84.000	USD	t	2026-03-11 10:03:44.783205+00	f
174	2026-03-11 10:03:44.98373+00	t	1	193	309.000	USD	t	2026-03-11 10:03:44.985001+00	f
175	2026-03-11 10:03:45.182224+00	t	1	194	279.000	USD	t	2026-03-11 10:03:45.183372+00	f
176	2026-03-11 10:03:45.374056+00	t	1	195	309.000	USD	t	2026-03-11 10:03:45.375204+00	f
177	2026-03-11 10:03:45.581554+00	t	1	196	138.000	USD	t	2026-03-11 10:03:45.582981+00	f
178	2026-03-11 10:03:45.775851+00	t	1	197	117.000	USD	t	2026-03-11 10:03:45.777007+00	f
179	2026-03-11 10:03:45.972852+00	t	1	198	480.000	USD	t	2026-03-11 10:03:45.973953+00	f
180	2026-03-11 10:03:46.177536+00	t	1	199	657.000	USD	t	2026-03-11 10:03:46.178691+00	f
181	2026-03-11 10:03:46.36257+00	t	1	200	177.000	USD	t	2026-03-11 10:03:46.363675+00	f
182	2026-03-11 10:03:46.556698+00	t	1	201	525.000	USD	t	2026-03-11 10:03:46.557957+00	f
183	2026-03-11 10:03:46.741411+00	t	1	202	138.000	USD	t	2026-03-11 10:03:46.74255+00	f
184	2026-03-11 10:03:46.937404+00	t	1	203	69.000	USD	t	2026-03-11 10:03:46.938515+00	f
185	\N	f	1	204	0.000	USD	t	2026-03-11 10:03:47.123743+00	f
186	2026-03-11 10:03:47.315118+00	t	1	205	78.000	USD	t	2026-03-11 10:03:47.316227+00	f
187	2026-03-11 10:03:47.498263+00	t	1	206	117.000	USD	t	2026-03-11 10:03:47.499368+00	f
188	\N	f	1	207	0.000	USD	t	2026-03-11 10:03:47.687054+00	f
189	2026-03-11 10:03:47.895454+00	t	1	208	231.000	USD	t	2026-03-11 10:03:47.896594+00	f
190	2026-03-11 10:03:48.084001+00	t	1	209	231.000	USD	t	2026-03-11 10:03:48.085114+00	f
191	2026-03-11 10:03:48.267476+00	t	1	210	156.000	USD	t	2026-03-11 10:03:48.268555+00	f
192	2026-03-11 10:03:48.468973+00	t	1	211	156.000	USD	t	2026-03-11 10:03:48.470172+00	f
193	2026-03-11 10:03:48.663229+00	t	1	212	138.000	USD	t	2026-03-11 10:03:48.664345+00	f
194	2026-03-11 10:03:48.848944+00	t	1	213	270.000	USD	t	2026-03-11 10:03:48.850166+00	f
195	2026-03-11 10:03:49.039711+00	t	1	214	138.000	USD	t	2026-03-11 10:03:49.040795+00	f
196	2026-03-11 10:03:49.221108+00	t	1	215	138.000	USD	t	2026-03-11 10:03:49.222209+00	f
197	2026-03-11 10:03:49.422308+00	t	1	216	255.000	USD	t	2026-03-11 10:03:49.423396+00	f
198	2026-03-11 10:03:49.620707+00	t	1	217	465.000	USD	t	2026-03-11 10:03:49.621842+00	f
199	2026-03-11 10:03:49.847854+00	t	1	218	138.000	USD	t	2026-03-11 10:03:49.848976+00	f
200	2026-03-11 10:03:50.052996+00	t	1	219	84.000	USD	t	2026-03-11 10:03:50.054125+00	f
201	2026-03-11 10:03:50.246939+00	t	1	220	156.000	USD	t	2026-03-11 10:03:50.248165+00	f
202	2026-03-11 10:03:50.437258+00	t	1	221	156.000	USD	t	2026-03-11 10:03:50.438623+00	f
203	2026-03-11 10:03:50.642993+00	t	1	222	177.000	USD	t	2026-03-11 10:03:50.644342+00	f
204	2026-03-11 10:03:50.847188+00	t	1	223	138.000	USD	t	2026-03-11 10:03:50.848555+00	f
205	2026-03-11 10:03:51.038242+00	t	1	224	192.000	USD	t	2026-03-11 10:03:51.03942+00	f
206	2026-03-11 10:03:51.236481+00	t	1	225	426.000	USD	t	2026-03-11 10:03:51.237916+00	f
207	\N	f	1	226	0.000	USD	t	2026-03-11 10:03:51.441496+00	f
208	2026-03-11 10:03:51.621408+00	t	1	227	108.000	USD	t	2026-03-11 10:03:51.622511+00	f
209	2026-03-11 10:03:51.823088+00	t	1	228	852.000	USD	t	2026-03-11 10:03:51.824504+00	f
210	2026-03-11 10:03:52.02999+00	t	1	229	186.000	USD	t	2026-03-11 10:03:52.031132+00	f
211	2026-03-11 10:03:52.231635+00	t	1	230	123.000	USD	t	2026-03-11 10:03:52.232819+00	f
212	2026-03-11 10:03:52.463027+00	t	1	231	465.000	USD	t	2026-03-11 10:03:52.464209+00	f
213	2026-03-11 10:03:52.668658+00	t	1	232	138.000	USD	t	2026-03-11 10:03:52.669734+00	f
214	2026-03-11 10:03:52.852004+00	t	1	233	30.000	USD	t	2026-03-11 10:03:52.853111+00	f
215	2026-03-11 10:03:53.044515+00	t	1	234	30.000	USD	t	2026-03-11 10:03:53.045934+00	f
216	2026-03-11 10:03:53.241832+00	t	1	235	324.000	USD	t	2026-03-11 10:03:53.243251+00	f
217	2026-03-11 10:03:53.463105+00	t	1	236	231.000	USD	t	2026-03-11 10:03:53.46452+00	f
218	2026-03-11 10:04:58.446027+00	t	1	237	294.000	USD	t	2026-03-11 10:04:58.45305+00	f
\.


--
-- Data for Name: product_productmedia; Type: TABLE DATA; Schema: public; Owner: saleor
--

COPY public.product_productmedia (id, sort_order, image, alt, type, external_url, oembed_data, product_id, to_remove, metadata, private_metadata) FROM stdin;
49	0	products/glp-1_7d275ac6.png	Product image	IMAGE	\N	{}	221	f	{}	{}
50	0	products/glp-1_d4e9d29a.png	Product image	IMAGE	\N	{}	228	f	{}	{}
51	0	products/glp-1_cc152d4d.png	Product image	IMAGE	\N	{}	234	f	{}	{}
52	0	products/glp-1_6229a00d.png	Product image	IMAGE	\N	{}	208	f	{}	{}
53	0	products/glp-1_25cb1ebf.png	Product image	IMAGE	\N	{}	229	f	{}	{}
54	0	products/glp-1_c8714896.png	Product image	IMAGE	\N	{}	177	f	{}	{}
55	0	products/glp-1_5f468e2f.png	Product image	IMAGE	\N	{}	237	f	{}	{}
56	0	products/glp-1_8cb8071e.png	Product image	IMAGE	\N	{}	224	f	{}	{}
57	0	products/glp-1_abe9784c.png	Product image	IMAGE	\N	{}	233	f	{}	{}
58	0	products/glp-1_dcaf46cb.png	Product image	IMAGE	\N	{}	231	f	{}	{}
59	0	products/glp-1_1f026ba2.png	Product image	IMAGE	\N	{}	169	f	{}	{}
60	0	products/glp-1_0b4f514d.png	Product image	IMAGE	\N	{}	171	f	{}	{}
61	0	products/glp-1_25d07e71.png	Product image	IMAGE	\N	{}	194	f	{}	{}
62	0	products/glp-1_8d75ad77.png	Product image	IMAGE	\N	{}	225	f	{}	{}
63	0	products/glp-1_97ce1810.png	Product image	IMAGE	\N	{}	174	f	{}	{}
64	0	products/glp-1_db32f42f.png	Product image	IMAGE	\N	{}	175	f	{}	{}
65	0	products/glp-1_dbec553e.png	Product image	IMAGE	\N	{}	176	f	{}	{}
66	0	products/glp-1_86a689a5.png	Product image	IMAGE	\N	{}	204	f	{}	{}
67	0	products/glp-1_aaa2e53c.png	Product image	IMAGE	\N	{}	203	f	{}	{}
68	0	products/glp-1_bfb56d4e.png	Product image	IMAGE	\N	{}	182	f	{}	{}
69	0	products/glp-1_807439bb.png	Product image	IMAGE	\N	{}	226	f	{}	{}
70	0	products/glp-1_37fdd45a.png	Product image	IMAGE	\N	{}	197	f	{}	{}
71	0	products/glp-1_82ffd9bb.png	Product image	IMAGE	\N	{}	183	f	{}	{}
72	0	products/glp-1_4955f765.png	Product image	IMAGE	\N	{}	184	f	{}	{}
73	0	products/glp-1_2fcf59da.png	Product image	IMAGE	\N	{}	198	f	{}	{}
74	0	products/glp-1_c1936535.png	Product image	IMAGE	\N	{}	199	f	{}	{}
75	0	products/glp-1_aa3a460b.png	Product image	IMAGE	\N	{}	218	f	{}	{}
76	0	products/glp-1_e08515ce.png	Product image	IMAGE	\N	{}	219	f	{}	{}
77	0	products/glp-1_2118d6f7.png	Product image	IMAGE	\N	{}	210	f	{}	{}
78	0	products/glp-1_4b0ac2cf.png	Product image	IMAGE	\N	{}	206	f	{}	{}
79	0	products/glp-1_6ce1a7ef.png	Product image	IMAGE	\N	{}	168	f	{}	{}
80	0	products/glp-1_dc61321e.png	Product image	IMAGE	\N	{}	212	f	{}	{}
81	0	products/glp-1_d43a08b5.png	Product image	IMAGE	\N	{}	222	f	{}	{}
82	0	products/glp-1_3bed7466.png	Product image	IMAGE	\N	{}	207	f	{}	{}
83	0	products/glp-1_e0572af3.png	Product image	IMAGE	\N	{}	178	f	{}	{}
84	0	products/glp-1_ab471782.png	Product image	IMAGE	\N	{}	211	f	{}	{}
85	0	products/glp-1_db14af84.png	Product image	IMAGE	\N	{}	192	f	{}	{}
86	0	products/glp-1_7d1988e0.png	Product image	IMAGE	\N	{}	202	f	{}	{}
87	0	products/glp-1_ba181589.png	Product image	IMAGE	\N	{}	200	f	{}	{}
88	0	products/glp-1_7cbb7b20.png	Product image	IMAGE	\N	{}	215	f	{}	{}
89	0	products/glp-1_80d67184.png	Product image	IMAGE	\N	{}	216	f	{}	{}
90	0	products/glp-1_5d271946.png	Product image	IMAGE	\N	{}	232	f	{}	{}
91	0	products/glp-1_f814313f.png	Product image	IMAGE	\N	{}	214	f	{}	{}
92	0	products/glp-1_8e8714d2.png	Product image	IMAGE	\N	{}	213	f	{}	{}
93	0	products/glp-1_78c63a45.png	Product image	IMAGE	\N	{}	193	f	{}	{}
94	0	products/glp-1_725a6d3e.png	Product image	IMAGE	\N	{}	180	f	{}	{}
95	0	products/glp-1_a326b24d.png	Product image	IMAGE	\N	{}	181	f	{}	{}
96	0	products/glp-1_5dc0d9a1.png	Product image	IMAGE	\N	{}	220	f	{}	{}
97	0	products/glp-1_93553806.png	Product image	IMAGE	\N	{}	227	f	{}	{}
98	0	products/glp-1_f00cee2d.png	Product image	IMAGE	\N	{}	179	f	{}	{}
99	0	products/glp-1_96240352.png	Product image	IMAGE	\N	{}	196	f	{}	{}
100	0	products/glp-1_b4e6d26c.png	Product image	IMAGE	\N	{}	205	f	{}	{}
101	0	products/glp-1_ac9479d4.png	Product image	IMAGE	\N	{}	209	f	{}	{}
102	0	products/glp-1_03888baa.png	Product image	IMAGE	\N	{}	235	f	{}	{}
103	0	products/glp-1_69b2bb18.png	Product image	IMAGE	\N	{}	236	f	{}	{}
104	0	products/glp-1_26b2ce29.png	Product image	IMAGE	\N	{}	185	f	{}	{}
105	0	products/glp-1_56c450a7.png	Product image	IMAGE	\N	{}	167	f	{}	{}
106	0	products/glp-1_49b40b47.png	Product image	IMAGE	\N	{}	186	f	{}	{}
107	0	products/glp-1_42efa480.png	Product image	IMAGE	\N	{}	165	f	{}	{}
108	0	products/glp-1_fe9b38ab.png	Product image	IMAGE	\N	{}	187	f	{}	{}
109	0	products/glp-1_2e34ccd6.png	Product image	IMAGE	\N	{}	189	f	{}	{}
110	0	products/glp-1_0ce6ad3c.png	Product image	IMAGE	\N	{}	173	f	{}	{}
111	0	products/glp-1_f746dcd0.png	Product image	IMAGE	\N	{}	223	f	{}	{}
112	0	products/glp-1_051ad9c3.png	Product image	IMAGE	\N	{}	172	f	{}	{}
113	0	products/glp-1_62343e8a.png	Product image	IMAGE	\N	{}	217	f	{}	{}
114	0	products/glp-1_41b2f6df.png	Product image	IMAGE	\N	{}	195	f	{}	{}
115	0	products/glp-1_66ce9f14.png	Product image	IMAGE	\N	{}	170	f	{}	{}
116	0	products/glp-1_2abb63c5.png	Product image	IMAGE	\N	{}	188	f	{}	{}
117	0	products/glp-1_5e53ab1c.png	Product image	IMAGE	\N	{}	191	f	{}	{}
118	0	products/glp-1_0b85f741.png	Product image	IMAGE	\N	{}	190	f	{}	{}
119	0	products/glp-1_ba52f069.png	Product image	IMAGE	\N	{}	166	f	{}	{}
120	0	products/glp-1_6f5864a5.png	Product image	IMAGE	\N	{}	201	f	{}	{}
121	0	products/glp-1_dd2d009d.png	Product image	IMAGE	\N	{}	230	f	{}	{}
\.


--
-- Data for Name: product_producttranslation; Type: TABLE DATA; Schema: public; Owner: saleor
--

COPY public.product_producttranslation (id, seo_title, seo_description, language_code, name, description, product_id, slug) FROM stdin;
\.


--
-- Data for Name: product_producttype; Type: TABLE DATA; Schema: public; Owner: saleor
--

COPY public.product_producttype (id, name, has_variants, is_shipping_required, weight, is_digital, metadata, private_metadata, slug, kind, tax_class_id) FROM stdin;
31	Peptide	t	t	0	f	{}	{}	peptide	normal	\N
32	Peptide Blend	t	t	0	f	{}	{}	peptide-blend	normal	\N
33	Hormone	t	t	0	f	{}	{}	hormone	normal	\N
34	Injectable	t	t	0	f	{}	{}	injectable	normal	\N
35	Injectable Blend	t	t	0	f	{}	{}	injectable-blend	normal	\N
36	Supply	t	t	0	f	{}	{}	supply	normal	\N
\.


--
-- Data for Name: product_productvariant; Type: TABLE DATA; Schema: public; Owner: saleor
--

COPY public.product_productvariant (id, sku, name, product_id, track_inventory, weight, metadata, private_metadata, sort_order, is_preorder, preorder_end_date, preorder_global_threshold, quantity_limit_per_customer, created_at, updated_at, external_reference) FROM stdin;
402	SM2	2mg Vial	165	t	50	{}	{}	\N	f	\N	\N	\N	2026-03-11 10:03:39.519257+00	2026-03-11 10:03:39.519266+00	\N
403	SM5	5mg Vial	165	t	50	{}	{}	\N	f	\N	\N	\N	2026-03-11 10:03:39.519299+00	2026-03-11 10:03:39.519302+00	\N
404	SM10	10mg Vial	165	t	50	{}	{}	\N	f	\N	\N	\N	2026-03-11 10:03:39.519326+00	2026-03-11 10:03:39.519328+00	\N
405	SM15	15mg Vial	165	t	50	{}	{}	\N	f	\N	\N	\N	2026-03-11 10:03:39.519352+00	2026-03-11 10:03:39.519354+00	\N
406	SM20	20mg Vial	165	t	50	{}	{}	\N	f	\N	\N	\N	2026-03-11 10:03:39.519376+00	2026-03-11 10:03:39.519378+00	\N
407	SM30	30mg Vial	165	t	50	{}	{}	\N	f	\N	\N	\N	2026-03-11 10:03:39.519402+00	2026-03-11 10:03:39.519404+00	\N
408	TR2	2mg Vial	166	t	50	{}	{}	\N	f	\N	\N	\N	2026-03-11 10:03:39.723098+00	2026-03-11 10:03:39.723108+00	\N
409	TR5	5mg Vial	166	t	50	{}	{}	\N	f	\N	\N	\N	2026-03-11 10:03:39.723139+00	2026-03-11 10:03:39.723141+00	\N
410	TR10	10mg Vial	166	t	50	{}	{}	\N	f	\N	\N	\N	2026-03-11 10:03:39.723165+00	2026-03-11 10:03:39.723167+00	\N
411	TR15	15mg Vial	166	t	50	{}	{}	\N	f	\N	\N	\N	2026-03-11 10:03:39.72319+00	2026-03-11 10:03:39.723192+00	\N
412	TR20	20mg Vial	166	t	50	{}	{}	\N	f	\N	\N	\N	2026-03-11 10:03:39.723215+00	2026-03-11 10:03:39.723217+00	\N
413	TR30	30mg Vial	166	t	50	{}	{}	\N	f	\N	\N	\N	2026-03-11 10:03:39.72324+00	2026-03-11 10:03:39.723242+00	\N
414	TR40	40mg Vial	166	t	50	{}	{}	\N	f	\N	\N	\N	2026-03-11 10:03:39.723264+00	2026-03-11 10:03:39.723266+00	\N
415	TR45	45mg Vial	166	t	50	{}	{}	\N	f	\N	\N	\N	2026-03-11 10:03:39.723289+00	2026-03-11 10:03:39.723291+00	\N
416	TR50	50mg Vial	166	t	50	{}	{}	\N	f	\N	\N	\N	2026-03-11 10:03:39.723314+00	2026-03-11 10:03:39.723316+00	\N
417	TR60	60mg Vial	166	t	50	{}	{}	\N	f	\N	\N	\N	2026-03-11 10:03:39.723338+00	2026-03-11 10:03:39.72334+00	\N
418	TR90	90mg Vial	166	t	50	{}	{}	\N	f	\N	\N	\N	2026-03-11 10:03:39.723363+00	2026-03-11 10:03:39.723365+00	\N
419	T100	100mg Vial	166	t	50	{}	{}	\N	f	\N	\N	\N	2026-03-11 10:03:39.723388+00	2026-03-11 10:03:39.72339+00	\N
420	TR120	120mg Vial	166	t	50	{}	{}	\N	f	\N	\N	\N	2026-03-11 10:03:39.723413+00	2026-03-11 10:03:39.723415+00	\N
421	RT5	5mg Vial	167	t	50	{}	{}	\N	f	\N	\N	\N	2026-03-11 10:03:39.923871+00	2026-03-11 10:03:39.923881+00	\N
422	RT10	10mg Vial	167	t	50	{}	{}	\N	f	\N	\N	\N	2026-03-11 10:03:39.923913+00	2026-03-11 10:03:39.923915+00	\N
423	RT15	15mg Vial	167	t	50	{}	{}	\N	f	\N	\N	\N	2026-03-11 10:03:39.923938+00	2026-03-11 10:03:39.923941+00	\N
424	RT20	20mg Vial	167	t	50	{}	{}	\N	f	\N	\N	\N	2026-03-11 10:03:39.923963+00	2026-03-11 10:03:39.923966+00	\N
425	RT30	30mg Vial	167	t	50	{}	{}	\N	f	\N	\N	\N	2026-03-11 10:03:39.923988+00	2026-03-11 10:03:39.92399+00	\N
426	RT40	40mg Vial	167	t	50	{}	{}	\N	f	\N	\N	\N	2026-03-11 10:03:39.924015+00	2026-03-11 10:03:39.924017+00	\N
427	RT50	50mg Vial	167	t	50	{}	{}	\N	f	\N	\N	\N	2026-03-11 10:03:39.92404+00	2026-03-11 10:03:39.924042+00	\N
428	RT60	60mg Vial	167	t	50	{}	{}	\N	f	\N	\N	\N	2026-03-11 10:03:39.924064+00	2026-03-11 10:03:39.924066+00	\N
429	H10	10iu Vial	168	t	50	{}	{}	\N	f	\N	\N	\N	2026-03-11 10:03:40.130997+00	2026-03-11 10:03:40.131006+00	\N
430	H12	12iu Vial	168	t	50	{}	{}	\N	f	\N	\N	\N	2026-03-11 10:03:40.131035+00	2026-03-11 10:03:40.131038+00	\N
431	H15	15iu Vial	168	t	50	{}	{}	\N	f	\N	\N	\N	2026-03-11 10:03:40.131061+00	2026-03-11 10:03:40.131063+00	\N
432	H20	20iu Vial	168	t	50	{}	{}	\N	f	\N	\N	\N	2026-03-11 10:03:40.131085+00	2026-03-11 10:03:40.131088+00	\N
433	H24	24iu Vial	168	t	50	{}	{}	\N	f	\N	\N	\N	2026-03-11 10:03:40.13111+00	2026-03-11 10:03:40.131112+00	\N
434	H36	36iu Vial	168	t	50	{}	{}	\N	f	\N	\N	\N	2026-03-11 10:03:40.131135+00	2026-03-11 10:03:40.131137+00	\N
435	BC5	5mg Vial	169	t	50	{}	{}	\N	f	\N	\N	\N	2026-03-11 10:03:40.337063+00	2026-03-11 10:03:40.337075+00	\N
436	BC10	10mg Vial	169	t	50	{}	{}	\N	f	\N	\N	\N	2026-03-11 10:03:40.337105+00	2026-03-11 10:03:40.337107+00	\N
437	BC20	20mg Vial	169	t	50	{}	{}	\N	f	\N	\N	\N	2026-03-11 10:03:40.337129+00	2026-03-11 10:03:40.337131+00	\N
438	TB2	2mg Vial	170	t	50	{}	{}	\N	f	\N	\N	\N	2026-03-11 10:03:40.546855+00	2026-03-11 10:03:40.546866+00	\N
439	TB5	5mg Vial	170	t	50	{}	{}	\N	f	\N	\N	\N	2026-03-11 10:03:40.546897+00	2026-03-11 10:03:40.546899+00	\N
440	TB10	10mg Vial	170	t	50	{}	{}	\N	f	\N	\N	\N	2026-03-11 10:03:40.546921+00	2026-03-11 10:03:40.546923+00	\N
441	TB20	20mg Vial	170	t	50	{}	{}	\N	f	\N	\N	\N	2026-03-11 10:03:40.546944+00	2026-03-11 10:03:40.546946+00	\N
442	BB04	4mg (BPC 2mg + TB 2mg) Vial	171	t	50	{}	{}	\N	f	\N	\N	\N	2026-03-11 10:03:40.747722+00	2026-03-11 10:03:40.747731+00	\N
443	BB10	10mg (BPC 5mg + TB 5mg) Vial	171	t	50	{}	{}	\N	f	\N	\N	\N	2026-03-11 10:03:40.747762+00	2026-03-11 10:03:40.747764+00	\N
444	BB20	20mg (BPC 10mg + TB 10mg) Vial	171	t	50	{}	{}	\N	f	\N	\N	\N	2026-03-11 10:03:40.747804+00	2026-03-11 10:03:40.747807+00	\N
445	2S5	5mg Vial	172	t	50	{}	{}	\N	f	\N	\N	\N	2026-03-11 10:03:40.961144+00	2026-03-11 10:03:40.961152+00	\N
446	2S10	10mg Vial	172	t	50	{}	{}	\N	f	\N	\N	\N	2026-03-11 10:03:40.961181+00	2026-03-11 10:03:40.961184+00	\N
447	2S50	50mg Vial	172	t	50	{}	{}	\N	f	\N	\N	\N	2026-03-11 10:03:40.961207+00	2026-03-11 10:03:40.961209+00	\N
448	332SLU	5mg Vial	173	t	50	{}	{}	\N	f	\N	\N	\N	2026-03-11 10:03:41.150912+00	2026-03-11 10:03:41.150923+00	\N
449	CND2	2mg Vial	174	t	50	{}	{}	\N	f	\N	\N	\N	2026-03-11 10:03:41.348069+00	2026-03-11 10:03:41.348078+00	\N
450	CND5	5mg Vial	174	t	50	{}	{}	\N	f	\N	\N	\N	2026-03-11 10:03:41.348108+00	2026-03-11 10:03:41.34811+00	\N
451	CND10	10mg Vial	174	t	50	{}	{}	\N	f	\N	\N	\N	2026-03-11 10:03:41.348134+00	2026-03-11 10:03:41.348136+00	\N
452	CP10	10mg (CJC 5mg + IPA 5mg) Vial	175	t	50	{}	{}	\N	f	\N	\N	\N	2026-03-11 10:03:41.534109+00	2026-03-11 10:03:41.534118+00	\N
453	CP20	20mg (CJC 10mg + IPA 10mg) Vial	175	t	50	{}	{}	\N	f	\N	\N	\N	2026-03-11 10:03:41.534148+00	2026-03-11 10:03:41.534151+00	\N
454	CD2	2mg Vial	176	t	50	{}	{}	\N	f	\N	\N	\N	2026-03-11 10:03:41.73812+00	2026-03-11 10:03:41.73813+00	\N
455	CD5	5mg Vial	176	t	50	{}	{}	\N	f	\N	\N	\N	2026-03-11 10:03:41.738163+00	2026-03-11 10:03:41.738165+00	\N
456	AOD2	2mg Vial	177	t	50	{}	{}	\N	f	\N	\N	\N	2026-03-11 10:03:41.947575+00	2026-03-11 10:03:41.947586+00	\N
457	AOD5	5mg Vial	177	t	50	{}	{}	\N	f	\N	\N	\N	2026-03-11 10:03:41.947618+00	2026-03-11 10:03:41.94762+00	\N
458	AOD10	10mg Vial	177	t	50	{}	{}	\N	f	\N	\N	\N	2026-03-11 10:03:41.947642+00	2026-03-11 10:03:41.947644+00	\N
459	IGF01	0.1mg Vial	178	t	50	{}	{}	\N	f	\N	\N	\N	2026-03-11 10:03:42.147561+00	2026-03-11 10:03:42.14757+00	\N
460	IGF1	1mg Vial	178	t	50	{}	{}	\N	f	\N	\N	\N	2026-03-11 10:03:42.147599+00	2026-03-11 10:03:42.147601+00	\N
461	MS5	5mg Vial	179	t	50	{}	{}	\N	f	\N	\N	\N	2026-03-11 10:03:42.335664+00	2026-03-11 10:03:42.335674+00	\N
462	MS10	10mg Vial	179	t	50	{}	{}	\N	f	\N	\N	\N	2026-03-11 10:03:42.335703+00	2026-03-11 10:03:42.335706+00	\N
463	MS40	40mg Vial	179	t	50	{}	{}	\N	f	\N	\N	\N	2026-03-11 10:03:42.335727+00	2026-03-11 10:03:42.335729+00	\N
464	MT1	10mg Vial	180	t	50	{}	{}	\N	f	\N	\N	\N	2026-03-11 10:03:42.528477+00	2026-03-11 10:03:42.528499+00	\N
465	MT2	10mg Vial	181	t	50	{}	{}	\N	f	\N	\N	\N	2026-03-11 10:03:42.710392+00	2026-03-11 10:03:42.710403+00	\N
466	ET10	10mg Vial	182	t	50	{}	{}	\N	f	\N	\N	\N	2026-03-11 10:03:42.906594+00	2026-03-11 10:03:42.906603+00	\N
467	ET50	50mg Vial	182	t	50	{}	{}	\N	f	\N	\N	\N	2026-03-11 10:03:42.906635+00	2026-03-11 10:03:42.906637+00	\N
468	G25	5mg Vial	183	t	50	{}	{}	\N	f	\N	\N	\N	2026-03-11 10:03:43.096358+00	2026-03-11 10:03:43.096368+00	\N
469	G210	10mg Vial	183	t	50	{}	{}	\N	f	\N	\N	\N	2026-03-11 10:03:43.096398+00	2026-03-11 10:03:43.096401+00	\N
470	G65	5mg Vial	184	t	50	{}	{}	\N	f	\N	\N	\N	2026-03-11 10:03:43.290008+00	2026-03-11 10:03:43.290017+00	\N
471	G610	10mg Vial	184	t	50	{}	{}	\N	f	\N	\N	\N	2026-03-11 10:03:43.290047+00	2026-03-11 10:03:43.290049+00	\N
472	PT41	10mg Vial	185	t	50	{}	{}	\N	f	\N	\N	\N	2026-03-11 10:03:43.463994+00	2026-03-11 10:03:43.464005+00	\N
473	SK5	5mg Vial	186	t	50	{}	{}	\N	f	\N	\N	\N	2026-03-11 10:03:43.657723+00	2026-03-11 10:03:43.657732+00	\N
474	SK10	10mg Vial	186	t	50	{}	{}	\N	f	\N	\N	\N	2026-03-11 10:03:43.657763+00	2026-03-11 10:03:43.657765+00	\N
475	XA5	5mg Vial	187	t	50	{}	{}	\N	f	\N	\N	\N	2026-03-11 10:03:43.86843+00	2026-03-11 10:03:43.86844+00	\N
476	XA10	10mg Vial	187	t	50	{}	{}	\N	f	\N	\N	\N	2026-03-11 10:03:43.868474+00	2026-03-11 10:03:43.868476+00	\N
477	XA30	30mg Vial	187	t	50	{}	{}	\N	f	\N	\N	\N	2026-03-11 10:03:43.8685+00	2026-03-11 10:03:43.868502+00	\N
478	TSM2	2mg Vial	188	t	50	{}	{}	\N	f	\N	\N	\N	2026-03-11 10:03:44.075781+00	2026-03-11 10:03:44.075793+00	\N
479	TSM5	5mg Vial	188	t	50	{}	{}	\N	f	\N	\N	\N	2026-03-11 10:03:44.075828+00	2026-03-11 10:03:44.07583+00	\N
480	TSM10	10mg Vial	188	t	50	{}	{}	\N	f	\N	\N	\N	2026-03-11 10:03:44.075855+00	2026-03-11 10:03:44.075857+00	\N
481	TSM20	20mg Vial	188	t	50	{}	{}	\N	f	\N	\N	\N	2026-03-11 10:03:44.07588+00	2026-03-11 10:03:44.075882+00	\N
482	SMO2	2mg Vial	189	t	50	{}	{}	\N	f	\N	\N	\N	2026-03-11 10:03:44.266614+00	2026-03-11 10:03:44.266625+00	\N
483	SMO5	5mg Vial	189	t	50	{}	{}	\N	f	\N	\N	\N	2026-03-11 10:03:44.266659+00	2026-03-11 10:03:44.266662+00	\N
484	SMO10	10mg Vial	189	t	50	{}	{}	\N	f	\N	\N	\N	2026-03-11 10:03:44.266685+00	2026-03-11 10:03:44.266688+00	\N
485	TA2	2mg Vial	190	t	50	{}	{}	\N	f	\N	\N	\N	2026-03-11 10:03:44.458865+00	2026-03-11 10:03:44.458877+00	\N
486	TA5	5mg Vial	190	t	50	{}	{}	\N	f	\N	\N	\N	2026-03-11 10:03:44.458915+00	2026-03-11 10:03:44.458917+00	\N
487	TA10	10mg Vial	190	t	50	{}	{}	\N	f	\N	\N	\N	2026-03-11 10:03:44.458941+00	2026-03-11 10:03:44.458943+00	\N
488	TY10	10mg Vial	191	t	50	{}	{}	\N	f	\N	\N	\N	2026-03-11 10:03:44.653903+00	2026-03-11 10:03:44.653915+00	\N
489	TY20	20mg Vial	191	t	50	{}	{}	\N	f	\N	\N	\N	2026-03-11 10:03:44.654015+00	2026-03-11 10:03:44.654022+00	\N
490	IP2	2mg Vial	192	t	50	{}	{}	\N	f	\N	\N	\N	2026-03-11 10:03:44.847872+00	2026-03-11 10:03:44.84788+00	\N
491	IP5	5mg Vial	192	t	50	{}	{}	\N	f	\N	\N	\N	2026-03-11 10:03:44.84791+00	2026-03-11 10:03:44.847912+00	\N
492	IP10	10mg Vial	192	t	50	{}	{}	\N	f	\N	\N	\N	2026-03-11 10:03:44.847934+00	2026-03-11 10:03:44.847936+00	\N
493	MAZ5	5mg Vial	193	t	50	{}	{}	\N	f	\N	\N	\N	2026-03-11 10:03:45.039008+00	2026-03-11 10:03:45.039019+00	\N
494	MAZ10	10mg Vial	193	t	50	{}	{}	\N	f	\N	\N	\N	2026-03-11 10:03:45.03905+00	2026-03-11 10:03:45.039053+00	\N
495	MAZ20	20mg Vial	193	t	50	{}	{}	\N	f	\N	\N	\N	2026-03-11 10:03:45.039075+00	2026-03-11 10:03:45.039078+00	\N
496	CGL5	5mg Vial	194	t	50	{}	{}	\N	f	\N	\N	\N	2026-03-11 10:03:45.234996+00	2026-03-11 10:03:45.235005+00	\N
497	CGL10	10mg Vial	194	t	50	{}	{}	\N	f	\N	\N	\N	2026-03-11 10:03:45.235036+00	2026-03-11 10:03:45.235038+00	\N
498	SUR2	2mg Vial	195	t	50	{}	{}	\N	f	\N	\N	\N	2026-03-11 10:03:45.43708+00	2026-03-11 10:03:45.437091+00	\N
499	SUR5	5mg Vial	195	t	50	{}	{}	\N	f	\N	\N	\N	2026-03-11 10:03:45.437126+00	2026-03-11 10:03:45.437129+00	\N
500	SUR10	10mg Vial	195	t	50	{}	{}	\N	f	\N	\N	\N	2026-03-11 10:03:45.437153+00	2026-03-11 10:03:45.437155+00	\N
501	SUR15	15mg Vial	195	t	50	{}	{}	\N	f	\N	\N	\N	2026-03-11 10:03:45.4372+00	2026-03-11 10:03:45.437202+00	\N
502	NJ100	100mg Vial	196	t	50	{}	{}	\N	f	\N	\N	\N	2026-03-11 10:03:45.641036+00	2026-03-11 10:03:45.641049+00	\N
503	NJ500	500mg Vial	196	t	50	{}	{}	\N	f	\N	\N	\N	2026-03-11 10:03:45.641082+00	2026-03-11 10:03:45.641084+00	\N
504	NJ1000	1000mg Vial	196	t	50	{}	{}	\N	f	\N	\N	\N	2026-03-11 10:03:45.641108+00	2026-03-11 10:03:45.641111+00	\N
505	CU50	50mg Vial	197	t	50	{}	{}	\N	f	\N	\N	\N	2026-03-11 10:03:45.838766+00	2026-03-11 10:03:45.838794+00	\N
506	CU100	100mg Vial	197	t	50	{}	{}	\N	f	\N	\N	\N	2026-03-11 10:03:45.838825+00	2026-03-11 10:03:45.838827+00	\N
507	GLOW50	50mg Vial	198	t	50	{}	{}	\N	f	\N	\N	\N	2026-03-11 10:03:46.024876+00	2026-03-11 10:03:46.024887+00	\N
508	GLOW70	70mg Vial	198	t	50	{}	{}	\N	f	\N	\N	\N	2026-03-11 10:03:46.024918+00	2026-03-11 10:03:46.02492+00	\N
509	KLOW80	80mg Vial	199	t	50	{}	{}	\N	f	\N	\N	\N	2026-03-11 10:03:46.229814+00	2026-03-11 10:03:46.229823+00	\N
510	KP10	10mg Vial	200	t	50	{}	{}	\N	f	\N	\N	\N	2026-03-11 10:03:46.41772+00	2026-03-11 10:03:46.417733+00	\N
511	VIP10	10mg Vial	201	t	50	{}	{}	\N	f	\N	\N	\N	2026-03-11 10:03:46.610807+00	2026-03-11 10:03:46.610818+00	\N
512	KS5	5mg Vial	202	t	50	{}	{}	\N	f	\N	\N	\N	2026-03-11 10:03:46.804639+00	2026-03-11 10:03:46.804648+00	\N
513	KS10	10mg Vial	202	t	50	{}	{}	\N	f	\N	\N	\N	2026-03-11 10:03:46.804679+00	2026-03-11 10:03:46.804681+00	\N
514	DS2	2mg Vial	203	t	50	{}	{}	\N	f	\N	\N	\N	2026-03-11 10:03:46.990692+00	2026-03-11 10:03:46.990702+00	\N
515	DS5	5mg Vial	203	t	50	{}	{}	\N	f	\N	\N	\N	2026-03-11 10:03:46.990732+00	2026-03-11 10:03:46.990734+00	\N
516	DS10	10mg Vial	203	t	50	{}	{}	\N	f	\N	\N	\N	2026-03-11 10:03:46.990758+00	2026-03-11 10:03:46.99076+00	\N
517	DS12	12mg Vial	203	t	50	{}	{}	\N	f	\N	\N	\N	2026-03-11 10:03:46.990801+00	2026-03-11 10:03:46.990803+00	\N
518	DHX	N/A Vial	204	t	50	{}	{}	\N	f	\N	\N	\N	2026-03-11 10:03:47.176304+00	2026-03-11 10:03:47.176315+00	\N
519	OT2	2mg Vial	205	t	50	{}	{}	\N	f	\N	\N	\N	2026-03-11 10:03:47.367457+00	2026-03-11 10:03:47.367465+00	\N
520	OT5	5mg Vial	205	t	50	{}	{}	\N	f	\N	\N	\N	2026-03-11 10:03:47.367495+00	2026-03-11 10:03:47.367497+00	\N
521	OT10	10mg Vial	205	t	50	{}	{}	\N	f	\N	\N	\N	2026-03-11 10:03:47.367521+00	2026-03-11 10:03:47.367523+00	\N
522	HX2	2mg Vial	206	t	50	{}	{}	\N	f	\N	\N	\N	2026-03-11 10:03:47.551682+00	2026-03-11 10:03:47.551692+00	\N
523	HX5	5mg Vial	206	t	50	{}	{}	\N	f	\N	\N	\N	2026-03-11 10:03:47.551723+00	2026-03-11 10:03:47.551725+00	\N
524	HA5	5mg Vial	207	t	50	{}	{}	\N	f	\N	\N	\N	2026-03-11 10:03:47.749269+00	2026-03-11 10:03:47.749278+00	\N
525	AP2	2mg Vial	208	t	50	{}	{}	\N	f	\N	\N	\N	2026-03-11 10:03:47.949062+00	2026-03-11 10:03:47.949072+00	\N
526	AP5	5mg Vial	208	t	50	{}	{}	\N	f	\N	\N	\N	2026-03-11 10:03:47.949102+00	2026-03-11 10:03:47.949104+00	\N
527	FMP2	2mg Vial	209	t	50	{}	{}	\N	f	\N	\N	\N	2026-03-11 10:03:48.138028+00	2026-03-11 10:03:48.138039+00	\N
528	G10K	10000 IU Vial	210	t	50	{}	{}	\N	f	\N	\N	\N	2026-03-11 10:03:48.32772+00	2026-03-11 10:03:48.32773+00	\N
529	G5K	5000 IU Vial	210	t	50	{}	{}	\N	f	\N	\N	\N	2026-03-11 10:03:48.32776+00	2026-03-11 10:03:48.327762+00	\N
530	G2K	2000 IU Vial	210	t	50	{}	{}	\N	f	\N	\N	\N	2026-03-11 10:03:48.327801+00	2026-03-11 10:03:48.327804+00	\N
531	IGD	2mg Vial	211	t	50	{}	{}	\N	f	\N	\N	\N	2026-03-11 10:03:48.522506+00	2026-03-11 10:03:48.522514+00	\N
532	FR2	2mg Vial	212	t	50	{}	{}	\N	f	\N	\N	\N	2026-03-11 10:03:48.715975+00	2026-03-11 10:03:48.715984+00	\N
533	FR5	5mg Vial	212	t	50	{}	{}	\N	f	\N	\N	\N	2026-03-11 10:03:48.716015+00	2026-03-11 10:03:48.716018+00	\N
534	LL375	5mg Vial	213	t	50	{}	{}	\N	f	\N	\N	\N	2026-03-11 10:03:48.906708+00	2026-03-11 10:03:48.906718+00	\N
535	LC120	Lipo-B Injection	214	t	50	{}	{}	\N	f	\N	\N	\N	2026-03-11 10:03:49.093132+00	2026-03-11 10:03:49.093141+00	\N
536	LC600	600mg/10ml	215	t	50	{}	{}	\N	f	\N	\N	\N	2026-03-11 10:03:49.289034+00	2026-03-11 10:03:49.289044+00	\N
537	LC216	216mg/10ml	215	t	50	{}	{}	\N	f	\N	\N	\N	2026-03-11 10:03:49.289075+00	2026-03-11 10:03:49.289077+00	\N
538	LC425	350mg/ml (10ml)	215	t	50	{}	{}	\N	f	\N	\N	\N	2026-03-11 10:03:49.289099+00	2026-03-11 10:03:49.2891+00	\N
539	LC526	526mg/ml (10ml)	215	t	50	{}	{}	\N	f	\N	\N	\N	2026-03-11 10:03:49.289121+00	2026-03-11 10:03:49.289123+00	\N
540	LC553	553mg/ml (10ml)	215	t	50	{}	{}	\N	f	\N	\N	\N	2026-03-11 10:03:49.289143+00	2026-03-11 10:03:49.289145+00	\N
541	RP226	226mg/ml (10ml)	216	t	50	{}	{}	\N	f	\N	\N	\N	2026-03-11 10:03:49.476422+00	2026-03-11 10:03:49.476432+00	\N
542	SHB	865mg (10ml)	217	t	50	{}	{}	\N	f	\N	\N	\N	2026-03-11 10:03:49.684125+00	2026-03-11 10:03:49.684134+00	\N
543	GT500	500mg Vial	218	t	50	{}	{}	\N	f	\N	\N	\N	2026-03-11 10:03:49.911372+00	2026-03-11 10:03:49.911385+00	\N
544	GT1500	1500mg Vial	218	t	50	{}	{}	\N	f	\N	\N	\N	2026-03-11 10:03:49.911419+00	2026-03-11 10:03:49.911421+00	\N
545	GND2	2mg Vial	219	t	50	{}	{}	\N	f	\N	\N	\N	2026-03-11 10:03:50.107942+00	2026-03-11 10:03:50.107953+00	\N
546	GND5	5mg Vial	219	t	50	{}	{}	\N	f	\N	\N	\N	2026-03-11 10:03:50.107985+00	2026-03-11 10:03:50.107987+00	\N
547	MT10M	10mg Vial	220	t	50	{}	{}	\N	f	\N	\N	\N	2026-03-11 10:03:50.300103+00	2026-03-11 10:03:50.300112+00	\N
548	5AM	5mg Vial	221	t	50	{}	{}	\N	f	\N	\N	\N	2026-03-11 10:03:50.498732+00	2026-03-11 10:03:50.498748+00	\N
549	10AM	10mg Vial	221	t	50	{}	{}	\N	f	\N	\N	\N	2026-03-11 10:03:50.498802+00	2026-03-11 10:03:50.498805+00	\N
550	50AM	50mg Vial	221	t	50	{}	{}	\N	f	\N	\N	\N	2026-03-11 10:03:50.498829+00	2026-03-11 10:03:50.498831+00	\N
551	G75	75 IU Vial	222	t	50	{}	{}	\N	f	\N	\N	\N	2026-03-11 10:03:50.695907+00	2026-03-11 10:03:50.695914+00	\N
552	NP810	10mg Vial	223	t	50	{}	{}	\N	f	\N	\N	\N	2026-03-11 10:03:50.904371+00	2026-03-11 10:03:50.90438+00	\N
553	RA10	10mg Vial	224	t	50	{}	{}	\N	f	\N	\N	\N	2026-03-11 10:03:51.096957+00	2026-03-11 10:03:51.09697+00	\N
554	CS10	10mg (Cagri 5mg + Sema 5mg) Vial	225	t	50	{}	{}	\N	f	\N	\N	\N	2026-03-11 10:03:51.296312+00	2026-03-11 10:03:51.296321+00	\N
555	FN1	1mg Vial	226	t	50	{}	{}	\N	f	\N	\N	\N	2026-03-11 10:03:51.492357+00	2026-03-11 10:03:51.492366+00	\N
556	FM2	2mg Vial	227	t	50	{}	{}	\N	f	\N	\N	\N	2026-03-11 10:03:51.678877+00	2026-03-11 10:03:51.678891+00	\N
557	AE1	1mg Vial	228	t	50	{}	{}	\N	f	\N	\N	\N	2026-03-11 10:03:51.884797+00	2026-03-11 10:03:51.884805+00	\N
558	AR50	50mg Vial	229	t	50	{}	{}	\N	f	\N	\N	\N	2026-03-11 10:03:52.087371+00	2026-03-11 10:03:52.087382+00	\N
559	B12	1mg/ml (10ml)	230	t	50	{}	{}	\N	f	\N	\N	\N	2026-03-11 10:03:52.289064+00	2026-03-11 10:03:52.289074+00	\N
560	XT100	100 IU Vial	231	t	50	{}	{}	\N	f	\N	\N	\N	2026-03-11 10:03:52.52042+00	2026-03-11 10:03:52.52043+00	\N
561	LEMON	103.5mg/10ml	232	t	50	{}	{}	\N	f	\N	\N	\N	2026-03-11 10:03:52.719284+00	2026-03-11 10:03:52.719292+00	\N
562	BAC10	10ml	233	t	50	{}	{}	\N	f	\N	\N	\N	2026-03-11 10:03:52.90901+00	2026-03-11 10:03:52.909022+00	\N
563	BAC3	3ml	233	t	50	{}	{}	\N	f	\N	\N	\N	2026-03-11 10:03:52.909052+00	2026-03-11 10:03:52.909055+00	\N
564	AA3	3ml	234	t	50	{}	{}	\N	f	\N	\N	\N	2026-03-11 10:03:53.102395+00	2026-03-11 10:03:53.102404+00	\N
565	AA10	10ml	234	t	50	{}	{}	\N	f	\N	\N	\N	2026-03-11 10:03:53.102435+00	2026-03-11 10:03:53.102437+00	\N
566	PI10	10mg Vial	235	t	50	{}	{}	\N	f	\N	\N	\N	2026-03-11 10:03:53.30644+00	2026-03-11 10:03:53.30645+00	\N
567	PNC10	10mg Vial	236	t	50	{}	{}	\N	f	\N	\N	\N	2026-03-11 10:03:53.519216+00	2026-03-11 10:03:53.519226+00	\N
568	ATM15	15mg (AOD 5mg + Tesa 5mg + MOTS-c 5mg) Vial	237	t	50	{}	{}	\N	f	\N	\N	\N	2026-03-11 10:04:58.566542+00	2026-03-11 10:04:58.566556+00	\N
\.


--
-- Data for Name: product_productvariantchannellisting; Type: TABLE DATA; Schema: public; Owner: saleor
--

COPY public.product_productvariantchannellisting (id, currency, price_amount, channel_id, variant_id, cost_price_amount, preorder_quantity_threshold, discounted_price_amount, prior_price_amount) FROM stdin;
374	USD	93.000	1	402	31.000	\N	93.000	\N
375	USD	117.000	1	403	39.000	\N	117.000	\N
376	USD	177.000	1	404	59.000	\N	177.000	\N
377	USD	216.000	1	405	72.000	\N	216.000	\N
378	USD	333.000	1	406	111.000	\N	333.000	\N
379	USD	357.000	1	407	119.000	\N	357.000	\N
393	USD	201.000	1	421	67.000	\N	201.000	\N
394	USD	294.000	1	422	98.000	\N	294.000	\N
395	USD	426.000	1	423	142.000	\N	426.000	\N
396	USD	540.000	1	424	180.000	\N	540.000	\N
397	USD	657.000	1	425	219.000	\N	657.000	\N
398	USD	735.000	1	426	245.000	\N	735.000	\N
399	USD	966.000	1	427	322.000	\N	966.000	\N
400	USD	1143.000	1	428	381.000	\N	1143.000	\N
407	USD	138.000	1	435	46.000	\N	138.000	\N
408	USD	201.000	1	436	67.000	\N	201.000	\N
409	USD	357.000	1	437	119.000	\N	357.000	\N
414	USD	171.000	1	442	57.000	\N	171.000	\N
415	USD	309.000	1	443	103.000	\N	309.000	\N
416	USD	540.000	1	444	180.000	\N	540.000	\N
420	USD	231.000	1	448	77.000	\N	231.000	\N
424	USD	309.000	1	452	103.000	\N	309.000	\N
425	USD	579.000	1	453	193.000	\N	579.000	\N
428	USD	156.000	1	456	52.000	\N	156.000	\N
429	USD	255.000	1	457	85.000	\N	255.000	\N
430	USD	447.000	1	458	149.000	\N	447.000	\N
433	USD	138.000	1	461	46.000	\N	138.000	\N
434	USD	177.000	1	462	59.000	\N	177.000	\N
435	USD	579.000	1	463	193.000	\N	579.000	\N
437	USD	138.000	1	465	46.000	\N	138.000	\N
440	USD	93.000	1	468	31.000	\N	93.000	\N
441	USD	138.000	1	469	46.000	\N	138.000	\N
444	USD	192.000	1	472	64.000	\N	192.000	\N
447	USD	138.000	1	475	46.000	\N	138.000	\N
448	USD	192.000	1	476	64.000	\N	192.000	\N
449	USD	465.000	1	477	155.000	\N	465.000	\N
454	USD	117.000	1	482	39.000	\N	117.000	\N
455	USD	216.000	1	483	72.000	\N	216.000	\N
456	USD	426.000	1	484	142.000	\N	426.000	\N
460	USD	177.000	1	488	59.000	\N	177.000	\N
461	USD	465.000	1	489	155.000	\N	465.000	\N
465	USD	309.000	1	493	103.000	\N	309.000	\N
466	USD	579.000	1	494	193.000	\N	579.000	\N
467	USD	1236.000	1	495	412.000	\N	1236.000	\N
470	USD	309.000	1	498	103.000	\N	309.000	\N
471	USD	540.000	1	499	180.000	\N	540.000	\N
472	USD	852.000	1	500	284.000	\N	852.000	\N
473	USD	1161.000	1	501	387.000	\N	1161.000	\N
477	USD	117.000	1	505	39.000	\N	117.000	\N
478	USD	156.000	1	506	52.000	\N	156.000	\N
481	USD	657.000	1	509	219.000	\N	657.000	\N
483	USD	525.000	1	511	175.000	\N	525.000	\N
486	USD	69.000	1	514	23.000	\N	69.000	\N
487	USD	132.000	1	515	44.000	\N	132.000	\N
488	USD	231.000	1	516	77.000	\N	231.000	\N
489	USD	309.000	1	517	103.000	\N	309.000	\N
491	USD	78.000	1	519	26.000	\N	78.000	\N
492	USD	177.000	1	520	59.000	\N	177.000	\N
493	USD	309.000	1	521	103.000	\N	309.000	\N
496	USD	0.000	1	524	0.000	\N	0.000	\N
499	USD	231.000	1	527	77.000	\N	231.000	\N
503	USD	156.000	1	531	52.000	\N	156.000	\N
506	USD	270.000	1	534	90.000	\N	270.000	\N
508	USD	138.000	1	536	46.000	\N	138.000	\N
509	USD	138.000	1	537	46.000	\N	138.000	\N
510	USD	279.000	1	538	93.000	\N	279.000	\N
511	USD	279.000	1	539	93.000	\N	279.000	\N
512	USD	309.000	1	540	103.000	\N	309.000	\N
514	USD	465.000	1	542	155.000	\N	465.000	\N
517	USD	84.000	1	545	28.000	\N	84.000	\N
518	USD	138.000	1	546	46.000	\N	138.000	\N
520	USD	156.000	1	548	52.000	\N	156.000	\N
521	USD	270.000	1	549	90.000	\N	270.000	\N
522	USD	426.000	1	550	142.000	\N	426.000	\N
524	USD	138.000	1	552	46.000	\N	138.000	\N
526	USD	426.000	1	554	142.000	\N	426.000	\N
528	USD	108.000	1	556	36.000	\N	108.000	\N
530	USD	186.000	1	558	62.000	\N	186.000	\N
532	USD	465.000	1	560	155.000	\N	465.000	\N
534	USD	33.000	1	562	11.000	\N	33.000	\N
535	USD	30.000	1	563	10.000	\N	30.000	\N
538	USD	324.000	1	566	108.000	\N	324.000	\N
540	USD	294.000	1	568	98.000	\N	294.000	\N
380	USD	102.000	1	408	34.000	\N	102.000	\N
381	USD	132.000	1	409	44.000	\N	132.000	\N
382	USD	171.000	1	410	57.000	\N	171.000	\N
383	USD	210.000	1	411	70.000	\N	210.000	\N
384	USD	270.000	1	412	90.000	\N	270.000	\N
385	USD	348.000	1	413	116.000	\N	348.000	\N
386	USD	447.000	1	414	149.000	\N	447.000	\N
387	USD	504.000	1	415	168.000	\N	504.000	\N
388	USD	525.000	1	416	175.000	\N	525.000	\N
389	USD	588.000	1	417	196.000	\N	588.000	\N
390	USD	852.000	1	418	284.000	\N	852.000	\N
391	USD	1044.000	1	419	348.000	\N	1044.000	\N
392	USD	1122.000	1	420	374.000	\N	1122.000	\N
401	USD	162.000	1	429	54.000	\N	162.000	\N
402	USD	192.000	1	430	64.000	\N	192.000	\N
403	USD	255.000	1	431	85.000	\N	255.000	\N
404	USD	294.000	1	432	98.000	\N	294.000	\N
405	USD	333.000	1	433	111.000	\N	333.000	\N
406	USD	447.000	1	434	149.000	\N	447.000	\N
410	USD	138.000	1	438	46.000	\N	138.000	\N
411	USD	231.000	1	439	77.000	\N	231.000	\N
412	USD	447.000	1	440	149.000	\N	447.000	\N
413	USD	834.000	1	441	278.000	\N	834.000	\N
417	USD	171.000	1	445	57.000	\N	171.000	\N
418	USD	270.000	1	446	90.000	\N	270.000	\N
419	USD	1161.000	1	447	387.000	\N	1161.000	\N
421	USD	138.000	1	449	46.000	\N	138.000	\N
422	USD	231.000	1	450	77.000	\N	231.000	\N
423	USD	465.000	1	451	155.000	\N	465.000	\N
426	USD	216.000	1	454	72.000	\N	216.000	\N
427	USD	465.000	1	455	155.000	\N	465.000	\N
431	USD	117.000	1	459	39.000	\N	117.000	\N
432	USD	540.000	1	460	180.000	\N	540.000	\N
436	USD	138.000	1	464	46.000	\N	138.000	\N
438	USD	138.000	1	466	46.000	\N	138.000	\N
439	USD	465.000	1	467	155.000	\N	465.000	\N
442	USD	93.000	1	470	31.000	\N	93.000	\N
443	USD	138.000	1	471	46.000	\N	138.000	\N
445	USD	138.000	1	473	46.000	\N	138.000	\N
446	USD	231.000	1	474	77.000	\N	231.000	\N
450	USD	156.000	1	478	52.000	\N	156.000	\N
451	USD	270.000	1	479	90.000	\N	270.000	\N
452	USD	504.000	1	480	168.000	\N	504.000	\N
453	USD	927.000	1	481	309.000	\N	927.000	\N
457	USD	93.000	1	485	31.000	\N	93.000	\N
458	USD	231.000	1	486	77.000	\N	231.000	\N
459	USD	447.000	1	487	149.000	\N	447.000	\N
462	USD	84.000	1	490	28.000	\N	84.000	\N
463	USD	138.000	1	491	46.000	\N	138.000	\N
464	USD	216.000	1	492	72.000	\N	216.000	\N
468	USD	279.000	1	496	93.000	\N	279.000	\N
469	USD	540.000	1	497	180.000	\N	540.000	\N
474	USD	138.000	1	502	46.000	\N	138.000	\N
475	USD	201.000	1	503	67.000	\N	201.000	\N
476	USD	372.000	1	504	124.000	\N	372.000	\N
479	USD	480.000	1	507	160.000	\N	480.000	\N
480	USD	579.000	1	508	193.000	\N	579.000	\N
482	USD	177.000	1	510	59.000	\N	177.000	\N
484	USD	138.000	1	512	46.000	\N	138.000	\N
485	USD	231.000	1	513	77.000	\N	231.000	\N
490	USD	0.000	1	518	0.000	\N	0.000	\N
494	USD	117.000	1	522	39.000	\N	117.000	\N
495	USD	255.000	1	523	85.000	\N	255.000	\N
497	USD	231.000	1	525	77.000	\N	231.000	\N
498	USD	465.000	1	526	155.000	\N	465.000	\N
500	USD	465.000	1	528	155.000	\N	465.000	\N
501	USD	231.000	1	529	77.000	\N	231.000	\N
502	USD	156.000	1	530	52.000	\N	156.000	\N
504	USD	138.000	1	532	46.000	\N	138.000	\N
505	USD	270.000	1	533	90.000	\N	270.000	\N
507	USD	138.000	1	535	46.000	\N	138.000	\N
513	USD	255.000	1	541	85.000	\N	255.000	\N
515	USD	138.000	1	543	46.000	\N	138.000	\N
516	USD	231.000	1	544	77.000	\N	231.000	\N
519	USD	156.000	1	547	52.000	\N	156.000	\N
523	USD	177.000	1	551	59.000	\N	177.000	\N
525	USD	192.000	1	553	64.000	\N	192.000	\N
527	USD	0.000	1	555	0.000	\N	0.000	\N
529	USD	852.000	1	557	284.000	\N	852.000	\N
531	USD	123.000	1	559	41.000	\N	123.000	\N
533	USD	138.000	1	561	46.000	\N	138.000	\N
536	USD	30.000	1	564	10.000	\N	30.000	\N
537	USD	33.000	1	565	11.000	\N	33.000	\N
539	USD	231.000	1	567	77.000	\N	231.000	\N
\.


--
-- Data for Name: product_productvarianttranslation; Type: TABLE DATA; Schema: public; Owner: saleor
--

COPY public.product_productvarianttranslation (id, language_code, name, product_variant_id) FROM stdin;
\.


--
-- Data for Name: product_variantchannellistingpromotionrule; Type: TABLE DATA; Schema: public; Owner: saleor
--

COPY public.product_variantchannellistingpromotionrule (id, discount_amount, currency, promotion_rule_id, variant_channel_listing_id) FROM stdin;
\.


--
-- Data for Name: product_variantmedia; Type: TABLE DATA; Schema: public; Owner: saleor
--

COPY public.product_variantmedia (id, media_id, variant_id) FROM stdin;
\.


--
-- Data for Name: schedulers_customperiodictask; Type: TABLE DATA; Schema: public; Owner: saleor
--

COPY public.schedulers_customperiodictask (periodictask_ptr_id, custom_id) FROM stdin;
\.


--
-- Data for Name: schedulers_customschedule; Type: TABLE DATA; Schema: public; Owner: saleor
--

COPY public.schedulers_customschedule (id, schedule_import_path) FROM stdin;
\.


--
-- Data for Name: shipping_shippingmethod; Type: TABLE DATA; Schema: public; Owner: saleor
--

COPY public.shipping_shippingmethod (id, name, maximum_order_weight, minimum_order_weight, type, shipping_zone_id, metadata, private_metadata, maximum_delivery_days, minimum_delivery_days, description, tax_class_id) FROM stdin;
1	Default	\N	0	price	1	{}	{}	\N	\N	null	\N
2	DHL	\N	0	price	2	{}	{}	\N	\N	null	\N
3	UPS	\N	0	price	2	{}	{}	\N	\N	null	\N
4	Registered priority	\N	0	weight	2	{}	{}	\N	\N	null	\N
5	DB Schenker	\N	0	weight	2	{}	{}	\N	\N	null	\N
6	FBA	\N	0	price	3	{}	{}	\N	\N	null	\N
7	FedEx Express	\N	0	price	3	{}	{}	\N	\N	null	\N
8	Oceania Air Mail	\N	0	weight	3	{}	{}	\N	\N	null	\N
9	China Post	\N	0	weight	4	{}	{}	\N	\N	null	\N
10	TNT	\N	0	weight	4	{}	{}	\N	\N	null	\N
11	Aramex	\N	0	weight	4	{}	{}	\N	\N	null	\N
12	EMS	\N	0	weight	4	{}	{}	\N	\N	null	\N
13	DHL	\N	0	price	5	{}	{}	\N	\N	null	\N
14	UPS	\N	0	price	5	{}	{}	\N	\N	null	\N
15	FedEx	\N	0	weight	5	{}	{}	\N	\N	null	\N
16	EMS	\N	0	price	5	{}	{}	\N	\N	null	\N
17	Royale International	\N	0	weight	6	{}	{}	\N	\N	null	\N
18	ACE	\N	0	price	6	{}	{}	\N	\N	null	\N
19	fastway couriers	\N	0	price	6	{}	{}	\N	\N	null	\N
20	Post Office	\N	0	price	6	{}	{}	\N	\N	null	\N
\.


--
-- Data for Name: shipping_shippingmethod_excluded_products; Type: TABLE DATA; Schema: public; Owner: saleor
--

COPY public.shipping_shippingmethod_excluded_products (id, shippingmethod_id, product_id) FROM stdin;
\.


--
-- Data for Name: shipping_shippingmethodchannellisting; Type: TABLE DATA; Schema: public; Owner: saleor
--

COPY public.shipping_shippingmethodchannellisting (id, minimum_order_price_amount, currency, maximum_order_price_amount, price_amount, channel_id, shipping_method_id) FROM stdin;
1	0.000	USD	\N	0.000	1	1
2	0.000	PLN	\N	59.600	2	2
3	0.000	PLN	\N	43.870	2	3
4	0.000	PLN	\N	61.470	2	4
5	0.000	PLN	\N	55.930	2	5
6	0.000	USD	\N	74.240	1	2
7	0.000	USD	\N	27.190	1	3
8	0.000	USD	\N	42.890	1	4
9	0.000	USD	\N	28.410	1	5
10	0.000	PLN	\N	19.570	2	6
11	0.000	PLN	\N	81.150	2	7
12	0.000	PLN	\N	65.590	2	8
13	0.000	USD	\N	91.380	1	6
14	0.000	USD	\N	71.780	1	7
15	0.000	USD	\N	43.080	1	8
16	0.000	PLN	\N	11.160	2	9
17	0.000	PLN	\N	95.090	2	10
18	0.000	PLN	\N	73.530	2	11
19	0.000	PLN	\N	51.130	2	12
20	0.000	USD	\N	82.330	1	9
21	0.000	USD	\N	28.870	1	10
22	0.000	USD	\N	21.150	1	11
23	0.000	USD	\N	75.710	1	12
24	0.000	PLN	\N	48.840	2	13
25	0.000	PLN	\N	25.850	2	14
26	0.000	PLN	\N	79.390	2	15
27	0.000	PLN	\N	80.940	2	16
28	0.000	USD	\N	66.190	1	13
29	0.000	USD	\N	59.590	1	14
30	0.000	USD	\N	40.420	1	15
31	0.000	USD	\N	34.200	1	16
32	0.000	PLN	\N	88.470	2	17
33	0.000	PLN	\N	18.120	2	18
34	0.000	PLN	\N	29.010	2	19
35	0.000	PLN	\N	99.860	2	20
36	0.000	USD	\N	77.480	1	17
37	0.000	USD	\N	40.390	1	18
38	0.000	USD	\N	63.940	1	19
39	0.000	USD	\N	67.750	1	20
\.


--
-- Data for Name: shipping_shippingmethodpostalcoderule; Type: TABLE DATA; Schema: public; Owner: saleor
--

COPY public.shipping_shippingmethodpostalcoderule (id, start, "end", shipping_method_id, inclusion_type) FROM stdin;
\.


--
-- Data for Name: shipping_shippingmethodtranslation; Type: TABLE DATA; Schema: public; Owner: saleor
--

COPY public.shipping_shippingmethodtranslation (id, language_code, name, shipping_method_id, description) FROM stdin;
\.


--
-- Data for Name: shipping_shippingzone; Type: TABLE DATA; Schema: public; Owner: saleor
--

COPY public.shipping_shippingzone (id, name, countries, "default", metadata, private_metadata, description) FROM stdin;
1	Default	US	f	{}	{}	
2	Europe	AD,AL,AT,AX,BA,BE,BG,BY,CH,CZ,DE,DK,EE,ES,FI,FO,FR,GB,GG,GI,GR,HR,HU,IE,IM,IS,IT,JE,LI,LT,LU,LV,MC,MD,ME,MK,MT,NL,NO,PL,PT,RO,RS,RU,SE,SI,SJ,SK,SM,UA,VA	f	{}	{}	
3	Oceania	AS,AU,CC,CK,CX,FJ,FM,GU,HM,KI,MH,MP,NC,NF,NR,NU,NZ,PF,PG,PN,PW,SB,TK,TO,TV,UM,VU,WF,WS	f	{}	{}	
4	Asia	AE,AF,AM,AZ,BD,BH,BN,BT,CN,CY,GE,HK,ID,IL,IN,IQ,IR,JO,JP,KG,KH,KP,KR,KW,KZ,LA,LB,LK,MM,MN,MO,MV,MY,NP,OM,PH,PK,PS,QA,SA,SG,SY,TH,TJ,TL,TM,TR,TW,UZ,VN,YE	f	{}	{}	
5	Americas	AG,AI,AR,AW,BB,BL,BM,BO,BQ,BR,BS,BV,BZ,CA,CL,CO,CR,CU,CW,DM,DO,EC,FK,GD,GF,GL,GP,GS,GT,GY,HN,HT,JM,KN,KY,LC,MF,MQ,MS,MX,NI,PA,PE,PM,PR,PY,SR,SV,SX,TC,TT,US,UY,VC,VE,VG,VI	f	{}	{}	
6	Africa	AO,BF,BI,BJ,BW,CD,CF,CG,CI,CM,CV,DJ,DZ,EG,EH,ER,ET,GA,GH,GM,GN,GQ,GW,IO,KE,KM,LR,LS,LY,MA,MG,ML,MR,MU,MW,MZ,NA,NE,NG,RE,RW,SC,SD,SH,SL,SN,SO,SS,ST,SZ,TD,TF,TG,TN,TZ,UG,YT,ZA,ZM,ZW	f	{}	{}	
\.


--
-- Data for Name: shipping_shippingzone_channels; Type: TABLE DATA; Schema: public; Owner: saleor
--

COPY public.shipping_shippingzone_channels (id, shippingzone_id, channel_id) FROM stdin;
1	1	1
2	2	1
3	2	2
4	3	1
5	3	2
6	4	1
7	4	2
8	5	1
9	5	2
10	6	1
11	6	2
\.


--
-- Data for Name: site_sitesettings; Type: TABLE DATA; Schema: public; Owner: saleor
--

COPY public.site_sitesettings (id, header_text, description, site_id, bottom_menu_id, top_menu_id, display_gross_prices, include_taxes_in_prices, charge_taxes_on_shipping, track_inventory_by_default, default_weight_unit, automatic_fulfillment_digital_products, default_digital_max_downloads, default_digital_url_valid_days, company_address_id, default_mail_sender_address, default_mail_sender_name, customer_set_password_url, fulfillment_allow_unpaid, fulfillment_auto_approve, gift_card_expiry_period, gift_card_expiry_period_type, gift_card_expiry_type, reserve_stock_duration_anonymous_user, reserve_stock_duration_authenticated_user, limit_quantity_per_checkout, enable_account_confirmation_by_email, metadata, private_metadata, allow_login_without_confirmation, refund_reason_reference_type_id, use_legacy_update_webhook_emission, preserve_all_address_fields) FROM stdin;
1	Test Saleor - a sample shop!		1	\N	1	t	t	t	t	kg	f	\N	\N	\N	\N		\N	f	t	\N	\N	never_expire	\N	\N	50	t	{}	{}	f	6	t	f
\.


--
-- Data for Name: site_sitesettingstranslation; Type: TABLE DATA; Schema: public; Owner: saleor
--

COPY public.site_sitesettingstranslation (id, language_code, header_text, description, site_settings_id) FROM stdin;
\.


--
-- Data for Name: tax_taxclass; Type: TABLE DATA; Schema: public; Owner: saleor
--

COPY public.tax_taxclass (id, private_metadata, metadata, name) FROM stdin;
1	{}	{}	Groceries
2	{}	{}	Books
\.


--
-- Data for Name: tax_taxclasscountryrate; Type: TABLE DATA; Schema: public; Owner: saleor
--

COPY public.tax_taxclasscountryrate (id, country, rate, tax_class_id) FROM stdin;
\.


--
-- Data for Name: tax_taxconfiguration; Type: TABLE DATA; Schema: public; Owner: saleor
--

COPY public.tax_taxconfiguration (id, private_metadata, metadata, charge_taxes, tax_calculation_strategy, display_gross_prices, prices_entered_with_tax, channel_id, tax_app_id, use_weighted_tax_for_shipping) FROM stdin;
1	{}	{}	t	FLAT_RATES	f	f	1	\N	f
2	{}	{}	t	FLAT_RATES	t	t	2	\N	f
\.


--
-- Data for Name: tax_taxconfigurationpercountry; Type: TABLE DATA; Schema: public; Owner: saleor
--

COPY public.tax_taxconfigurationpercountry (id, country, charge_taxes, tax_calculation_strategy, display_gross_prices, tax_configuration_id, tax_app_id, use_weighted_tax_for_shipping) FROM stdin;
\.


--
-- Data for Name: thumbnail_thumbnail; Type: TABLE DATA; Schema: public; Owner: saleor
--

COPY public.thumbnail_thumbnail (id, image, size, format, category_id, collection_id, product_media_id, user_id, app_id, app_installation_id) FROM stdin;
30	thumbnails/products/glp-1_cc152d4d_thumbnail_1024.png	1024	\N	\N	\N	51	\N	\N	\N
31	thumbnails/products/glp-1_03888baa_thumbnail_1024.png	1024	\N	\N	\N	102	\N	\N	\N
29	thumbnails/products/glp-1_abe9784c_thumbnail_1024.png	1024	\N	\N	\N	57	\N	\N	\N
32	thumbnails/products/glp-1_5f468e2f_thumbnail_1024.png	1024	\N	\N	\N	55	\N	\N	\N
33	thumbnails/products/glp-1_69b2bb18_thumbnail_1024.png	1024	\N	\N	\N	103	\N	\N	\N
34	thumbnails/products/glp-1_5d271946_thumbnail_1024.png	1024	\N	\N	\N	90	\N	\N	\N
35	thumbnails/products/glp-1_93553806_thumbnail_1024.png	1024	\N	\N	\N	97	\N	\N	\N
36	thumbnails/products/glp-1_25cb1ebf_thumbnail_1024.png	1024	\N	\N	\N	53	\N	\N	\N
37	thumbnails/products/glp-1_dd2d009d_thumbnail_1024.png	1024	\N	\N	\N	121	\N	\N	\N
39	thumbnails/products/glp-1_807439bb_thumbnail_1024.png	1024	\N	\N	\N	69	\N	\N	\N
38	thumbnails/products/glp-1_5dc0d9a1_thumbnail_1024.png	1024	\N	\N	\N	96	\N	\N	\N
40	thumbnails/products/glp-1_8d75ad77_thumbnail_1024.png	1024	\N	\N	\N	62	\N	\N	\N
41	thumbnails/products/glp-1_d43a08b5_thumbnail_1024.png	1024	\N	\N	\N	81	\N	\N	\N
42	thumbnails/products/glp-1_dcaf46cb_thumbnail_1024.png	1024	\N	\N	\N	58	\N	\N	\N
43	thumbnails/products/glp-1_f746dcd0_thumbnail_1024.png	1024	\N	\N	\N	111	\N	\N	\N
44	thumbnails/products/glp-1_8cb8071e_thumbnail_1024.png	1024	\N	\N	\N	56	\N	\N	\N
45	thumbnails/products/glp-1_7d275ac6_thumbnail_1024.png	1024	\N	\N	\N	49	\N	\N	\N
46	thumbnails/products/glp-1_d4e9d29a_thumbnail_1024.png	1024	\N	\N	\N	50	\N	\N	\N
47	thumbnails/products/glp-1_aa3a460b_thumbnail_1024.png	1024	\N	\N	\N	75	\N	\N	\N
48	thumbnails/products/glp-1_e08515ce_thumbnail_1024.png	1024	\N	\N	\N	76	\N	\N	\N
49	thumbnails/products/glp-1_7d275ac6_thumbnail_1024.webp	1024	webp	\N	\N	49	\N	\N	\N
50	thumbnails/products/glp-1_d4e9d29a_thumbnail_1024.webp	1024	webp	\N	\N	50	\N	\N	\N
51	thumbnails/products/glp-1_6229a00d_thumbnail_1024.webp	1024	webp	\N	\N	52	\N	\N	\N
52	thumbnails/products/glp-1_c8714896_thumbnail_1024.webp	1024	webp	\N	\N	54	\N	\N	\N
53	thumbnails/products/glp-1_8cb8071e_thumbnail_1024.webp	1024	webp	\N	\N	56	\N	\N	\N
54	thumbnails/products/glp-1_25cb1ebf_thumbnail_1024.webp	1024	webp	\N	\N	53	\N	\N	\N
55	thumbnails/products/glp-1_1f026ba2_thumbnail_1024.webp	1024	webp	\N	\N	59	\N	\N	\N
56	thumbnails/products/glp-1_bfb56d4e_thumbnail_1024.webp	1024	webp	\N	\N	68	\N	\N	\N
57	thumbnails/products/glp-1_37fdd45a_thumbnail_1024.webp	1024	webp	\N	\N	70	\N	\N	\N
58	thumbnails/products/glp-1_dc61321e_thumbnail_1024.webp	1024	webp	\N	\N	80	\N	\N	\N
59	thumbnails/products/glp-1_e08515ce_thumbnail_1024.webp	1024	webp	\N	\N	76	\N	\N	\N
60	thumbnails/products/glp-1_7d1988e0_thumbnail_1024.webp	1024	webp	\N	\N	86	\N	\N	\N
61	thumbnails/products/glp-1_5dc0d9a1_thumbnail_1024.webp	1024	webp	\N	\N	96	\N	\N	\N
62	thumbnails/products/glp-1_ba181589_thumbnail_1024.webp	1024	webp	\N	\N	87	\N	\N	\N
63	thumbnails/products/glp-1_a326b24d_thumbnail_1024.webp	1024	webp	\N	\N	95	\N	\N	\N
64	thumbnails/products/glp-1_f00cee2d_thumbnail_1024.webp	1024	webp	\N	\N	98	\N	\N	\N
65	thumbnails/products/glp-1_8e8714d2_thumbnail_1024.webp	1024	webp	\N	\N	92	\N	\N	\N
66	thumbnails/products/glp-1_725a6d3e_thumbnail_1024.webp	1024	webp	\N	\N	94	\N	\N	\N
67	thumbnails/products/glp-1_96240352_thumbnail_1024.webp	1024	webp	\N	\N	99	\N	\N	\N
68	thumbnails/products/glp-1_f746dcd0_thumbnail_1024.webp	1024	webp	\N	\N	111	\N	\N	\N
69	thumbnails/products/glp-1_b4e6d26c_thumbnail_1024.webp	1024	webp	\N	\N	100	\N	\N	\N
70	thumbnails/products/glp-1_0ce6ad3c_thumbnail_1024.webp	1024	webp	\N	\N	110	\N	\N	\N
71	thumbnails/products/glp-1_26b2ce29_thumbnail_1024.webp	1024	webp	\N	\N	104	\N	\N	\N
72	thumbnails/products/glp-1_69b2bb18_thumbnail_1024.webp	1024	webp	\N	\N	103	\N	\N	\N
73	thumbnails/products/glp-1_cc152d4d_thumbnail_1024.webp	1024	webp	\N	\N	51	\N	\N	\N
74	thumbnails/products/glp-1_abe9784c_thumbnail_1024.webp	1024	webp	\N	\N	57	\N	\N	\N
75	thumbnails/products/glp-1_5f468e2f_thumbnail_1024.webp	1024	webp	\N	\N	55	\N	\N	\N
76	thumbnails/products/glp-1_dcaf46cb_thumbnail_1024.webp	1024	webp	\N	\N	58	\N	\N	\N
77	thumbnails/products/glp-1_0b4f514d_thumbnail_1024.webp	1024	webp	\N	\N	60	\N	\N	\N
78	thumbnails/products/glp-1_6229a00d_thumbnail_256.png	256	\N	\N	\N	52	\N	\N	\N
79	thumbnails/products/glp-1_6229a00d_thumbnail_64.png	64	\N	\N	\N	52	\N	\N	\N
80	thumbnails/products/glp-1_93553806_thumbnail_1024.webp	1024	webp	\N	\N	97	\N	\N	\N
81	thumbnails/products/glp-1_ab471782_thumbnail_1024.webp	1024	webp	\N	\N	84	\N	\N	\N
82	thumbnails/products/glp-1_e0572af3_thumbnail_1024.webp	1024	webp	\N	\N	83	\N	\N	\N
83	thumbnails/products/glp-1_ac9479d4_thumbnail_1024.webp	1024	webp	\N	\N	101	\N	\N	\N
84	thumbnails/products/glp-1_97ce1810_thumbnail_1024.webp	1024	webp	\N	\N	63	\N	\N	\N
85	thumbnails/products/glp-1_8d75ad77_thumbnail_1024.webp	1024	webp	\N	\N	62	\N	\N	\N
86	thumbnails/products/glp-1_25d07e71_thumbnail_1024.webp	1024	webp	\N	\N	61	\N	\N	\N
87	thumbnails/products/glp-1_dbec553e_thumbnail_1024.webp	1024	webp	\N	\N	65	\N	\N	\N
89	thumbnails/products/glp-1_db32f42f_thumbnail_1024.webp	1024	webp	\N	\N	64	\N	\N	\N
88	thumbnails/products/glp-1_aaa2e53c_thumbnail_1024.webp	1024	webp	\N	\N	67	\N	\N	\N
90	thumbnails/products/glp-1_2fcf59da_thumbnail_1024.webp	1024	webp	\N	\N	73	\N	\N	\N
91	thumbnails/products/glp-1_c1936535_thumbnail_1024.webp	1024	webp	\N	\N	74	\N	\N	\N
92	thumbnails/products/glp-1_4955f765_thumbnail_1024.webp	1024	webp	\N	\N	72	\N	\N	\N
93	thumbnails/products/glp-1_82ffd9bb_thumbnail_1024.webp	1024	webp	\N	\N	71	\N	\N	\N
94	thumbnails/products/glp-1_db14af84_thumbnail_1024.webp	1024	webp	\N	\N	85	\N	\N	\N
95	thumbnails/products/glp-1_2e34ccd6_thumbnail_1024.webp	1024	webp	\N	\N	109	\N	\N	\N
96	thumbnails/products/glp-1_2abb63c5_thumbnail_1024.webp	1024	webp	\N	\N	116	\N	\N	\N
97	thumbnails/products/glp-1_4b0ac2cf_thumbnail_1024.webp	1024	webp	\N	\N	78	\N	\N	\N
98	thumbnails/products/glp-1_5d271946_thumbnail_1024.webp	1024	webp	\N	\N	90	\N	\N	\N
99	thumbnails/products/glp-1_1f026ba2_thumbnail_1024.png	1024	\N	\N	\N	59	\N	\N	\N
100	thumbnails/products/glp-1_42efa480_thumbnail_1024.png	1024	\N	\N	\N	107	\N	\N	\N
101	thumbnails/products/glp-1_d4e9d29a_thumbnail_64.png	64	\N	\N	\N	50	\N	\N	\N
102	thumbnails/products/glp-1_7d275ac6_thumbnail_64.png	64	\N	\N	\N	49	\N	\N	\N
103	thumbnails/products/glp-1_7d275ac6_thumbnail_256.png	256	\N	\N	\N	49	\N	\N	\N
\.


--
-- Data for Name: warehouse_allocation; Type: TABLE DATA; Schema: public; Owner: saleor
--

COPY public.warehouse_allocation (id, quantity_allocated, stock_id, order_line_id) FROM stdin;
\.


--
-- Data for Name: warehouse_channelwarehouse; Type: TABLE DATA; Schema: public; Owner: saleor
--

COPY public.warehouse_channelwarehouse (id, warehouse_id, channel_id, sort_order) FROM stdin;
1	3b269f58-8606-4bc8-8faf-17e099d0756e	1	\N
2	0ef965c8-2c4e-4162-9cc8-63e5fc48d075	1	\N
3	0ef965c8-2c4e-4162-9cc8-63e5fc48d075	2	\N
4	c253fbab-8955-424d-916f-437dfaeae734	1	\N
5	c253fbab-8955-424d-916f-437dfaeae734	2	\N
6	9800ac66-7af5-4cd3-838a-67ff3d4c2f7f	1	\N
7	9800ac66-7af5-4cd3-838a-67ff3d4c2f7f	2	\N
8	66416db8-964f-4653-a18d-e40da8cf11df	1	\N
9	66416db8-964f-4653-a18d-e40da8cf11df	2	\N
10	b7d62134-0066-4cb2-b86a-35867b5bb934	1	\N
11	b7d62134-0066-4cb2-b86a-35867b5bb934	2	\N
12	190c2134-4d9b-4280-bc75-2ca5975a4365	1	\N
13	190c2134-4d9b-4280-bc75-2ca5975a4365	2	\N
14	2068bc9f-eeb8-4b61-9201-748813bd0b7d	2	\N
\.


--
-- Data for Name: warehouse_preorderallocation; Type: TABLE DATA; Schema: public; Owner: saleor
--

COPY public.warehouse_preorderallocation (id, quantity, product_variant_channel_listing_id, order_line_id) FROM stdin;
\.


--
-- Data for Name: warehouse_preorderreservation; Type: TABLE DATA; Schema: public; Owner: saleor
--

COPY public.warehouse_preorderreservation (id, quantity_reserved, reserved_until, product_variant_channel_listing_id, checkout_line_id) FROM stdin;
\.


--
-- Data for Name: warehouse_reservation; Type: TABLE DATA; Schema: public; Owner: saleor
--

COPY public.warehouse_reservation (id, quantity_reserved, reserved_until, stock_id, checkout_line_id) FROM stdin;
\.


--
-- Data for Name: warehouse_stock; Type: TABLE DATA; Schema: public; Owner: saleor
--

COPY public.warehouse_stock (id, quantity, product_variant_id, warehouse_id, quantity_allocated) FROM stdin;
585	100	402	3b269f58-8606-4bc8-8faf-17e099d0756e	0
586	100	403	3b269f58-8606-4bc8-8faf-17e099d0756e	0
587	100	404	3b269f58-8606-4bc8-8faf-17e099d0756e	0
588	100	405	3b269f58-8606-4bc8-8faf-17e099d0756e	0
589	100	406	3b269f58-8606-4bc8-8faf-17e099d0756e	0
590	100	407	3b269f58-8606-4bc8-8faf-17e099d0756e	0
591	100	408	3b269f58-8606-4bc8-8faf-17e099d0756e	0
592	100	409	3b269f58-8606-4bc8-8faf-17e099d0756e	0
593	100	410	3b269f58-8606-4bc8-8faf-17e099d0756e	0
594	100	411	3b269f58-8606-4bc8-8faf-17e099d0756e	0
595	100	412	3b269f58-8606-4bc8-8faf-17e099d0756e	0
596	100	413	3b269f58-8606-4bc8-8faf-17e099d0756e	0
597	100	414	3b269f58-8606-4bc8-8faf-17e099d0756e	0
598	100	415	3b269f58-8606-4bc8-8faf-17e099d0756e	0
599	100	416	3b269f58-8606-4bc8-8faf-17e099d0756e	0
600	100	417	3b269f58-8606-4bc8-8faf-17e099d0756e	0
601	100	418	3b269f58-8606-4bc8-8faf-17e099d0756e	0
602	100	419	3b269f58-8606-4bc8-8faf-17e099d0756e	0
603	100	420	3b269f58-8606-4bc8-8faf-17e099d0756e	0
604	100	421	3b269f58-8606-4bc8-8faf-17e099d0756e	0
605	100	422	3b269f58-8606-4bc8-8faf-17e099d0756e	0
606	100	423	3b269f58-8606-4bc8-8faf-17e099d0756e	0
607	100	424	3b269f58-8606-4bc8-8faf-17e099d0756e	0
608	100	425	3b269f58-8606-4bc8-8faf-17e099d0756e	0
609	100	426	3b269f58-8606-4bc8-8faf-17e099d0756e	0
610	100	427	3b269f58-8606-4bc8-8faf-17e099d0756e	0
611	100	428	3b269f58-8606-4bc8-8faf-17e099d0756e	0
612	100	429	3b269f58-8606-4bc8-8faf-17e099d0756e	0
613	100	430	3b269f58-8606-4bc8-8faf-17e099d0756e	0
614	100	431	3b269f58-8606-4bc8-8faf-17e099d0756e	0
615	100	432	3b269f58-8606-4bc8-8faf-17e099d0756e	0
616	100	433	3b269f58-8606-4bc8-8faf-17e099d0756e	0
617	100	434	3b269f58-8606-4bc8-8faf-17e099d0756e	0
618	100	435	3b269f58-8606-4bc8-8faf-17e099d0756e	0
619	100	436	3b269f58-8606-4bc8-8faf-17e099d0756e	0
620	100	437	3b269f58-8606-4bc8-8faf-17e099d0756e	0
621	100	438	3b269f58-8606-4bc8-8faf-17e099d0756e	0
622	100	439	3b269f58-8606-4bc8-8faf-17e099d0756e	0
623	100	440	3b269f58-8606-4bc8-8faf-17e099d0756e	0
624	100	441	3b269f58-8606-4bc8-8faf-17e099d0756e	0
625	100	442	3b269f58-8606-4bc8-8faf-17e099d0756e	0
626	100	443	3b269f58-8606-4bc8-8faf-17e099d0756e	0
627	100	444	3b269f58-8606-4bc8-8faf-17e099d0756e	0
628	100	445	3b269f58-8606-4bc8-8faf-17e099d0756e	0
629	100	446	3b269f58-8606-4bc8-8faf-17e099d0756e	0
630	100	447	3b269f58-8606-4bc8-8faf-17e099d0756e	0
631	100	448	3b269f58-8606-4bc8-8faf-17e099d0756e	0
632	100	449	3b269f58-8606-4bc8-8faf-17e099d0756e	0
633	100	450	3b269f58-8606-4bc8-8faf-17e099d0756e	0
634	100	451	3b269f58-8606-4bc8-8faf-17e099d0756e	0
635	100	452	3b269f58-8606-4bc8-8faf-17e099d0756e	0
636	100	453	3b269f58-8606-4bc8-8faf-17e099d0756e	0
637	100	454	3b269f58-8606-4bc8-8faf-17e099d0756e	0
638	100	455	3b269f58-8606-4bc8-8faf-17e099d0756e	0
639	100	456	3b269f58-8606-4bc8-8faf-17e099d0756e	0
640	100	457	3b269f58-8606-4bc8-8faf-17e099d0756e	0
641	100	458	3b269f58-8606-4bc8-8faf-17e099d0756e	0
642	100	459	3b269f58-8606-4bc8-8faf-17e099d0756e	0
643	100	460	3b269f58-8606-4bc8-8faf-17e099d0756e	0
644	100	461	3b269f58-8606-4bc8-8faf-17e099d0756e	0
645	100	462	3b269f58-8606-4bc8-8faf-17e099d0756e	0
646	100	463	3b269f58-8606-4bc8-8faf-17e099d0756e	0
647	100	464	3b269f58-8606-4bc8-8faf-17e099d0756e	0
648	100	465	3b269f58-8606-4bc8-8faf-17e099d0756e	0
649	100	466	3b269f58-8606-4bc8-8faf-17e099d0756e	0
650	100	467	3b269f58-8606-4bc8-8faf-17e099d0756e	0
651	100	468	3b269f58-8606-4bc8-8faf-17e099d0756e	0
652	100	469	3b269f58-8606-4bc8-8faf-17e099d0756e	0
653	100	470	3b269f58-8606-4bc8-8faf-17e099d0756e	0
654	100	471	3b269f58-8606-4bc8-8faf-17e099d0756e	0
655	100	472	3b269f58-8606-4bc8-8faf-17e099d0756e	0
656	100	473	3b269f58-8606-4bc8-8faf-17e099d0756e	0
657	100	474	3b269f58-8606-4bc8-8faf-17e099d0756e	0
658	100	475	3b269f58-8606-4bc8-8faf-17e099d0756e	0
659	100	476	3b269f58-8606-4bc8-8faf-17e099d0756e	0
660	100	477	3b269f58-8606-4bc8-8faf-17e099d0756e	0
661	100	478	3b269f58-8606-4bc8-8faf-17e099d0756e	0
662	100	479	3b269f58-8606-4bc8-8faf-17e099d0756e	0
663	100	480	3b269f58-8606-4bc8-8faf-17e099d0756e	0
664	100	481	3b269f58-8606-4bc8-8faf-17e099d0756e	0
665	100	482	3b269f58-8606-4bc8-8faf-17e099d0756e	0
666	100	483	3b269f58-8606-4bc8-8faf-17e099d0756e	0
667	100	484	3b269f58-8606-4bc8-8faf-17e099d0756e	0
668	100	485	3b269f58-8606-4bc8-8faf-17e099d0756e	0
669	100	486	3b269f58-8606-4bc8-8faf-17e099d0756e	0
670	100	487	3b269f58-8606-4bc8-8faf-17e099d0756e	0
671	100	488	3b269f58-8606-4bc8-8faf-17e099d0756e	0
672	100	489	3b269f58-8606-4bc8-8faf-17e099d0756e	0
673	100	490	3b269f58-8606-4bc8-8faf-17e099d0756e	0
674	100	491	3b269f58-8606-4bc8-8faf-17e099d0756e	0
675	100	492	3b269f58-8606-4bc8-8faf-17e099d0756e	0
676	100	493	3b269f58-8606-4bc8-8faf-17e099d0756e	0
677	100	494	3b269f58-8606-4bc8-8faf-17e099d0756e	0
678	100	495	3b269f58-8606-4bc8-8faf-17e099d0756e	0
679	100	496	3b269f58-8606-4bc8-8faf-17e099d0756e	0
680	100	497	3b269f58-8606-4bc8-8faf-17e099d0756e	0
681	100	498	3b269f58-8606-4bc8-8faf-17e099d0756e	0
682	100	499	3b269f58-8606-4bc8-8faf-17e099d0756e	0
683	100	500	3b269f58-8606-4bc8-8faf-17e099d0756e	0
684	100	501	3b269f58-8606-4bc8-8faf-17e099d0756e	0
685	100	502	3b269f58-8606-4bc8-8faf-17e099d0756e	0
686	100	503	3b269f58-8606-4bc8-8faf-17e099d0756e	0
687	100	504	3b269f58-8606-4bc8-8faf-17e099d0756e	0
688	100	505	3b269f58-8606-4bc8-8faf-17e099d0756e	0
689	100	506	3b269f58-8606-4bc8-8faf-17e099d0756e	0
690	100	507	3b269f58-8606-4bc8-8faf-17e099d0756e	0
691	100	508	3b269f58-8606-4bc8-8faf-17e099d0756e	0
692	100	509	3b269f58-8606-4bc8-8faf-17e099d0756e	0
693	100	510	3b269f58-8606-4bc8-8faf-17e099d0756e	0
694	100	511	3b269f58-8606-4bc8-8faf-17e099d0756e	0
695	100	512	3b269f58-8606-4bc8-8faf-17e099d0756e	0
696	100	513	3b269f58-8606-4bc8-8faf-17e099d0756e	0
697	100	514	3b269f58-8606-4bc8-8faf-17e099d0756e	0
698	100	515	3b269f58-8606-4bc8-8faf-17e099d0756e	0
699	100	516	3b269f58-8606-4bc8-8faf-17e099d0756e	0
700	100	517	3b269f58-8606-4bc8-8faf-17e099d0756e	0
701	100	518	3b269f58-8606-4bc8-8faf-17e099d0756e	0
702	100	519	3b269f58-8606-4bc8-8faf-17e099d0756e	0
703	100	520	3b269f58-8606-4bc8-8faf-17e099d0756e	0
704	100	521	3b269f58-8606-4bc8-8faf-17e099d0756e	0
705	100	522	3b269f58-8606-4bc8-8faf-17e099d0756e	0
706	100	523	3b269f58-8606-4bc8-8faf-17e099d0756e	0
707	100	524	3b269f58-8606-4bc8-8faf-17e099d0756e	0
708	100	525	3b269f58-8606-4bc8-8faf-17e099d0756e	0
709	100	526	3b269f58-8606-4bc8-8faf-17e099d0756e	0
710	100	527	3b269f58-8606-4bc8-8faf-17e099d0756e	0
711	100	528	3b269f58-8606-4bc8-8faf-17e099d0756e	0
712	100	529	3b269f58-8606-4bc8-8faf-17e099d0756e	0
713	100	530	3b269f58-8606-4bc8-8faf-17e099d0756e	0
714	100	531	3b269f58-8606-4bc8-8faf-17e099d0756e	0
715	100	532	3b269f58-8606-4bc8-8faf-17e099d0756e	0
716	100	533	3b269f58-8606-4bc8-8faf-17e099d0756e	0
717	100	534	3b269f58-8606-4bc8-8faf-17e099d0756e	0
718	100	535	3b269f58-8606-4bc8-8faf-17e099d0756e	0
719	100	536	3b269f58-8606-4bc8-8faf-17e099d0756e	0
720	100	537	3b269f58-8606-4bc8-8faf-17e099d0756e	0
721	100	538	3b269f58-8606-4bc8-8faf-17e099d0756e	0
722	100	539	3b269f58-8606-4bc8-8faf-17e099d0756e	0
723	100	540	3b269f58-8606-4bc8-8faf-17e099d0756e	0
724	100	541	3b269f58-8606-4bc8-8faf-17e099d0756e	0
725	100	542	3b269f58-8606-4bc8-8faf-17e099d0756e	0
726	100	543	3b269f58-8606-4bc8-8faf-17e099d0756e	0
727	100	544	3b269f58-8606-4bc8-8faf-17e099d0756e	0
728	100	545	3b269f58-8606-4bc8-8faf-17e099d0756e	0
729	100	546	3b269f58-8606-4bc8-8faf-17e099d0756e	0
730	100	547	3b269f58-8606-4bc8-8faf-17e099d0756e	0
731	100	548	3b269f58-8606-4bc8-8faf-17e099d0756e	0
732	100	549	3b269f58-8606-4bc8-8faf-17e099d0756e	0
733	100	550	3b269f58-8606-4bc8-8faf-17e099d0756e	0
734	100	551	3b269f58-8606-4bc8-8faf-17e099d0756e	0
735	100	552	3b269f58-8606-4bc8-8faf-17e099d0756e	0
736	100	553	3b269f58-8606-4bc8-8faf-17e099d0756e	0
737	100	554	3b269f58-8606-4bc8-8faf-17e099d0756e	0
738	100	555	3b269f58-8606-4bc8-8faf-17e099d0756e	0
739	100	556	3b269f58-8606-4bc8-8faf-17e099d0756e	0
740	100	557	3b269f58-8606-4bc8-8faf-17e099d0756e	0
741	100	558	3b269f58-8606-4bc8-8faf-17e099d0756e	0
742	100	559	3b269f58-8606-4bc8-8faf-17e099d0756e	0
743	100	560	3b269f58-8606-4bc8-8faf-17e099d0756e	0
744	100	561	3b269f58-8606-4bc8-8faf-17e099d0756e	0
745	100	562	3b269f58-8606-4bc8-8faf-17e099d0756e	0
746	100	563	3b269f58-8606-4bc8-8faf-17e099d0756e	0
747	100	564	3b269f58-8606-4bc8-8faf-17e099d0756e	0
748	100	565	3b269f58-8606-4bc8-8faf-17e099d0756e	0
749	100	566	3b269f58-8606-4bc8-8faf-17e099d0756e	0
750	100	567	3b269f58-8606-4bc8-8faf-17e099d0756e	0
751	100	568	3b269f58-8606-4bc8-8faf-17e099d0756e	0
\.


--
-- Data for Name: warehouse_warehouse; Type: TABLE DATA; Schema: public; Owner: saleor
--

COPY public.warehouse_warehouse (id, name, email, address_id, slug, metadata, private_metadata, click_and_collect_option, is_private, external_reference) FROM stdin;
3b269f58-8606-4bc8-8faf-17e099d0756e	Default Warehouse		1	default-warehouse	{}	{}	disabled	t	\N
0ef965c8-2c4e-4162-9cc8-63e5fc48d075	Default		2	default	{}	{}	all	f	\N
c253fbab-8955-424d-916f-437dfaeae734	Europe		3	europe	{}	{}	all	t	\N
9800ac66-7af5-4cd3-838a-67ff3d4c2f7f	Oceania		4	oceania	{}	{}	all	f	\N
66416db8-964f-4653-a18d-e40da8cf11df	Asia		5	asia	{}	{}	local	f	\N
b7d62134-0066-4cb2-b86a-35867b5bb934	Americas		6	americas	{}	{}	all	f	\N
190c2134-4d9b-4280-bc75-2ca5975a4365	Africa		7	africa	{}	{}	disabled	f	\N
2068bc9f-eeb8-4b61-9201-748813bd0b7d	Default for click and collect		8	default-for-click-and-collect	{}	{}	local	f	\N
\.


--
-- Data for Name: warehouse_warehouse_shipping_zones; Type: TABLE DATA; Schema: public; Owner: saleor
--

COPY public.warehouse_warehouse_shipping_zones (id, warehouse_id, shippingzone_id) FROM stdin;
1	3b269f58-8606-4bc8-8faf-17e099d0756e	1
2	0ef965c8-2c4e-4162-9cc8-63e5fc48d075	1
3	c253fbab-8955-424d-916f-437dfaeae734	2
4	9800ac66-7af5-4cd3-838a-67ff3d4c2f7f	3
5	66416db8-964f-4653-a18d-e40da8cf11df	4
6	b7d62134-0066-4cb2-b86a-35867b5bb934	5
7	190c2134-4d9b-4280-bc75-2ca5975a4365	6
8	2068bc9f-eeb8-4b61-9201-748813bd0b7d	1
\.


--
-- Data for Name: webhook_webhook; Type: TABLE DATA; Schema: public; Owner: saleor
--

COPY public.webhook_webhook (id, target_url, is_active, secret_key, app_id, name, subscription_query, custom_headers, filterable_channel_slugs) FROM stdin;
\.


--
-- Data for Name: webhook_webhookevent; Type: TABLE DATA; Schema: public; Owner: saleor
--

COPY public.webhook_webhookevent (id, event_type, webhook_id) FROM stdin;
\.


--
-- Name: account_customerevent_id_seq; Type: SEQUENCE SET; Schema: public; Owner: saleor
--

SELECT pg_catalog.setval('public.account_customerevent_id_seq', 1, true);


--
-- Name: account_customernote_id_seq; Type: SEQUENCE SET; Schema: public; Owner: saleor
--

SELECT pg_catalog.setval('public.account_customernote_id_seq', 1, false);


--
-- Name: account_group_channels_id_seq; Type: SEQUENCE SET; Schema: public; Owner: saleor
--

SELECT pg_catalog.setval('public.account_group_channels_id_seq', 1, false);


--
-- Name: account_serviceaccount_id_seq; Type: SEQUENCE SET; Schema: public; Owner: saleor
--

SELECT pg_catalog.setval('public.account_serviceaccount_id_seq', 1, false);


--
-- Name: account_serviceaccount_permissions_id_seq; Type: SEQUENCE SET; Schema: public; Owner: saleor
--

SELECT pg_catalog.setval('public.account_serviceaccount_permissions_id_seq', 1, false);


--
-- Name: account_serviceaccounttoken_id_seq; Type: SEQUENCE SET; Schema: public; Owner: saleor
--

SELECT pg_catalog.setval('public.account_serviceaccounttoken_id_seq', 1, false);


--
-- Name: account_staffnotificationrecipient_id_seq; Type: SEQUENCE SET; Schema: public; Owner: saleor
--

SELECT pg_catalog.setval('public.account_staffnotificationrecipient_id_seq', 1, false);


--
-- Name: app_appextension_id_seq; Type: SEQUENCE SET; Schema: public; Owner: saleor
--

SELECT pg_catalog.setval('public.app_appextension_id_seq', 1, false);


--
-- Name: app_appextension_permissions_id_seq; Type: SEQUENCE SET; Schema: public; Owner: saleor
--

SELECT pg_catalog.setval('public.app_appextension_permissions_id_seq', 1, false);


--
-- Name: app_appinstallation_id_seq; Type: SEQUENCE SET; Schema: public; Owner: saleor
--

SELECT pg_catalog.setval('public.app_appinstallation_id_seq', 1, false);


--
-- Name: app_appinstallation_permissions_id_seq; Type: SEQUENCE SET; Schema: public; Owner: saleor
--

SELECT pg_catalog.setval('public.app_appinstallation_permissions_id_seq', 1, false);


--
-- Name: app_appproblem_id_seq; Type: SEQUENCE SET; Schema: public; Owner: saleor
--

SELECT pg_catalog.setval('public.app_appproblem_id_seq', 1, false);


--
-- Name: attribute_assignedpageattributevalue_id_seq; Type: SEQUENCE SET; Schema: public; Owner: saleor
--

SELECT pg_catalog.setval('public.attribute_assignedpageattributevalue_id_seq', 1, false);


--
-- Name: attribute_assignedproductattributevalue_id_seq; Type: SEQUENCE SET; Schema: public; Owner: saleor
--

SELECT pg_catalog.setval('public.attribute_assignedproductattributevalue_id_seq', 261, true);


--
-- Name: attribute_assignedvariantattributevalue_id_seq; Type: SEQUENCE SET; Schema: public; Owner: saleor
--

SELECT pg_catalog.setval('public.attribute_assignedvariantattributevalue_id_seq', 731, true);


--
-- Name: attribute_attribute_reference_page_types_id_seq; Type: SEQUENCE SET; Schema: public; Owner: saleor
--

SELECT pg_catalog.setval('public.attribute_attribute_reference_page_types_id_seq', 1, true);


--
-- Name: attribute_attribute_reference_product_types_id_seq; Type: SEQUENCE SET; Schema: public; Owner: saleor
--

SELECT pg_catalog.setval('public.attribute_attribute_reference_product_types_id_seq', 1, false);


--
-- Name: auth_group_id_seq; Type: SEQUENCE SET; Schema: public; Owner: saleor
--

SELECT pg_catalog.setval('public.auth_group_id_seq', 24, true);


--
-- Name: auth_group_permissions_id_seq; Type: SEQUENCE SET; Schema: public; Owner: saleor
--

SELECT pg_catalog.setval('public.auth_group_permissions_id_seq', 56, true);


--
-- Name: auth_permission_id_seq; Type: SEQUENCE SET; Schema: public; Owner: saleor
--

SELECT pg_catalog.setval('public.auth_permission_id_seq', 520, true);


--
-- Name: channel_channel_id_seq; Type: SEQUENCE SET; Schema: public; Owner: saleor
--

SELECT pg_catalog.setval('public.channel_channel_id_seq', 2, true);


--
-- Name: checkout_checkout_gift_cards_id_seq; Type: SEQUENCE SET; Schema: public; Owner: saleor
--

SELECT pg_catalog.setval('public.checkout_checkout_gift_cards_id_seq', 1, false);


--
-- Name: checkout_checkoutmetadata_id_seq; Type: SEQUENCE SET; Schema: public; Owner: saleor
--

SELECT pg_catalog.setval('public.checkout_checkoutmetadata_id_seq', 4, true);


--
-- Name: core_eventdelivery_id_seq; Type: SEQUENCE SET; Schema: public; Owner: saleor
--

SELECT pg_catalog.setval('public.core_eventdelivery_id_seq', 1, false);


--
-- Name: core_eventdeliveryattempt_id_seq; Type: SEQUENCE SET; Schema: public; Owner: saleor
--

SELECT pg_catalog.setval('public.core_eventdeliveryattempt_id_seq', 1, false);


--
-- Name: core_eventpayload_id_seq; Type: SEQUENCE SET; Schema: public; Owner: saleor
--

SELECT pg_catalog.setval('public.core_eventpayload_id_seq', 1, false);


--
-- Name: csv_exportevent_id_seq; Type: SEQUENCE SET; Schema: public; Owner: saleor
--

SELECT pg_catalog.setval('public.csv_exportevent_id_seq', 1, false);


--
-- Name: csv_exportfile_id_seq; Type: SEQUENCE SET; Schema: public; Owner: saleor
--

SELECT pg_catalog.setval('public.csv_exportfile_id_seq', 1, false);


--
-- Name: discount_promotion_old_sale_id_seq; Type: SEQUENCE SET; Schema: public; Owner: saleor
--

SELECT pg_catalog.setval('public.discount_promotion_old_sale_id_seq', 1000, false);


--
-- Name: discount_promotionrule_channels_id_seq; Type: SEQUENCE SET; Schema: public; Owner: saleor
--

SELECT pg_catalog.setval('public.discount_promotionrule_channels_id_seq', 16, true);


--
-- Name: discount_promotionrule_gifts_id_seq; Type: SEQUENCE SET; Schema: public; Owner: saleor
--

SELECT pg_catalog.setval('public.discount_promotionrule_gifts_id_seq', 1, false);


--
-- Name: discount_promotionrule_old_channel_listing_id_seq; Type: SEQUENCE SET; Schema: public; Owner: saleor
--

SELECT pg_catalog.setval('public.discount_promotionrule_old_channel_listing_id_seq', 1000, false);


--
-- Name: discount_promotionrule_variants_id_seq; Type: SEQUENCE SET; Schema: public; Owner: saleor
--

SELECT pg_catalog.setval('public.discount_promotionrule_variants_id_seq', 16, true);


--
-- Name: discount_promotionruletranslation_id_seq; Type: SEQUENCE SET; Schema: public; Owner: saleor
--

SELECT pg_catalog.setval('public.discount_promotionruletranslation_id_seq', 1, false);


--
-- Name: discount_promotiontranslation_id_seq; Type: SEQUENCE SET; Schema: public; Owner: saleor
--

SELECT pg_catalog.setval('public.discount_promotiontranslation_id_seq', 1, false);


--
-- Name: discount_voucher_categories_id_seq; Type: SEQUENCE SET; Schema: public; Owner: saleor
--

SELECT pg_catalog.setval('public.discount_voucher_categories_id_seq', 1, false);


--
-- Name: discount_voucher_collections_id_seq; Type: SEQUENCE SET; Schema: public; Owner: saleor
--

SELECT pg_catalog.setval('public.discount_voucher_collections_id_seq', 1, false);


--
-- Name: discount_voucher_id_seq; Type: SEQUENCE SET; Schema: public; Owner: saleor
--

SELECT pg_catalog.setval('public.discount_voucher_id_seq', 3, true);


--
-- Name: discount_voucher_products_id_seq; Type: SEQUENCE SET; Schema: public; Owner: saleor
--

SELECT pg_catalog.setval('public.discount_voucher_products_id_seq', 1, false);


--
-- Name: discount_voucher_variants_id_seq; Type: SEQUENCE SET; Schema: public; Owner: saleor
--

SELECT pg_catalog.setval('public.discount_voucher_variants_id_seq', 1, false);


--
-- Name: discount_voucherchannellisting_id_seq; Type: SEQUENCE SET; Schema: public; Owner: saleor
--

SELECT pg_catalog.setval('public.discount_voucherchannellisting_id_seq', 6, true);


--
-- Name: discount_vouchercustomer_id_seq; Type: SEQUENCE SET; Schema: public; Owner: saleor
--

SELECT pg_catalog.setval('public.discount_vouchercustomer_id_seq', 1, false);


--
-- Name: discount_vouchertranslation_id_seq; Type: SEQUENCE SET; Schema: public; Owner: saleor
--

SELECT pg_catalog.setval('public.discount_vouchertranslation_id_seq', 1, false);


--
-- Name: django_celery_beat_clockedschedule_id_seq; Type: SEQUENCE SET; Schema: public; Owner: saleor
--

SELECT pg_catalog.setval('public.django_celery_beat_clockedschedule_id_seq', 1, false);


--
-- Name: django_celery_beat_crontabschedule_id_seq; Type: SEQUENCE SET; Schema: public; Owner: saleor
--

SELECT pg_catalog.setval('public.django_celery_beat_crontabschedule_id_seq', 1, false);


--
-- Name: django_celery_beat_intervalschedule_id_seq; Type: SEQUENCE SET; Schema: public; Owner: saleor
--

SELECT pg_catalog.setval('public.django_celery_beat_intervalschedule_id_seq', 1, false);


--
-- Name: django_celery_beat_periodictask_id_seq; Type: SEQUENCE SET; Schema: public; Owner: saleor
--

SELECT pg_catalog.setval('public.django_celery_beat_periodictask_id_seq', 1, false);


--
-- Name: django_celery_beat_solarschedule_id_seq; Type: SEQUENCE SET; Schema: public; Owner: saleor
--

SELECT pg_catalog.setval('public.django_celery_beat_solarschedule_id_seq', 1, false);


--
-- Name: django_content_type_id_seq; Type: SEQUENCE SET; Schema: public; Owner: saleor
--

SELECT pg_catalog.setval('public.django_content_type_id_seq', 124, true);


--
-- Name: django_migrations_id_seq; Type: SEQUENCE SET; Schema: public; Owner: saleor
--

SELECT pg_catalog.setval('public.django_migrations_id_seq', 1390, true);


--
-- Name: django_site_id_seq; Type: SEQUENCE SET; Schema: public; Owner: saleor
--

SELECT pg_catalog.setval('public.django_site_id_seq', 1, true);


--
-- Name: giftcard_giftcard_id_seq; Type: SEQUENCE SET; Schema: public; Owner: saleor
--

SELECT pg_catalog.setval('public.giftcard_giftcard_id_seq', 10, true);


--
-- Name: giftcard_giftcard_tags_id_seq; Type: SEQUENCE SET; Schema: public; Owner: saleor
--

SELECT pg_catalog.setval('public.giftcard_giftcard_tags_id_seq', 5, true);


--
-- Name: giftcard_giftcardevent_id_seq; Type: SEQUENCE SET; Schema: public; Owner: saleor
--

SELECT pg_catalog.setval('public.giftcard_giftcardevent_id_seq', 10, true);


--
-- Name: giftcard_giftcardtag_id_seq; Type: SEQUENCE SET; Schema: public; Owner: saleor
--

SELECT pg_catalog.setval('public.giftcard_giftcardtag_id_seq', 1, true);


--
-- Name: invoice_invoice_id_seq; Type: SEQUENCE SET; Schema: public; Owner: saleor
--

SELECT pg_catalog.setval('public.invoice_invoice_id_seq', 1, false);


--
-- Name: invoice_invoiceevent_id_seq; Type: SEQUENCE SET; Schema: public; Owner: saleor
--

SELECT pg_catalog.setval('public.invoice_invoiceevent_id_seq', 1, false);


--
-- Name: menu_menu_id_seq; Type: SEQUENCE SET; Schema: public; Owner: saleor
--

SELECT pg_catalog.setval('public.menu_menu_id_seq', 2, true);


--
-- Name: menu_menuitem_id_seq; Type: SEQUENCE SET; Schema: public; Owner: saleor
--

SELECT pg_catalog.setval('public.menu_menuitem_id_seq', 246, true);


--
-- Name: menu_menuitemtranslation_id_seq; Type: SEQUENCE SET; Schema: public; Owner: saleor
--

SELECT pg_catalog.setval('public.menu_menuitemtranslation_id_seq', 1, false);


--
-- Name: order_fulfillment_id_seq; Type: SEQUENCE SET; Schema: public; Owner: saleor
--

SELECT pg_catalog.setval('public.order_fulfillment_id_seq', 13, true);


--
-- Name: order_fulfillmentline_id_seq; Type: SEQUENCE SET; Schema: public; Owner: saleor
--

SELECT pg_catalog.setval('public.order_fulfillmentline_id_seq', 16, true);


--
-- Name: order_order_gift_cards_id_seq; Type: SEQUENCE SET; Schema: public; Owner: saleor
--

SELECT pg_catalog.setval('public.order_order_gift_cards_id_seq', 1, false);


--
-- Name: order_order_number_seq; Type: SEQUENCE SET; Schema: public; Owner: saleor
--

SELECT pg_catalog.setval('public.order_order_number_seq', 20, true);


--
-- Name: order_orderevent_id_seq; Type: SEQUENCE SET; Schema: public; Owner: saleor
--

SELECT pg_catalog.setval('public.order_orderevent_id_seq', 1, false);


--
-- Name: order_ordergrantedrefund_id_seq; Type: SEQUENCE SET; Schema: public; Owner: saleor
--

SELECT pg_catalog.setval('public.order_ordergrantedrefund_id_seq', 1, false);


--
-- Name: order_ordergrantedrefundline_id_seq; Type: SEQUENCE SET; Schema: public; Owner: saleor
--

SELECT pg_catalog.setval('public.order_ordergrantedrefundline_id_seq', 1, false);


--
-- Name: page_page_id_seq; Type: SEQUENCE SET; Schema: public; Owner: saleor
--

SELECT pg_catalog.setval('public.page_page_id_seq', 10, true);


--
-- Name: page_pagetranslation_id_seq; Type: SEQUENCE SET; Schema: public; Owner: saleor
--

SELECT pg_catalog.setval('public.page_pagetranslation_id_seq', 1, false);


--
-- Name: page_pagetype_id_seq; Type: SEQUENCE SET; Schema: public; Owner: saleor
--

SELECT pg_catalog.setval('public.page_pagetype_id_seq', 6, true);


--
-- Name: payment_paymentmethod_id_seq; Type: SEQUENCE SET; Schema: public; Owner: saleor
--

SELECT pg_catalog.setval('public.payment_paymentmethod_id_seq', 1, false);


--
-- Name: payment_transaction_id_seq; Type: SEQUENCE SET; Schema: public; Owner: saleor
--

SELECT pg_catalog.setval('public.payment_transaction_id_seq', 1, false);


--
-- Name: payment_transactionevent_id_seq; Type: SEQUENCE SET; Schema: public; Owner: saleor
--

SELECT pg_catalog.setval('public.payment_transactionevent_id_seq', 54, true);


--
-- Name: payment_transactionitem_id_seq; Type: SEQUENCE SET; Schema: public; Owner: saleor
--

SELECT pg_catalog.setval('public.payment_transactionitem_id_seq', 20, true);


--
-- Name: plugins_emailtemplate_id_seq; Type: SEQUENCE SET; Schema: public; Owner: saleor
--

SELECT pg_catalog.setval('public.plugins_emailtemplate_id_seq', 15, true);


--
-- Name: plugins_pluginconfiguration_id_seq; Type: SEQUENCE SET; Schema: public; Owner: saleor
--

SELECT pg_catalog.setval('public.plugins_pluginconfiguration_id_seq', 2, true);


--
-- Name: product_assignedvariantattribute_id_seq; Type: SEQUENCE SET; Schema: public; Owner: saleor
--

SELECT pg_catalog.setval('public.product_assignedvariantattribute_id_seq', 191, true);


--
-- Name: product_attributechoicevalue_id_seq; Type: SEQUENCE SET; Schema: public; Owner: saleor
--

SELECT pg_catalog.setval('public.product_attributechoicevalue_id_seq', 166, true);


--
-- Name: product_attributechoicevaluetranslation_id_seq; Type: SEQUENCE SET; Schema: public; Owner: saleor
--

SELECT pg_catalog.setval('public.product_attributechoicevaluetranslation_id_seq', 1, false);


--
-- Name: product_attributepage_id_seq; Type: SEQUENCE SET; Schema: public; Owner: saleor
--

SELECT pg_catalog.setval('public.product_attributepage_id_seq', 1, false);


--
-- Name: product_attributeproduct_id_seq; Type: SEQUENCE SET; Schema: public; Owner: saleor
--

SELECT pg_catalog.setval('public.product_attributeproduct_id_seq', 75, true);


--
-- Name: product_attributevariant_id_seq; Type: SEQUENCE SET; Schema: public; Owner: saleor
--

SELECT pg_catalog.setval('public.product_attributevariant_id_seq', 15, true);


--
-- Name: product_category_id_seq; Type: SEQUENCE SET; Schema: public; Owner: saleor
--

SELECT pg_catalog.setval('public.product_category_id_seq', 64, true);


--
-- Name: product_categorytranslation_id_seq; Type: SEQUENCE SET; Schema: public; Owner: saleor
--

SELECT pg_catalog.setval('public.product_categorytranslation_id_seq', 1, false);


--
-- Name: product_collection_id_seq; Type: SEQUENCE SET; Schema: public; Owner: saleor
--

SELECT pg_catalog.setval('public.product_collection_id_seq', 33, true);


--
-- Name: product_collection_products_id_seq; Type: SEQUENCE SET; Schema: public; Owner: saleor
--

SELECT pg_catalog.setval('public.product_collection_products_id_seq', 90, true);


--
-- Name: product_collectionchannellisting_id_seq; Type: SEQUENCE SET; Schema: public; Owner: saleor
--

SELECT pg_catalog.setval('public.product_collectionchannellisting_id_seq', 38, true);


--
-- Name: product_collectiontranslation_id_seq; Type: SEQUENCE SET; Schema: public; Owner: saleor
--

SELECT pg_catalog.setval('public.product_collectiontranslation_id_seq', 1, false);


--
-- Name: product_digitalcontent_id_seq; Type: SEQUENCE SET; Schema: public; Owner: saleor
--

SELECT pg_catalog.setval('public.product_digitalcontent_id_seq', 1, false);


--
-- Name: product_digitalcontenturl_id_seq; Type: SEQUENCE SET; Schema: public; Owner: saleor
--

SELECT pg_catalog.setval('public.product_digitalcontenturl_id_seq', 1, false);


--
-- Name: product_product_id_seq; Type: SEQUENCE SET; Schema: public; Owner: saleor
--

SELECT pg_catalog.setval('public.product_product_id_seq', 237, true);


--
-- Name: product_productattribute_id_seq; Type: SEQUENCE SET; Schema: public; Owner: saleor
--

SELECT pg_catalog.setval('public.product_productattribute_id_seq', 53, true);


--
-- Name: product_productattributetranslation_id_seq; Type: SEQUENCE SET; Schema: public; Owner: saleor
--

SELECT pg_catalog.setval('public.product_productattributetranslation_id_seq', 1, false);


--
-- Name: product_productchannellisting_id_seq; Type: SEQUENCE SET; Schema: public; Owner: saleor
--

SELECT pg_catalog.setval('public.product_productchannellisting_id_seq', 218, true);


--
-- Name: product_productclass_id_seq; Type: SEQUENCE SET; Schema: public; Owner: saleor
--

SELECT pg_catalog.setval('public.product_productclass_id_seq', 36, true);


--
-- Name: product_productmedia_id_seq; Type: SEQUENCE SET; Schema: public; Owner: saleor
--

SELECT pg_catalog.setval('public.product_productmedia_id_seq', 121, true);


--
-- Name: product_producttranslation_id_seq; Type: SEQUENCE SET; Schema: public; Owner: saleor
--

SELECT pg_catalog.setval('public.product_producttranslation_id_seq', 1, false);


--
-- Name: product_productvariant_id_seq; Type: SEQUENCE SET; Schema: public; Owner: saleor
--

SELECT pg_catalog.setval('public.product_productvariant_id_seq', 568, true);


--
-- Name: product_productvariantchannellisting_id_seq; Type: SEQUENCE SET; Schema: public; Owner: saleor
--

SELECT pg_catalog.setval('public.product_productvariantchannellisting_id_seq', 540, true);


--
-- Name: product_productvarianttranslation_id_seq; Type: SEQUENCE SET; Schema: public; Owner: saleor
--

SELECT pg_catalog.setval('public.product_productvarianttranslation_id_seq', 1, false);


--
-- Name: product_variantchannellistingpromotionrule_id_seq; Type: SEQUENCE SET; Schema: public; Owner: saleor
--

SELECT pg_catalog.setval('public.product_variantchannellistingpromotionrule_id_seq', 30, true);


--
-- Name: product_variantmedia_id_seq; Type: SEQUENCE SET; Schema: public; Owner: saleor
--

SELECT pg_catalog.setval('public.product_variantmedia_id_seq', 73, true);


--
-- Name: schedulers_customschedule_id_seq; Type: SEQUENCE SET; Schema: public; Owner: saleor
--

SELECT pg_catalog.setval('public.schedulers_customschedule_id_seq', 1, false);


--
-- Name: shipping_shippingmethod_excluded_products_id_seq; Type: SEQUENCE SET; Schema: public; Owner: saleor
--

SELECT pg_catalog.setval('public.shipping_shippingmethod_excluded_products_id_seq', 1, false);


--
-- Name: shipping_shippingmethod_id_seq; Type: SEQUENCE SET; Schema: public; Owner: saleor
--

SELECT pg_catalog.setval('public.shipping_shippingmethod_id_seq', 20, true);


--
-- Name: shipping_shippingmethodchannellisting_id_seq; Type: SEQUENCE SET; Schema: public; Owner: saleor
--

SELECT pg_catalog.setval('public.shipping_shippingmethodchannellisting_id_seq', 39, true);


--
-- Name: shipping_shippingmethodtranslation_id_seq; Type: SEQUENCE SET; Schema: public; Owner: saleor
--

SELECT pg_catalog.setval('public.shipping_shippingmethodtranslation_id_seq', 1, false);


--
-- Name: shipping_shippingmethodzipcoderule_id_seq; Type: SEQUENCE SET; Schema: public; Owner: saleor
--

SELECT pg_catalog.setval('public.shipping_shippingmethodzipcoderule_id_seq', 1, false);


--
-- Name: shipping_shippingzone_channels_id_seq; Type: SEQUENCE SET; Schema: public; Owner: saleor
--

SELECT pg_catalog.setval('public.shipping_shippingzone_channels_id_seq', 11, true);


--
-- Name: shipping_shippingzone_id_seq; Type: SEQUENCE SET; Schema: public; Owner: saleor
--

SELECT pg_catalog.setval('public.shipping_shippingzone_id_seq', 6, true);


--
-- Name: site_sitesettings_id_seq; Type: SEQUENCE SET; Schema: public; Owner: saleor
--

SELECT pg_catalog.setval('public.site_sitesettings_id_seq', 1, true);


--
-- Name: site_sitesettingstranslation_id_seq; Type: SEQUENCE SET; Schema: public; Owner: saleor
--

SELECT pg_catalog.setval('public.site_sitesettingstranslation_id_seq', 1, false);


--
-- Name: tax_taxclass_id_seq; Type: SEQUENCE SET; Schema: public; Owner: saleor
--

SELECT pg_catalog.setval('public.tax_taxclass_id_seq', 2, true);


--
-- Name: tax_taxclasscountryrate_id_seq; Type: SEQUENCE SET; Schema: public; Owner: saleor
--

SELECT pg_catalog.setval('public.tax_taxclasscountryrate_id_seq', 1, false);


--
-- Name: tax_taxconfiguration_id_seq; Type: SEQUENCE SET; Schema: public; Owner: saleor
--

SELECT pg_catalog.setval('public.tax_taxconfiguration_id_seq', 2, true);


--
-- Name: tax_taxconfigurationpercountry_id_seq; Type: SEQUENCE SET; Schema: public; Owner: saleor
--

SELECT pg_catalog.setval('public.tax_taxconfigurationpercountry_id_seq', 1, false);


--
-- Name: thumbnail_thumbnail_id_seq; Type: SEQUENCE SET; Schema: public; Owner: saleor
--

SELECT pg_catalog.setval('public.thumbnail_thumbnail_id_seq', 103, true);


--
-- Name: userprofile_address_id_seq; Type: SEQUENCE SET; Schema: public; Owner: saleor
--

SELECT pg_catalog.setval('public.userprofile_address_id_seq', 69, true);


--
-- Name: userprofile_user_addresses_id_seq; Type: SEQUENCE SET; Schema: public; Owner: saleor
--

SELECT pg_catalog.setval('public.userprofile_user_addresses_id_seq', 44, true);


--
-- Name: userprofile_user_groups_id_seq; Type: SEQUENCE SET; Schema: public; Owner: saleor
--

SELECT pg_catalog.setval('public.userprofile_user_groups_id_seq', 27, true);


--
-- Name: userprofile_user_id_seq; Type: SEQUENCE SET; Schema: public; Owner: saleor
--

SELECT pg_catalog.setval('public.userprofile_user_id_seq', 45, true);


--
-- Name: userprofile_user_user_permissions_id_seq; Type: SEQUENCE SET; Schema: public; Owner: saleor
--

SELECT pg_catalog.setval('public.userprofile_user_user_permissions_id_seq', 1, false);


--
-- Name: warehouse_allocation_id_seq; Type: SEQUENCE SET; Schema: public; Owner: saleor
--

SELECT pg_catalog.setval('public.warehouse_allocation_id_seq', 57, true);


--
-- Name: warehouse_preorderallocation_id_seq; Type: SEQUENCE SET; Schema: public; Owner: saleor
--

SELECT pg_catalog.setval('public.warehouse_preorderallocation_id_seq', 1, false);


--
-- Name: warehouse_preorderreservation_id_seq; Type: SEQUENCE SET; Schema: public; Owner: saleor
--

SELECT pg_catalog.setval('public.warehouse_preorderreservation_id_seq', 1, false);


--
-- Name: warehouse_reservation_id_seq; Type: SEQUENCE SET; Schema: public; Owner: saleor
--

SELECT pg_catalog.setval('public.warehouse_reservation_id_seq', 1, false);


--
-- Name: warehouse_stock_id_seq; Type: SEQUENCE SET; Schema: public; Owner: saleor
--

SELECT pg_catalog.setval('public.warehouse_stock_id_seq', 751, true);


--
-- Name: warehouse_warehouse_channels_id_seq; Type: SEQUENCE SET; Schema: public; Owner: saleor
--

SELECT pg_catalog.setval('public.warehouse_warehouse_channels_id_seq', 14, true);


--
-- Name: warehouse_warehouse_shipping_zones_id_seq; Type: SEQUENCE SET; Schema: public; Owner: saleor
--

SELECT pg_catalog.setval('public.warehouse_warehouse_shipping_zones_id_seq', 8, true);


--
-- Name: webhook_webhook_id_seq; Type: SEQUENCE SET; Schema: public; Owner: saleor
--

SELECT pg_catalog.setval('public.webhook_webhook_id_seq', 1, false);


--
-- Name: webhook_webhookevent_id_seq; Type: SEQUENCE SET; Schema: public; Owner: saleor
--

SELECT pg_catalog.setval('public.webhook_webhookevent_id_seq', 1, false);


--
-- Name: account_customerevent account_customerevent_pkey; Type: CONSTRAINT; Schema: public; Owner: saleor
--

ALTER TABLE ONLY public.account_customerevent
    ADD CONSTRAINT account_customerevent_pkey PRIMARY KEY (id);


--
-- Name: account_customernote account_customernote_pkey; Type: CONSTRAINT; Schema: public; Owner: saleor
--

ALTER TABLE ONLY public.account_customernote
    ADD CONSTRAINT account_customernote_pkey PRIMARY KEY (id);


--
-- Name: account_group_channels account_group_channels_group_id_channel_id_b6d749af_uniq; Type: CONSTRAINT; Schema: public; Owner: saleor
--

ALTER TABLE ONLY public.account_group_channels
    ADD CONSTRAINT account_group_channels_group_id_channel_id_b6d749af_uniq UNIQUE (group_id, channel_id);


--
-- Name: account_group_channels account_group_channels_pkey; Type: CONSTRAINT; Schema: public; Owner: saleor
--

ALTER TABLE ONLY public.account_group_channels
    ADD CONSTRAINT account_group_channels_pkey PRIMARY KEY (id);


--
-- Name: account_group account_group_name_key; Type: CONSTRAINT; Schema: public; Owner: saleor
--

ALTER TABLE ONLY public.account_group
    ADD CONSTRAINT account_group_name_key UNIQUE (name);


--
-- Name: account_group_permissions account_group_permissions_group_id_permission_id_745742e5_uniq; Type: CONSTRAINT; Schema: public; Owner: saleor
--

ALTER TABLE ONLY public.account_group_permissions
    ADD CONSTRAINT account_group_permissions_group_id_permission_id_745742e5_uniq UNIQUE (group_id, permission_id);


--
-- Name: account_group_permissions account_group_permissions_pkey; Type: CONSTRAINT; Schema: public; Owner: saleor
--

ALTER TABLE ONLY public.account_group_permissions
    ADD CONSTRAINT account_group_permissions_pkey PRIMARY KEY (id);


--
-- Name: account_group account_group_pkey; Type: CONSTRAINT; Schema: public; Owner: saleor
--

ALTER TABLE ONLY public.account_group
    ADD CONSTRAINT account_group_pkey PRIMARY KEY (id);


--
-- Name: app_app account_serviceaccount_pkey; Type: CONSTRAINT; Schema: public; Owner: saleor
--

ALTER TABLE ONLY public.app_app
    ADD CONSTRAINT account_serviceaccount_pkey PRIMARY KEY (id);


--
-- Name: app_apptoken account_serviceaccounttoken_auth_token_key; Type: CONSTRAINT; Schema: public; Owner: saleor
--

ALTER TABLE ONLY public.app_apptoken
    ADD CONSTRAINT account_serviceaccounttoken_auth_token_key UNIQUE (auth_token);


--
-- Name: app_apptoken account_serviceaccounttoken_pkey; Type: CONSTRAINT; Schema: public; Owner: saleor
--

ALTER TABLE ONLY public.app_apptoken
    ADD CONSTRAINT account_serviceaccounttoken_pkey PRIMARY KEY (id);


--
-- Name: account_staffnotificationrecipient account_staffnotificationrecipient_pkey; Type: CONSTRAINT; Schema: public; Owner: saleor
--

ALTER TABLE ONLY public.account_staffnotificationrecipient
    ADD CONSTRAINT account_staffnotificationrecipient_pkey PRIMARY KEY (id);


--
-- Name: account_staffnotificationrecipient account_staffnotificationrecipient_staff_email_key; Type: CONSTRAINT; Schema: public; Owner: saleor
--

ALTER TABLE ONLY public.account_staffnotificationrecipient
    ADD CONSTRAINT account_staffnotificationrecipient_staff_email_key UNIQUE (staff_email);


--
-- Name: account_staffnotificationrecipient account_staffnotificationrecipient_user_id_key; Type: CONSTRAINT; Schema: public; Owner: saleor
--

ALTER TABLE ONLY public.account_staffnotificationrecipient
    ADD CONSTRAINT account_staffnotificationrecipient_user_id_key UNIQUE (user_id);


--
-- Name: account_user account_user_external_reference_key; Type: CONSTRAINT; Schema: public; Owner: saleor
--

ALTER TABLE ONLY public.account_user
    ADD CONSTRAINT account_user_external_reference_key UNIQUE (external_reference);


--
-- Name: account_user account_user_uuid_b4063ea1_uniq; Type: CONSTRAINT; Schema: public; Owner: saleor
--

ALTER TABLE ONLY public.account_user
    ADD CONSTRAINT account_user_uuid_b4063ea1_uniq UNIQUE (uuid);


--
-- Name: app_app_permissions app_app_permissions_app_id_permission_id_0e940a82_uniq; Type: CONSTRAINT; Schema: public; Owner: saleor
--

ALTER TABLE ONLY public.app_app_permissions
    ADD CONSTRAINT app_app_permissions_app_id_permission_id_0e940a82_uniq UNIQUE (app_id, permission_id);


--
-- Name: app_app_permissions app_app_permissions_pkey; Type: CONSTRAINT; Schema: public; Owner: saleor
--

ALTER TABLE ONLY public.app_app_permissions
    ADD CONSTRAINT app_app_permissions_pkey PRIMARY KEY (id);


--
-- Name: app_app app_app_uuid_key; Type: CONSTRAINT; Schema: public; Owner: saleor
--

ALTER TABLE ONLY public.app_app
    ADD CONSTRAINT app_app_uuid_key UNIQUE (uuid);


--
-- Name: app_appextension_permissions app_appextension_permiss_appextension_id_permissi_04ce63c6_uniq; Type: CONSTRAINT; Schema: public; Owner: saleor
--

ALTER TABLE ONLY public.app_appextension_permissions
    ADD CONSTRAINT app_appextension_permiss_appextension_id_permissi_04ce63c6_uniq UNIQUE (appextension_id, permission_id);


--
-- Name: app_appextension_permissions app_appextension_permissions_pkey; Type: CONSTRAINT; Schema: public; Owner: saleor
--

ALTER TABLE ONLY public.app_appextension_permissions
    ADD CONSTRAINT app_appextension_permissions_pkey PRIMARY KEY (id);


--
-- Name: app_appextension app_appextension_pkey; Type: CONSTRAINT; Schema: public; Owner: saleor
--

ALTER TABLE ONLY public.app_appextension
    ADD CONSTRAINT app_appextension_pkey PRIMARY KEY (id);


--
-- Name: app_appinstallation_permissions app_appinstallation_perm_appinstallation_id_permi_7b7e0448_uniq; Type: CONSTRAINT; Schema: public; Owner: saleor
--

ALTER TABLE ONLY public.app_appinstallation_permissions
    ADD CONSTRAINT app_appinstallation_perm_appinstallation_id_permi_7b7e0448_uniq UNIQUE (appinstallation_id, permission_id);


--
-- Name: app_appinstallation_permissions app_appinstallation_permissions_pkey; Type: CONSTRAINT; Schema: public; Owner: saleor
--

ALTER TABLE ONLY public.app_appinstallation_permissions
    ADD CONSTRAINT app_appinstallation_permissions_pkey PRIMARY KEY (id);


--
-- Name: app_appinstallation app_appinstallation_pkey; Type: CONSTRAINT; Schema: public; Owner: saleor
--

ALTER TABLE ONLY public.app_appinstallation
    ADD CONSTRAINT app_appinstallation_pkey PRIMARY KEY (id);


--
-- Name: app_appinstallation app_appinstallation_uuid_key; Type: CONSTRAINT; Schema: public; Owner: saleor
--

ALTER TABLE ONLY public.app_appinstallation
    ADD CONSTRAINT app_appinstallation_uuid_key UNIQUE (uuid);


--
-- Name: app_appproblem app_appproblem_pkey; Type: CONSTRAINT; Schema: public; Owner: saleor
--

ALTER TABLE ONLY public.app_appproblem
    ADD CONSTRAINT app_appproblem_pkey PRIMARY KEY (id);


--
-- Name: attribute_assignedpageattributevalue attribute_assignedpageat_value_id_page_id_851cd501_uniq; Type: CONSTRAINT; Schema: public; Owner: saleor
--

ALTER TABLE ONLY public.attribute_assignedpageattributevalue
    ADD CONSTRAINT attribute_assignedpageat_value_id_page_id_851cd501_uniq UNIQUE (value_id, page_id);


--
-- Name: attribute_assignedpageattributevalue attribute_assignedpageattributevalue_pkey; Type: CONSTRAINT; Schema: public; Owner: saleor
--

ALTER TABLE ONLY public.attribute_assignedpageattributevalue
    ADD CONSTRAINT attribute_assignedpageattributevalue_pkey PRIMARY KEY (id);


--
-- Name: attribute_assignedproductattributevalue attribute_assignedproduc_value_id_product_id_6f6deb31_uniq; Type: CONSTRAINT; Schema: public; Owner: saleor
--

ALTER TABLE ONLY public.attribute_assignedproductattributevalue
    ADD CONSTRAINT attribute_assignedproduc_value_id_product_id_6f6deb31_uniq UNIQUE (value_id, product_id);


--
-- Name: attribute_assignedproductattributevalue attribute_assignedproductattributevalue_pkey; Type: CONSTRAINT; Schema: public; Owner: saleor
--

ALTER TABLE ONLY public.attribute_assignedproductattributevalue
    ADD CONSTRAINT attribute_assignedproductattributevalue_pkey PRIMARY KEY (id);


--
-- Name: attribute_assignedvariantattributevalue attribute_assignedvarian_value_id_assignment_id_6f7e4e27_uniq; Type: CONSTRAINT; Schema: public; Owner: saleor
--

ALTER TABLE ONLY public.attribute_assignedvariantattributevalue
    ADD CONSTRAINT attribute_assignedvarian_value_id_assignment_id_6f7e4e27_uniq UNIQUE (value_id, assignment_id);


--
-- Name: attribute_assignedvariantattributevalue attribute_assignedvariantattributevalue_pkey; Type: CONSTRAINT; Schema: public; Owner: saleor
--

ALTER TABLE ONLY public.attribute_assignedvariantattributevalue
    ADD CONSTRAINT attribute_assignedvariantattributevalue_pkey PRIMARY KEY (id);


--
-- Name: attribute_attribute attribute_attribute_external_reference_key; Type: CONSTRAINT; Schema: public; Owner: saleor
--

ALTER TABLE ONLY public.attribute_attribute
    ADD CONSTRAINT attribute_attribute_external_reference_key UNIQUE (external_reference);


--
-- Name: attribute_attribute_reference_page_types attribute_attribute_refe_attribute_id_pagetype_id_71dd4a83_uniq; Type: CONSTRAINT; Schema: public; Owner: saleor
--

ALTER TABLE ONLY public.attribute_attribute_reference_page_types
    ADD CONSTRAINT attribute_attribute_refe_attribute_id_pagetype_id_71dd4a83_uniq UNIQUE (attribute_id, pagetype_id);


--
-- Name: attribute_attribute_reference_product_types attribute_attribute_refe_attribute_id_producttype_4b3dee6f_uniq; Type: CONSTRAINT; Schema: public; Owner: saleor
--

ALTER TABLE ONLY public.attribute_attribute_reference_product_types
    ADD CONSTRAINT attribute_attribute_refe_attribute_id_producttype_4b3dee6f_uniq UNIQUE (attribute_id, producttype_id);


--
-- Name: attribute_attribute_reference_page_types attribute_attribute_reference_page_types_pkey; Type: CONSTRAINT; Schema: public; Owner: saleor
--

ALTER TABLE ONLY public.attribute_attribute_reference_page_types
    ADD CONSTRAINT attribute_attribute_reference_page_types_pkey PRIMARY KEY (id);


--
-- Name: attribute_attribute_reference_product_types attribute_attribute_reference_product_types_pkey; Type: CONSTRAINT; Schema: public; Owner: saleor
--

ALTER TABLE ONLY public.attribute_attribute_reference_product_types
    ADD CONSTRAINT attribute_attribute_reference_product_types_pkey PRIMARY KEY (id);


--
-- Name: attribute_attributevalue attribute_attributevalue_external_reference_key; Type: CONSTRAINT; Schema: public; Owner: saleor
--

ALTER TABLE ONLY public.attribute_attributevalue
    ADD CONSTRAINT attribute_attributevalue_external_reference_key UNIQUE (external_reference);


--
-- Name: checkout_checkout cart_cart_pkey; Type: CONSTRAINT; Schema: public; Owner: saleor
--

ALTER TABLE ONLY public.checkout_checkout
    ADD CONSTRAINT cart_cart_pkey PRIMARY KEY (token);


--
-- Name: channel_channel channel_channel_pkey; Type: CONSTRAINT; Schema: public; Owner: saleor
--

ALTER TABLE ONLY public.channel_channel
    ADD CONSTRAINT channel_channel_pkey PRIMARY KEY (id);


--
-- Name: channel_channel channel_channel_slug_key; Type: CONSTRAINT; Schema: public; Owner: saleor
--

ALTER TABLE ONLY public.channel_channel
    ADD CONSTRAINT channel_channel_slug_key UNIQUE (slug);


--
-- Name: checkout_checkout_gift_cards checkout_checkout_gift_c_checkout_id_giftcard_id_401ba79e_uniq; Type: CONSTRAINT; Schema: public; Owner: saleor
--

ALTER TABLE ONLY public.checkout_checkout_gift_cards
    ADD CONSTRAINT checkout_checkout_gift_c_checkout_id_giftcard_id_401ba79e_uniq UNIQUE (checkout_id, giftcard_id);


--
-- Name: checkout_checkout_gift_cards checkout_checkout_gift_cards_pkey; Type: CONSTRAINT; Schema: public; Owner: saleor
--

ALTER TABLE ONLY public.checkout_checkout_gift_cards
    ADD CONSTRAINT checkout_checkout_gift_cards_pkey PRIMARY KEY (id);


--
-- Name: checkout_checkoutdelivery checkout_checkoutdelivery_pkey; Type: CONSTRAINT; Schema: public; Owner: saleor
--

ALTER TABLE ONLY public.checkout_checkoutdelivery
    ADD CONSTRAINT checkout_checkoutdelivery_pkey PRIMARY KEY (id);


--
-- Name: checkout_checkoutline checkout_checkoutline_old_id_key; Type: CONSTRAINT; Schema: public; Owner: saleor
--

ALTER TABLE ONLY public.checkout_checkoutline
    ADD CONSTRAINT checkout_checkoutline_old_id_key UNIQUE (old_id);


--
-- Name: checkout_checkoutline checkout_checkoutline_token_bc62c7b0_pk; Type: CONSTRAINT; Schema: public; Owner: saleor
--

ALTER TABLE ONLY public.checkout_checkoutline
    ADD CONSTRAINT checkout_checkoutline_token_bc62c7b0_pk PRIMARY KEY (id);


--
-- Name: checkout_checkoutmetadata checkout_checkoutmetadata_checkout_id_key; Type: CONSTRAINT; Schema: public; Owner: saleor
--

ALTER TABLE ONLY public.checkout_checkoutmetadata
    ADD CONSTRAINT checkout_checkoutmetadata_checkout_id_key UNIQUE (checkout_id);


--
-- Name: checkout_checkoutmetadata checkout_checkoutmetadata_pkey; Type: CONSTRAINT; Schema: public; Owner: saleor
--

ALTER TABLE ONLY public.checkout_checkoutmetadata
    ADD CONSTRAINT checkout_checkoutmetadata_pkey PRIMARY KEY (id);


--
-- Name: core_eventdelivery core_eventdelivery_pkey; Type: CONSTRAINT; Schema: public; Owner: saleor
--

ALTER TABLE ONLY public.core_eventdelivery
    ADD CONSTRAINT core_eventdelivery_pkey PRIMARY KEY (id);


--
-- Name: core_eventdeliveryattempt core_eventdeliveryattempt_pkey; Type: CONSTRAINT; Schema: public; Owner: saleor
--

ALTER TABLE ONLY public.core_eventdeliveryattempt
    ADD CONSTRAINT core_eventdeliveryattempt_pkey PRIMARY KEY (id);


--
-- Name: core_eventpayload core_eventpayload_pkey; Type: CONSTRAINT; Schema: public; Owner: saleor
--

ALTER TABLE ONLY public.core_eventpayload
    ADD CONSTRAINT core_eventpayload_pkey PRIMARY KEY (id);


--
-- Name: csv_exportevent csv_exportevent_pkey; Type: CONSTRAINT; Schema: public; Owner: saleor
--

ALTER TABLE ONLY public.csv_exportevent
    ADD CONSTRAINT csv_exportevent_pkey PRIMARY KEY (id);


--
-- Name: csv_exportfile csv_exportfile_pkey; Type: CONSTRAINT; Schema: public; Owner: saleor
--

ALTER TABLE ONLY public.csv_exportfile
    ADD CONSTRAINT csv_exportfile_pkey PRIMARY KEY (id);


--
-- Name: discount_checkoutdiscount discount_checkoutdiscoun_checkout_id_promotion_ru_d2e697fb_uniq; Type: CONSTRAINT; Schema: public; Owner: saleor
--

ALTER TABLE ONLY public.discount_checkoutdiscount
    ADD CONSTRAINT discount_checkoutdiscoun_checkout_id_promotion_ru_d2e697fb_uniq UNIQUE (checkout_id, promotion_rule_id);


--
-- Name: discount_checkoutdiscount discount_checkoutdiscount_pkey; Type: CONSTRAINT; Schema: public; Owner: saleor
--

ALTER TABLE ONLY public.discount_checkoutdiscount
    ADD CONSTRAINT discount_checkoutdiscount_pkey PRIMARY KEY (id);


--
-- Name: discount_checkoutlinediscount discount_checkoutlinediscount_pkey; Type: CONSTRAINT; Schema: public; Owner: saleor
--

ALTER TABLE ONLY public.discount_checkoutlinediscount
    ADD CONSTRAINT discount_checkoutlinediscount_pkey PRIMARY KEY (id);


--
-- Name: discount_orderdiscount discount_orderdiscount_old_id_key; Type: CONSTRAINT; Schema: public; Owner: saleor
--

ALTER TABLE ONLY public.discount_orderdiscount
    ADD CONSTRAINT discount_orderdiscount_old_id_key UNIQUE (old_id);


--
-- Name: discount_orderdiscount discount_orderdiscount_token_e629a3e0_pk; Type: CONSTRAINT; Schema: public; Owner: saleor
--

ALTER TABLE ONLY public.discount_orderdiscount
    ADD CONSTRAINT discount_orderdiscount_token_e629a3e0_pk PRIMARY KEY (id);


--
-- Name: discount_orderlinediscount discount_orderlinediscount_pkey; Type: CONSTRAINT; Schema: public; Owner: saleor
--

ALTER TABLE ONLY public.discount_orderlinediscount
    ADD CONSTRAINT discount_orderlinediscount_pkey PRIMARY KEY (id);


--
-- Name: discount_promotion discount_promotion_old_sale_id_key; Type: CONSTRAINT; Schema: public; Owner: saleor
--

ALTER TABLE ONLY public.discount_promotion
    ADD CONSTRAINT discount_promotion_old_sale_id_key UNIQUE (old_sale_id);


--
-- Name: discount_promotion discount_promotion_pkey; Type: CONSTRAINT; Schema: public; Owner: saleor
--

ALTER TABLE ONLY public.discount_promotion
    ADD CONSTRAINT discount_promotion_pkey PRIMARY KEY (id);


--
-- Name: discount_promotionevent discount_promotionevent_pkey; Type: CONSTRAINT; Schema: public; Owner: saleor
--

ALTER TABLE ONLY public.discount_promotionevent
    ADD CONSTRAINT discount_promotionevent_pkey PRIMARY KEY (id);


--
-- Name: discount_promotionrule_channels discount_promotionrule_c_promotionrule_id_channel_561c4e6e_uniq; Type: CONSTRAINT; Schema: public; Owner: saleor
--

ALTER TABLE ONLY public.discount_promotionrule_channels
    ADD CONSTRAINT discount_promotionrule_c_promotionrule_id_channel_561c4e6e_uniq UNIQUE (promotionrule_id, channel_id);


--
-- Name: discount_promotionrule_channels discount_promotionrule_channels_pkey; Type: CONSTRAINT; Schema: public; Owner: saleor
--

ALTER TABLE ONLY public.discount_promotionrule_channels
    ADD CONSTRAINT discount_promotionrule_channels_pkey PRIMARY KEY (id);


--
-- Name: discount_promotionrule_gifts discount_promotionrule_g_promotionrule_id_product_d7f5da3b_uniq; Type: CONSTRAINT; Schema: public; Owner: saleor
--

ALTER TABLE ONLY public.discount_promotionrule_gifts
    ADD CONSTRAINT discount_promotionrule_g_promotionrule_id_product_d7f5da3b_uniq UNIQUE (promotionrule_id, productvariant_id);


--
-- Name: discount_promotionrule_gifts discount_promotionrule_gifts_pkey; Type: CONSTRAINT; Schema: public; Owner: saleor
--

ALTER TABLE ONLY public.discount_promotionrule_gifts
    ADD CONSTRAINT discount_promotionrule_gifts_pkey PRIMARY KEY (id);


--
-- Name: discount_promotionrule discount_promotionrule_old_channel_listing_id_key; Type: CONSTRAINT; Schema: public; Owner: saleor
--

ALTER TABLE ONLY public.discount_promotionrule
    ADD CONSTRAINT discount_promotionrule_old_channel_listing_id_key UNIQUE (old_channel_listing_id);


--
-- Name: discount_promotionrule discount_promotionrule_pkey; Type: CONSTRAINT; Schema: public; Owner: saleor
--

ALTER TABLE ONLY public.discount_promotionrule
    ADD CONSTRAINT discount_promotionrule_pkey PRIMARY KEY (id);


--
-- Name: discount_promotionrule_variants discount_promotionrule_v_promotionrule_id_product_017c4f65_uniq; Type: CONSTRAINT; Schema: public; Owner: saleor
--

ALTER TABLE ONLY public.discount_promotionrule_variants
    ADD CONSTRAINT discount_promotionrule_v_promotionrule_id_product_017c4f65_uniq UNIQUE (promotionrule_id, productvariant_id);


--
-- Name: discount_promotionrule_variants discount_promotionrule_variants_pkey; Type: CONSTRAINT; Schema: public; Owner: saleor
--

ALTER TABLE ONLY public.discount_promotionrule_variants
    ADD CONSTRAINT discount_promotionrule_variants_pkey PRIMARY KEY (id);


--
-- Name: discount_promotionruletranslation discount_promotionruletr_language_code_promotion__1b8b92f9_uniq; Type: CONSTRAINT; Schema: public; Owner: saleor
--

ALTER TABLE ONLY public.discount_promotionruletranslation
    ADD CONSTRAINT discount_promotionruletr_language_code_promotion__1b8b92f9_uniq UNIQUE (language_code, promotion_rule_id);


--
-- Name: discount_promotionruletranslation discount_promotionruletranslation_pkey; Type: CONSTRAINT; Schema: public; Owner: saleor
--

ALTER TABLE ONLY public.discount_promotionruletranslation
    ADD CONSTRAINT discount_promotionruletranslation_pkey PRIMARY KEY (id);


--
-- Name: discount_promotiontranslation discount_promotiontransl_language_code_promotion__a7ac2f7b_uniq; Type: CONSTRAINT; Schema: public; Owner: saleor
--

ALTER TABLE ONLY public.discount_promotiontranslation
    ADD CONSTRAINT discount_promotiontransl_language_code_promotion__a7ac2f7b_uniq UNIQUE (language_code, promotion_id);


--
-- Name: discount_promotiontranslation discount_promotiontranslation_pkey; Type: CONSTRAINT; Schema: public; Owner: saleor
--

ALTER TABLE ONLY public.discount_promotiontranslation
    ADD CONSTRAINT discount_promotiontranslation_pkey PRIMARY KEY (id);


--
-- Name: discount_voucher_categories discount_voucher_categor_voucher_id_category_id_bb5f8954_uniq; Type: CONSTRAINT; Schema: public; Owner: saleor
--

ALTER TABLE ONLY public.discount_voucher_categories
    ADD CONSTRAINT discount_voucher_categor_voucher_id_category_id_bb5f8954_uniq UNIQUE (voucher_id, category_id);


--
-- Name: discount_voucher_categories discount_voucher_categories_pkey; Type: CONSTRAINT; Schema: public; Owner: saleor
--

ALTER TABLE ONLY public.discount_voucher_categories
    ADD CONSTRAINT discount_voucher_categories_pkey PRIMARY KEY (id);


--
-- Name: discount_voucher_collections discount_voucher_collect_voucher_id_collection_id_736b8f24_uniq; Type: CONSTRAINT; Schema: public; Owner: saleor
--

ALTER TABLE ONLY public.discount_voucher_collections
    ADD CONSTRAINT discount_voucher_collect_voucher_id_collection_id_736b8f24_uniq UNIQUE (voucher_id, collection_id);


--
-- Name: discount_voucher_collections discount_voucher_collections_pkey; Type: CONSTRAINT; Schema: public; Owner: saleor
--

ALTER TABLE ONLY public.discount_voucher_collections
    ADD CONSTRAINT discount_voucher_collections_pkey PRIMARY KEY (id);


--
-- Name: discount_voucher discount_voucher_pkey; Type: CONSTRAINT; Schema: public; Owner: saleor
--

ALTER TABLE ONLY public.discount_voucher
    ADD CONSTRAINT discount_voucher_pkey PRIMARY KEY (id);


--
-- Name: discount_voucher_products discount_voucher_products_pkey; Type: CONSTRAINT; Schema: public; Owner: saleor
--

ALTER TABLE ONLY public.discount_voucher_products
    ADD CONSTRAINT discount_voucher_products_pkey PRIMARY KEY (id);


--
-- Name: discount_voucher_products discount_voucher_products_voucher_id_product_id_2b092ec4_uniq; Type: CONSTRAINT; Schema: public; Owner: saleor
--

ALTER TABLE ONLY public.discount_voucher_products
    ADD CONSTRAINT discount_voucher_products_voucher_id_product_id_2b092ec4_uniq UNIQUE (voucher_id, product_id);


--
-- Name: discount_voucher_variants discount_voucher_variant_voucher_id_productvarian_64886a32_uniq; Type: CONSTRAINT; Schema: public; Owner: saleor
--

ALTER TABLE ONLY public.discount_voucher_variants
    ADD CONSTRAINT discount_voucher_variant_voucher_id_productvarian_64886a32_uniq UNIQUE (voucher_id, productvariant_id);


--
-- Name: discount_voucher_variants discount_voucher_variants_pkey; Type: CONSTRAINT; Schema: public; Owner: saleor
--

ALTER TABLE ONLY public.discount_voucher_variants
    ADD CONSTRAINT discount_voucher_variants_pkey PRIMARY KEY (id);


--
-- Name: discount_voucherchannellisting discount_voucherchannell_voucher_id_channel_id_ef4fd653_uniq; Type: CONSTRAINT; Schema: public; Owner: saleor
--

ALTER TABLE ONLY public.discount_voucherchannellisting
    ADD CONSTRAINT discount_voucherchannell_voucher_id_channel_id_ef4fd653_uniq UNIQUE (voucher_id, channel_id);


--
-- Name: discount_voucherchannellisting discount_voucherchannellisting_pkey; Type: CONSTRAINT; Schema: public; Owner: saleor
--

ALTER TABLE ONLY public.discount_voucherchannellisting
    ADD CONSTRAINT discount_voucherchannellisting_pkey PRIMARY KEY (id);


--
-- Name: discount_vouchercode discount_vouchercode_code_key; Type: CONSTRAINT; Schema: public; Owner: saleor
--

ALTER TABLE ONLY public.discount_vouchercode
    ADD CONSTRAINT discount_vouchercode_code_key UNIQUE (code);


--
-- Name: discount_vouchercode discount_vouchercode_pkey; Type: CONSTRAINT; Schema: public; Owner: saleor
--

ALTER TABLE ONLY public.discount_vouchercode
    ADD CONSTRAINT discount_vouchercode_pkey PRIMARY KEY (id);


--
-- Name: discount_vouchercustomer discount_vouchercustomer_pkey; Type: CONSTRAINT; Schema: public; Owner: saleor
--

ALTER TABLE ONLY public.discount_vouchercustomer
    ADD CONSTRAINT discount_vouchercustomer_pkey PRIMARY KEY (id);


--
-- Name: discount_vouchercustomer discount_vouchercustomer_voucher_code_id_customer_4411499e_uniq; Type: CONSTRAINT; Schema: public; Owner: saleor
--

ALTER TABLE ONLY public.discount_vouchercustomer
    ADD CONSTRAINT discount_vouchercustomer_voucher_code_id_customer_4411499e_uniq UNIQUE (voucher_code_id, customer_email);


--
-- Name: discount_vouchertranslation discount_vouchertranslat_language_code_voucher_id_af4428b5_uniq; Type: CONSTRAINT; Schema: public; Owner: saleor
--

ALTER TABLE ONLY public.discount_vouchertranslation
    ADD CONSTRAINT discount_vouchertranslat_language_code_voucher_id_af4428b5_uniq UNIQUE (language_code, voucher_id);


--
-- Name: discount_vouchertranslation discount_vouchertranslation_pkey; Type: CONSTRAINT; Schema: public; Owner: saleor
--

ALTER TABLE ONLY public.discount_vouchertranslation
    ADD CONSTRAINT discount_vouchertranslation_pkey PRIMARY KEY (id);


--
-- Name: django_celery_beat_clockedschedule django_celery_beat_clockedschedule_pkey; Type: CONSTRAINT; Schema: public; Owner: saleor
--

ALTER TABLE ONLY public.django_celery_beat_clockedschedule
    ADD CONSTRAINT django_celery_beat_clockedschedule_pkey PRIMARY KEY (id);


--
-- Name: django_celery_beat_crontabschedule django_celery_beat_crontabschedule_pkey; Type: CONSTRAINT; Schema: public; Owner: saleor
--

ALTER TABLE ONLY public.django_celery_beat_crontabschedule
    ADD CONSTRAINT django_celery_beat_crontabschedule_pkey PRIMARY KEY (id);


--
-- Name: django_celery_beat_intervalschedule django_celery_beat_intervalschedule_pkey; Type: CONSTRAINT; Schema: public; Owner: saleor
--

ALTER TABLE ONLY public.django_celery_beat_intervalschedule
    ADD CONSTRAINT django_celery_beat_intervalschedule_pkey PRIMARY KEY (id);


--
-- Name: django_celery_beat_periodictask django_celery_beat_periodictask_name_key; Type: CONSTRAINT; Schema: public; Owner: saleor
--

ALTER TABLE ONLY public.django_celery_beat_periodictask
    ADD CONSTRAINT django_celery_beat_periodictask_name_key UNIQUE (name);


--
-- Name: django_celery_beat_periodictask django_celery_beat_periodictask_pkey; Type: CONSTRAINT; Schema: public; Owner: saleor
--

ALTER TABLE ONLY public.django_celery_beat_periodictask
    ADD CONSTRAINT django_celery_beat_periodictask_pkey PRIMARY KEY (id);


--
-- Name: django_celery_beat_periodictasks django_celery_beat_periodictasks_pkey; Type: CONSTRAINT; Schema: public; Owner: saleor
--

ALTER TABLE ONLY public.django_celery_beat_periodictasks
    ADD CONSTRAINT django_celery_beat_periodictasks_pkey PRIMARY KEY (ident);


--
-- Name: django_celery_beat_solarschedule django_celery_beat_solar_event_latitude_longitude_ba64999a_uniq; Type: CONSTRAINT; Schema: public; Owner: saleor
--

ALTER TABLE ONLY public.django_celery_beat_solarschedule
    ADD CONSTRAINT django_celery_beat_solar_event_latitude_longitude_ba64999a_uniq UNIQUE (event, latitude, longitude);


--
-- Name: django_celery_beat_solarschedule django_celery_beat_solarschedule_pkey; Type: CONSTRAINT; Schema: public; Owner: saleor
--

ALTER TABLE ONLY public.django_celery_beat_solarschedule
    ADD CONSTRAINT django_celery_beat_solarschedule_pkey PRIMARY KEY (id);


--
-- Name: django_content_type django_content_type_app_label_model_76bd3d3b_uniq; Type: CONSTRAINT; Schema: public; Owner: saleor
--

ALTER TABLE ONLY public.django_content_type
    ADD CONSTRAINT django_content_type_app_label_model_76bd3d3b_uniq UNIQUE (app_label, model);


--
-- Name: django_content_type django_content_type_pkey; Type: CONSTRAINT; Schema: public; Owner: saleor
--

ALTER TABLE ONLY public.django_content_type
    ADD CONSTRAINT django_content_type_pkey PRIMARY KEY (id);


--
-- Name: django_migrations django_migrations_pkey; Type: CONSTRAINT; Schema: public; Owner: saleor
--

ALTER TABLE ONLY public.django_migrations
    ADD CONSTRAINT django_migrations_pkey PRIMARY KEY (id);


--
-- Name: django_site django_site_domain_a2e37b91_uniq; Type: CONSTRAINT; Schema: public; Owner: saleor
--

ALTER TABLE ONLY public.django_site
    ADD CONSTRAINT django_site_domain_a2e37b91_uniq UNIQUE (domain);


--
-- Name: django_site django_site_pkey; Type: CONSTRAINT; Schema: public; Owner: saleor
--

ALTER TABLE ONLY public.django_site
    ADD CONSTRAINT django_site_pkey PRIMARY KEY (id);


--
-- Name: giftcard_giftcard giftcard_giftcard_code_key; Type: CONSTRAINT; Schema: public; Owner: saleor
--

ALTER TABLE ONLY public.giftcard_giftcard
    ADD CONSTRAINT giftcard_giftcard_code_key UNIQUE (code);


--
-- Name: giftcard_giftcard giftcard_giftcard_pkey; Type: CONSTRAINT; Schema: public; Owner: saleor
--

ALTER TABLE ONLY public.giftcard_giftcard
    ADD CONSTRAINT giftcard_giftcard_pkey PRIMARY KEY (id);


--
-- Name: giftcard_giftcard_tags giftcard_giftcard_tags_giftcard_id_giftcardtag_id_c8db8a75_uniq; Type: CONSTRAINT; Schema: public; Owner: saleor
--

ALTER TABLE ONLY public.giftcard_giftcard_tags
    ADD CONSTRAINT giftcard_giftcard_tags_giftcard_id_giftcardtag_id_c8db8a75_uniq UNIQUE (giftcard_id, giftcardtag_id);


--
-- Name: giftcard_giftcard_tags giftcard_giftcard_tags_pkey; Type: CONSTRAINT; Schema: public; Owner: saleor
--

ALTER TABLE ONLY public.giftcard_giftcard_tags
    ADD CONSTRAINT giftcard_giftcard_tags_pkey PRIMARY KEY (id);


--
-- Name: giftcard_giftcardevent giftcard_giftcardevent_pkey; Type: CONSTRAINT; Schema: public; Owner: saleor
--

ALTER TABLE ONLY public.giftcard_giftcardevent
    ADD CONSTRAINT giftcard_giftcardevent_pkey PRIMARY KEY (id);


--
-- Name: giftcard_giftcardtag giftcard_giftcardtag_name_key; Type: CONSTRAINT; Schema: public; Owner: saleor
--

ALTER TABLE ONLY public.giftcard_giftcardtag
    ADD CONSTRAINT giftcard_giftcardtag_name_key UNIQUE (name);


--
-- Name: giftcard_giftcardtag giftcard_giftcardtag_pkey; Type: CONSTRAINT; Schema: public; Owner: saleor
--

ALTER TABLE ONLY public.giftcard_giftcardtag
    ADD CONSTRAINT giftcard_giftcardtag_pkey PRIMARY KEY (id);


--
-- Name: invoice_invoice invoice_invoice_pkey; Type: CONSTRAINT; Schema: public; Owner: saleor
--

ALTER TABLE ONLY public.invoice_invoice
    ADD CONSTRAINT invoice_invoice_pkey PRIMARY KEY (id);


--
-- Name: invoice_invoiceevent invoice_invoiceevent_pkey; Type: CONSTRAINT; Schema: public; Owner: saleor
--

ALTER TABLE ONLY public.invoice_invoiceevent
    ADD CONSTRAINT invoice_invoiceevent_pkey PRIMARY KEY (id);


--
-- Name: menu_menu menu_menu_pkey; Type: CONSTRAINT; Schema: public; Owner: saleor
--

ALTER TABLE ONLY public.menu_menu
    ADD CONSTRAINT menu_menu_pkey PRIMARY KEY (id);


--
-- Name: menu_menu menu_menu_slug_key; Type: CONSTRAINT; Schema: public; Owner: saleor
--

ALTER TABLE ONLY public.menu_menu
    ADD CONSTRAINT menu_menu_slug_key UNIQUE (slug);


--
-- Name: menu_menuitem menu_menuitem_pkey; Type: CONSTRAINT; Schema: public; Owner: saleor
--

ALTER TABLE ONLY public.menu_menuitem
    ADD CONSTRAINT menu_menuitem_pkey PRIMARY KEY (id);


--
-- Name: menu_menuitemtranslation menu_menuitemtranslation_language_code_menu_item__508dcdd8_uniq; Type: CONSTRAINT; Schema: public; Owner: saleor
--

ALTER TABLE ONLY public.menu_menuitemtranslation
    ADD CONSTRAINT menu_menuitemtranslation_language_code_menu_item__508dcdd8_uniq UNIQUE (language_code, menu_item_id);


--
-- Name: menu_menuitemtranslation menu_menuitemtranslation_pkey; Type: CONSTRAINT; Schema: public; Owner: saleor
--

ALTER TABLE ONLY public.menu_menuitemtranslation
    ADD CONSTRAINT menu_menuitemtranslation_pkey PRIMARY KEY (id);


--
-- Name: order_fulfillment order_fulfillment_pkey; Type: CONSTRAINT; Schema: public; Owner: saleor
--

ALTER TABLE ONLY public.order_fulfillment
    ADD CONSTRAINT order_fulfillment_pkey PRIMARY KEY (id);


--
-- Name: order_fulfillmentline order_fulfillmentline_pkey; Type: CONSTRAINT; Schema: public; Owner: saleor
--

ALTER TABLE ONLY public.order_fulfillmentline
    ADD CONSTRAINT order_fulfillmentline_pkey PRIMARY KEY (id);


--
-- Name: order_order order_order_external_reference_key; Type: CONSTRAINT; Schema: public; Owner: saleor
--

ALTER TABLE ONLY public.order_order
    ADD CONSTRAINT order_order_external_reference_key UNIQUE (external_reference);


--
-- Name: order_order_gift_cards order_order_gift_cards_pkey; Type: CONSTRAINT; Schema: public; Owner: saleor
--

ALTER TABLE ONLY public.order_order_gift_cards
    ADD CONSTRAINT order_order_gift_cards_pkey PRIMARY KEY (id);


--
-- Name: order_order order_order_number_49f06f1b_uniq; Type: CONSTRAINT; Schema: public; Owner: saleor
--

ALTER TABLE ONLY public.order_order
    ADD CONSTRAINT order_order_number_49f06f1b_uniq UNIQUE (number);


--
-- Name: order_order order_order_token_ddb7fb7b_pk; Type: CONSTRAINT; Schema: public; Owner: saleor
--

ALTER TABLE ONLY public.order_order
    ADD CONSTRAINT order_order_token_ddb7fb7b_pk PRIMARY KEY (id);


--
-- Name: order_orderevent order_orderevent_pkey; Type: CONSTRAINT; Schema: public; Owner: saleor
--

ALTER TABLE ONLY public.order_orderevent
    ADD CONSTRAINT order_orderevent_pkey PRIMARY KEY (id);


--
-- Name: order_ordergrantedrefund order_ordergrantedrefund_pkey; Type: CONSTRAINT; Schema: public; Owner: saleor
--

ALTER TABLE ONLY public.order_ordergrantedrefund
    ADD CONSTRAINT order_ordergrantedrefund_pkey PRIMARY KEY (id);


--
-- Name: order_ordergrantedrefundline order_ordergrantedrefundline_pkey; Type: CONSTRAINT; Schema: public; Owner: saleor
--

ALTER TABLE ONLY public.order_ordergrantedrefundline
    ADD CONSTRAINT order_ordergrantedrefundline_pkey PRIMARY KEY (id);


--
-- Name: order_orderline order_orderline_old_id_1da97079_uniq; Type: CONSTRAINT; Schema: public; Owner: saleor
--

ALTER TABLE ONLY public.order_orderline
    ADD CONSTRAINT order_orderline_old_id_1da97079_uniq UNIQUE (old_id);


--
-- Name: order_orderline order_orderline_token_47c4393d_pk; Type: CONSTRAINT; Schema: public; Owner: saleor
--

ALTER TABLE ONLY public.order_orderline
    ADD CONSTRAINT order_orderline_token_47c4393d_pk PRIMARY KEY (id);


--
-- Name: page_page page_page_pkey; Type: CONSTRAINT; Schema: public; Owner: saleor
--

ALTER TABLE ONLY public.page_page
    ADD CONSTRAINT page_page_pkey PRIMARY KEY (id);


--
-- Name: page_page page_page_slug_key; Type: CONSTRAINT; Schema: public; Owner: saleor
--

ALTER TABLE ONLY public.page_page
    ADD CONSTRAINT page_page_slug_key UNIQUE (slug);


--
-- Name: page_pagetranslation page_pagetranslation_language_code_page_id_35685962_uniq; Type: CONSTRAINT; Schema: public; Owner: saleor
--

ALTER TABLE ONLY public.page_pagetranslation
    ADD CONSTRAINT page_pagetranslation_language_code_page_id_35685962_uniq UNIQUE (language_code, page_id);


--
-- Name: page_pagetranslation page_pagetranslation_pkey; Type: CONSTRAINT; Schema: public; Owner: saleor
--

ALTER TABLE ONLY public.page_pagetranslation
    ADD CONSTRAINT page_pagetranslation_pkey PRIMARY KEY (id);


--
-- Name: page_pagetype page_pagetype_pkey; Type: CONSTRAINT; Schema: public; Owner: saleor
--

ALTER TABLE ONLY public.page_pagetype
    ADD CONSTRAINT page_pagetype_pkey PRIMARY KEY (id);


--
-- Name: page_pagetype page_pagetype_slug_key; Type: CONSTRAINT; Schema: public; Owner: saleor
--

ALTER TABLE ONLY public.page_pagetype
    ADD CONSTRAINT page_pagetype_slug_key UNIQUE (slug);


--
-- Name: payment_payment payment_paymentmethod_pkey; Type: CONSTRAINT; Schema: public; Owner: saleor
--

ALTER TABLE ONLY public.payment_payment
    ADD CONSTRAINT payment_paymentmethod_pkey PRIMARY KEY (id);


--
-- Name: payment_transaction payment_transaction_pkey; Type: CONSTRAINT; Schema: public; Owner: saleor
--

ALTER TABLE ONLY public.payment_transaction
    ADD CONSTRAINT payment_transaction_pkey PRIMARY KEY (id);


--
-- Name: payment_transactionevent payment_transactionevent_pkey; Type: CONSTRAINT; Schema: public; Owner: saleor
--

ALTER TABLE ONLY public.payment_transactionevent
    ADD CONSTRAINT payment_transactionevent_pkey PRIMARY KEY (id);


--
-- Name: payment_transactionitem payment_transactionitem_pkey; Type: CONSTRAINT; Schema: public; Owner: saleor
--

ALTER TABLE ONLY public.payment_transactionitem
    ADD CONSTRAINT payment_transactionitem_pkey PRIMARY KEY (id);


--
-- Name: payment_transactionitem payment_transactionitem_token_key; Type: CONSTRAINT; Schema: public; Owner: saleor
--

ALTER TABLE ONLY public.payment_transactionitem
    ADD CONSTRAINT payment_transactionitem_token_key UNIQUE (token);


--
-- Name: permission_permission permission_permission_content_type_id_codename_aa582bb6_uniq; Type: CONSTRAINT; Schema: public; Owner: saleor
--

ALTER TABLE ONLY public.permission_permission
    ADD CONSTRAINT permission_permission_content_type_id_codename_aa582bb6_uniq UNIQUE (content_type_id, codename);


--
-- Name: permission_permission permission_permission_pkey; Type: CONSTRAINT; Schema: public; Owner: saleor
--

ALTER TABLE ONLY public.permission_permission
    ADD CONSTRAINT permission_permission_pkey PRIMARY KEY (id);


--
-- Name: plugins_emailtemplate plugins_emailtemplate_pkey; Type: CONSTRAINT; Schema: public; Owner: saleor
--

ALTER TABLE ONLY public.plugins_emailtemplate
    ADD CONSTRAINT plugins_emailtemplate_pkey PRIMARY KEY (id);


--
-- Name: plugins_pluginconfiguration plugins_pluginconfiguration_identifier_channel_id_c4cc3730_uniq; Type: CONSTRAINT; Schema: public; Owner: saleor
--

ALTER TABLE ONLY public.plugins_pluginconfiguration
    ADD CONSTRAINT plugins_pluginconfiguration_identifier_channel_id_c4cc3730_uniq UNIQUE (identifier, channel_id);


--
-- Name: plugins_pluginconfiguration plugins_pluginconfiguration_pkey; Type: CONSTRAINT; Schema: public; Owner: saleor
--

ALTER TABLE ONLY public.plugins_pluginconfiguration
    ADD CONSTRAINT plugins_pluginconfiguration_pkey PRIMARY KEY (id);


--
-- Name: attribute_assignedvariantattribute product_assignedvarianta_variant_id_assignment_id_16584418_uniq; Type: CONSTRAINT; Schema: public; Owner: saleor
--

ALTER TABLE ONLY public.attribute_assignedvariantattribute
    ADD CONSTRAINT product_assignedvarianta_variant_id_assignment_id_16584418_uniq UNIQUE (variant_id, assignment_id);


--
-- Name: attribute_assignedvariantattribute product_assignedvariantattribute_pkey; Type: CONSTRAINT; Schema: public; Owner: saleor
--

ALTER TABLE ONLY public.attribute_assignedvariantattribute
    ADD CONSTRAINT product_assignedvariantattribute_pkey PRIMARY KEY (id);


--
-- Name: attribute_attribute product_attribute_slug_a2ba35f2_uniq; Type: CONSTRAINT; Schema: public; Owner: saleor
--

ALTER TABLE ONLY public.attribute_attribute
    ADD CONSTRAINT product_attribute_slug_a2ba35f2_uniq UNIQUE (slug);


--
-- Name: attribute_attributevaluetranslation product_attributechoicev_language_code_attribute__9b58af18_uniq; Type: CONSTRAINT; Schema: public; Owner: saleor
--

ALTER TABLE ONLY public.attribute_attributevaluetranslation
    ADD CONSTRAINT product_attributechoicev_language_code_attribute__9b58af18_uniq UNIQUE (language_code, attribute_value_id);


--
-- Name: attribute_attributevalue product_attributechoicevalue_pkey; Type: CONSTRAINT; Schema: public; Owner: saleor
--

ALTER TABLE ONLY public.attribute_attributevalue
    ADD CONSTRAINT product_attributechoicevalue_pkey PRIMARY KEY (id);


--
-- Name: attribute_attributevaluetranslation product_attributechoicevaluetranslation_pkey; Type: CONSTRAINT; Schema: public; Owner: saleor
--

ALTER TABLE ONLY public.attribute_attributevaluetranslation
    ADD CONSTRAINT product_attributechoicevaluetranslation_pkey PRIMARY KEY (id);


--
-- Name: attribute_attributepage product_attributepage_attribute_id_page_type_id_60aa672e_uniq; Type: CONSTRAINT; Schema: public; Owner: saleor
--

ALTER TABLE ONLY public.attribute_attributepage
    ADD CONSTRAINT product_attributepage_attribute_id_page_type_id_60aa672e_uniq UNIQUE (attribute_id, page_type_id);


--
-- Name: attribute_attributepage product_attributepage_pkey; Type: CONSTRAINT; Schema: public; Owner: saleor
--

ALTER TABLE ONLY public.attribute_attributepage
    ADD CONSTRAINT product_attributepage_pkey PRIMARY KEY (id);


--
-- Name: attribute_attributeproduct product_attributeproduct_attribute_id_product_typ_85ea87be_uniq; Type: CONSTRAINT; Schema: public; Owner: saleor
--

ALTER TABLE ONLY public.attribute_attributeproduct
    ADD CONSTRAINT product_attributeproduct_attribute_id_product_typ_85ea87be_uniq UNIQUE (attribute_id, product_type_id);


--
-- Name: attribute_attributeproduct product_attributeproduct_pkey; Type: CONSTRAINT; Schema: public; Owner: saleor
--

ALTER TABLE ONLY public.attribute_attributeproduct
    ADD CONSTRAINT product_attributeproduct_pkey PRIMARY KEY (id);


--
-- Name: attribute_attributevalue product_attributevalue_slug_attribute_id_a9b19472_uniq; Type: CONSTRAINT; Schema: public; Owner: saleor
--

ALTER TABLE ONLY public.attribute_attributevalue
    ADD CONSTRAINT product_attributevalue_slug_attribute_id_a9b19472_uniq UNIQUE (slug, attribute_id);


--
-- Name: attribute_attributevariant product_attributevariant_attribute_id_product_typ_304d6c95_uniq; Type: CONSTRAINT; Schema: public; Owner: saleor
--

ALTER TABLE ONLY public.attribute_attributevariant
    ADD CONSTRAINT product_attributevariant_attribute_id_product_typ_304d6c95_uniq UNIQUE (attribute_id, product_type_id);


--
-- Name: attribute_attributevariant product_attributevariant_pkey; Type: CONSTRAINT; Schema: public; Owner: saleor
--

ALTER TABLE ONLY public.attribute_attributevariant
    ADD CONSTRAINT product_attributevariant_pkey PRIMARY KEY (id);


--
-- Name: product_category product_category_pkey; Type: CONSTRAINT; Schema: public; Owner: saleor
--

ALTER TABLE ONLY public.product_category
    ADD CONSTRAINT product_category_pkey PRIMARY KEY (id);


--
-- Name: product_category product_category_slug_e1f8ccc4_uniq; Type: CONSTRAINT; Schema: public; Owner: saleor
--

ALTER TABLE ONLY public.product_category
    ADD CONSTRAINT product_category_slug_e1f8ccc4_uniq UNIQUE (slug);


--
-- Name: product_categorytranslation product_categorytranslat_language_code_category_i_f71fd11d_uniq; Type: CONSTRAINT; Schema: public; Owner: saleor
--

ALTER TABLE ONLY public.product_categorytranslation
    ADD CONSTRAINT product_categorytranslat_language_code_category_i_f71fd11d_uniq UNIQUE (language_code, category_id);


--
-- Name: product_categorytranslation product_categorytranslation_pkey; Type: CONSTRAINT; Schema: public; Owner: saleor
--

ALTER TABLE ONLY public.product_categorytranslation
    ADD CONSTRAINT product_categorytranslation_pkey PRIMARY KEY (id);


--
-- Name: product_collection product_collection_pkey; Type: CONSTRAINT; Schema: public; Owner: saleor
--

ALTER TABLE ONLY public.product_collection
    ADD CONSTRAINT product_collection_pkey PRIMARY KEY (id);


--
-- Name: product_collectionproduct product_collection_products_pkey; Type: CONSTRAINT; Schema: public; Owner: saleor
--

ALTER TABLE ONLY public.product_collectionproduct
    ADD CONSTRAINT product_collection_products_pkey PRIMARY KEY (id);


--
-- Name: product_collection product_collection_slug_ec186116_uniq; Type: CONSTRAINT; Schema: public; Owner: saleor
--

ALTER TABLE ONLY public.product_collection
    ADD CONSTRAINT product_collection_slug_ec186116_uniq UNIQUE (slug);


--
-- Name: product_collectionchannellisting product_collectionchanne_collection_id_channel_id_43d58a4f_uniq; Type: CONSTRAINT; Schema: public; Owner: saleor
--

ALTER TABLE ONLY public.product_collectionchannellisting
    ADD CONSTRAINT product_collectionchanne_collection_id_channel_id_43d58a4f_uniq UNIQUE (collection_id, channel_id);


--
-- Name: product_collectionchannellisting product_collectionchannellisting_pkey; Type: CONSTRAINT; Schema: public; Owner: saleor
--

ALTER TABLE ONLY public.product_collectionchannellisting
    ADD CONSTRAINT product_collectionchannellisting_pkey PRIMARY KEY (id);


--
-- Name: product_collectionproduct product_collectionproduc_collection_id_product_id_e582d799_uniq; Type: CONSTRAINT; Schema: public; Owner: saleor
--

ALTER TABLE ONLY public.product_collectionproduct
    ADD CONSTRAINT product_collectionproduc_collection_id_product_id_e582d799_uniq UNIQUE (collection_id, product_id);


--
-- Name: product_collectiontranslation product_collectiontransl_language_code_collection_b1200cd5_uniq; Type: CONSTRAINT; Schema: public; Owner: saleor
--

ALTER TABLE ONLY public.product_collectiontranslation
    ADD CONSTRAINT product_collectiontransl_language_code_collection_b1200cd5_uniq UNIQUE (language_code, collection_id);


--
-- Name: product_collectiontranslation product_collectiontranslation_pkey; Type: CONSTRAINT; Schema: public; Owner: saleor
--

ALTER TABLE ONLY public.product_collectiontranslation
    ADD CONSTRAINT product_collectiontranslation_pkey PRIMARY KEY (id);


--
-- Name: product_digitalcontent product_digitalcontent_pkey; Type: CONSTRAINT; Schema: public; Owner: saleor
--

ALTER TABLE ONLY public.product_digitalcontent
    ADD CONSTRAINT product_digitalcontent_pkey PRIMARY KEY (id);


--
-- Name: product_digitalcontent product_digitalcontent_product_variant_id_key; Type: CONSTRAINT; Schema: public; Owner: saleor
--

ALTER TABLE ONLY public.product_digitalcontent
    ADD CONSTRAINT product_digitalcontent_product_variant_id_key UNIQUE (product_variant_id);


--
-- Name: product_digitalcontenturl product_digitalcontenturl_order_line_token_id_6f89be20_uniq; Type: CONSTRAINT; Schema: public; Owner: saleor
--

ALTER TABLE ONLY public.product_digitalcontenturl
    ADD CONSTRAINT product_digitalcontenturl_order_line_token_id_6f89be20_uniq UNIQUE (line_id);


--
-- Name: product_digitalcontenturl product_digitalcontenturl_pkey; Type: CONSTRAINT; Schema: public; Owner: saleor
--

ALTER TABLE ONLY public.product_digitalcontenturl
    ADD CONSTRAINT product_digitalcontenturl_pkey PRIMARY KEY (id);


--
-- Name: product_digitalcontenturl product_digitalcontenturl_token_key; Type: CONSTRAINT; Schema: public; Owner: saleor
--

ALTER TABLE ONLY public.product_digitalcontenturl
    ADD CONSTRAINT product_digitalcontenturl_token_key UNIQUE (token);


--
-- Name: product_product product_product_default_variant_id_key; Type: CONSTRAINT; Schema: public; Owner: saleor
--

ALTER TABLE ONLY public.product_product
    ADD CONSTRAINT product_product_default_variant_id_key UNIQUE (default_variant_id);


--
-- Name: product_product product_product_external_reference_key; Type: CONSTRAINT; Schema: public; Owner: saleor
--

ALTER TABLE ONLY public.product_product
    ADD CONSTRAINT product_product_external_reference_key UNIQUE (external_reference);


--
-- Name: product_product product_product_pkey; Type: CONSTRAINT; Schema: public; Owner: saleor
--

ALTER TABLE ONLY public.product_product
    ADD CONSTRAINT product_product_pkey PRIMARY KEY (id);


--
-- Name: product_product product_product_slug_key; Type: CONSTRAINT; Schema: public; Owner: saleor
--

ALTER TABLE ONLY public.product_product
    ADD CONSTRAINT product_product_slug_key UNIQUE (slug);


--
-- Name: attribute_attributetranslation product_productattribute_language_code_product_at_58451db2_uniq; Type: CONSTRAINT; Schema: public; Owner: saleor
--

ALTER TABLE ONLY public.attribute_attributetranslation
    ADD CONSTRAINT product_productattribute_language_code_product_at_58451db2_uniq UNIQUE (language_code, attribute_id);


--
-- Name: attribute_attribute product_productattribute_pkey; Type: CONSTRAINT; Schema: public; Owner: saleor
--

ALTER TABLE ONLY public.attribute_attribute
    ADD CONSTRAINT product_productattribute_pkey PRIMARY KEY (id);


--
-- Name: attribute_attributetranslation product_productattributetranslation_pkey; Type: CONSTRAINT; Schema: public; Owner: saleor
--

ALTER TABLE ONLY public.attribute_attributetranslation
    ADD CONSTRAINT product_productattributetranslation_pkey PRIMARY KEY (id);


--
-- Name: product_productchannellisting product_productchannelli_product_id_channel_id_f50170b5_uniq; Type: CONSTRAINT; Schema: public; Owner: saleor
--

ALTER TABLE ONLY public.product_productchannellisting
    ADD CONSTRAINT product_productchannelli_product_id_channel_id_f50170b5_uniq UNIQUE (product_id, channel_id);


--
-- Name: product_productchannellisting product_productchannellisting_pkey; Type: CONSTRAINT; Schema: public; Owner: saleor
--

ALTER TABLE ONLY public.product_productchannellisting
    ADD CONSTRAINT product_productchannellisting_pkey PRIMARY KEY (id);


--
-- Name: product_producttype product_productclass_pkey; Type: CONSTRAINT; Schema: public; Owner: saleor
--

ALTER TABLE ONLY public.product_producttype
    ADD CONSTRAINT product_productclass_pkey PRIMARY KEY (id);


--
-- Name: product_productmedia product_productmedia_pkey; Type: CONSTRAINT; Schema: public; Owner: saleor
--

ALTER TABLE ONLY public.product_productmedia
    ADD CONSTRAINT product_productmedia_pkey PRIMARY KEY (id);


--
-- Name: product_producttranslation product_producttranslati_language_code_product_id_b06ba774_uniq; Type: CONSTRAINT; Schema: public; Owner: saleor
--

ALTER TABLE ONLY public.product_producttranslation
    ADD CONSTRAINT product_producttranslati_language_code_product_id_b06ba774_uniq UNIQUE (language_code, product_id);


--
-- Name: product_producttranslation product_producttranslation_pkey; Type: CONSTRAINT; Schema: public; Owner: saleor
--

ALTER TABLE ONLY public.product_producttranslation
    ADD CONSTRAINT product_producttranslation_pkey PRIMARY KEY (id);


--
-- Name: product_producttype product_producttype_slug_key; Type: CONSTRAINT; Schema: public; Owner: saleor
--

ALTER TABLE ONLY public.product_producttype
    ADD CONSTRAINT product_producttype_slug_key UNIQUE (slug);


--
-- Name: product_productvariant product_productvariant_external_reference_key; Type: CONSTRAINT; Schema: public; Owner: saleor
--

ALTER TABLE ONLY public.product_productvariant
    ADD CONSTRAINT product_productvariant_external_reference_key UNIQUE (external_reference);


--
-- Name: product_productvariant product_productvariant_pkey; Type: CONSTRAINT; Schema: public; Owner: saleor
--

ALTER TABLE ONLY public.product_productvariant
    ADD CONSTRAINT product_productvariant_pkey PRIMARY KEY (id);


--
-- Name: product_productvariant product_productvariant_sku_key; Type: CONSTRAINT; Schema: public; Owner: saleor
--

ALTER TABLE ONLY public.product_productvariant
    ADD CONSTRAINT product_productvariant_sku_key UNIQUE (sku);


--
-- Name: product_productvariantchannellisting product_productvariantch_variant_id_channel_id_123d5440_uniq; Type: CONSTRAINT; Schema: public; Owner: saleor
--

ALTER TABLE ONLY public.product_productvariantchannellisting
    ADD CONSTRAINT product_productvariantch_variant_id_channel_id_123d5440_uniq UNIQUE (variant_id, channel_id);


--
-- Name: product_productvariantchannellisting product_productvariantchannellisting_pkey; Type: CONSTRAINT; Schema: public; Owner: saleor
--

ALTER TABLE ONLY public.product_productvariantchannellisting
    ADD CONSTRAINT product_productvariantchannellisting_pkey PRIMARY KEY (id);


--
-- Name: product_productvarianttranslation product_productvarianttr_language_code_product_va_cf16d8d0_uniq; Type: CONSTRAINT; Schema: public; Owner: saleor
--

ALTER TABLE ONLY public.product_productvarianttranslation
    ADD CONSTRAINT product_productvarianttr_language_code_product_va_cf16d8d0_uniq UNIQUE (language_code, product_variant_id);


--
-- Name: product_productvarianttranslation product_productvarianttranslation_pkey; Type: CONSTRAINT; Schema: public; Owner: saleor
--

ALTER TABLE ONLY public.product_productvarianttranslation
    ADD CONSTRAINT product_productvarianttranslation_pkey PRIMARY KEY (id);


--
-- Name: product_variantchannellistingpromotionrule product_variantchannelli_variant_channel_listing__8f7a36d8_uniq; Type: CONSTRAINT; Schema: public; Owner: saleor
--

ALTER TABLE ONLY public.product_variantchannellistingpromotionrule
    ADD CONSTRAINT product_variantchannelli_variant_channel_listing__8f7a36d8_uniq UNIQUE (variant_channel_listing_id, promotion_rule_id);


--
-- Name: product_variantchannellistingpromotionrule product_variantchannellistingpromotionrule_pkey; Type: CONSTRAINT; Schema: public; Owner: saleor
--

ALTER TABLE ONLY public.product_variantchannellistingpromotionrule
    ADD CONSTRAINT product_variantchannellistingpromotionrule_pkey PRIMARY KEY (id);


--
-- Name: product_variantmedia product_variantmedia_pkey; Type: CONSTRAINT; Schema: public; Owner: saleor
--

ALTER TABLE ONLY public.product_variantmedia
    ADD CONSTRAINT product_variantmedia_pkey PRIMARY KEY (id);


--
-- Name: product_variantmedia product_variantmedia_variant_id_media_id_003e4321_uniq; Type: CONSTRAINT; Schema: public; Owner: saleor
--

ALTER TABLE ONLY public.product_variantmedia
    ADD CONSTRAINT product_variantmedia_variant_id_media_id_003e4321_uniq UNIQUE (variant_id, media_id);


--
-- Name: schedulers_customperiodictask schedulers_customperiodictask_pkey; Type: CONSTRAINT; Schema: public; Owner: saleor
--

ALTER TABLE ONLY public.schedulers_customperiodictask
    ADD CONSTRAINT schedulers_customperiodictask_pkey PRIMARY KEY (periodictask_ptr_id);


--
-- Name: schedulers_customschedule schedulers_customschedule_pkey; Type: CONSTRAINT; Schema: public; Owner: saleor
--

ALTER TABLE ONLY public.schedulers_customschedule
    ADD CONSTRAINT schedulers_customschedule_pkey PRIMARY KEY (id);


--
-- Name: schedulers_customschedule schedulers_customschedule_schedule_import_path_key; Type: CONSTRAINT; Schema: public; Owner: saleor
--

ALTER TABLE ONLY public.schedulers_customschedule
    ADD CONSTRAINT schedulers_customschedule_schedule_import_path_key UNIQUE (schedule_import_path);


--
-- Name: shipping_shippingmethod_excluded_products shipping_shippingmethod__shippingmethod_id_produc_2c1bbd46_uniq; Type: CONSTRAINT; Schema: public; Owner: saleor
--

ALTER TABLE ONLY public.shipping_shippingmethod_excluded_products
    ADD CONSTRAINT shipping_shippingmethod__shippingmethod_id_produc_2c1bbd46_uniq UNIQUE (shippingmethod_id, product_id);


--
-- Name: shipping_shippingmethod_excluded_products shipping_shippingmethod_excluded_products_pkey; Type: CONSTRAINT; Schema: public; Owner: saleor
--

ALTER TABLE ONLY public.shipping_shippingmethod_excluded_products
    ADD CONSTRAINT shipping_shippingmethod_excluded_products_pkey PRIMARY KEY (id);


--
-- Name: shipping_shippingmethod shipping_shippingmethod_pkey; Type: CONSTRAINT; Schema: public; Owner: saleor
--

ALTER TABLE ONLY public.shipping_shippingmethod
    ADD CONSTRAINT shipping_shippingmethod_pkey PRIMARY KEY (id);


--
-- Name: shipping_shippingmethodchannellisting shipping_shippingmethodc_shipping_method_id_chann_dcc7298d_uniq; Type: CONSTRAINT; Schema: public; Owner: saleor
--

ALTER TABLE ONLY public.shipping_shippingmethodchannellisting
    ADD CONSTRAINT shipping_shippingmethodc_shipping_method_id_chann_dcc7298d_uniq UNIQUE (shipping_method_id, channel_id);


--
-- Name: shipping_shippingmethodchannellisting shipping_shippingmethodchannellisting_pkey; Type: CONSTRAINT; Schema: public; Owner: saleor
--

ALTER TABLE ONLY public.shipping_shippingmethodchannellisting
    ADD CONSTRAINT shipping_shippingmethodchannellisting_pkey PRIMARY KEY (id);


--
-- Name: shipping_shippingmethodtranslation shipping_shippingmethodt_language_code_shipping_m_70e4f786_uniq; Type: CONSTRAINT; Schema: public; Owner: saleor
--

ALTER TABLE ONLY public.shipping_shippingmethodtranslation
    ADD CONSTRAINT shipping_shippingmethodt_language_code_shipping_m_70e4f786_uniq UNIQUE (language_code, shipping_method_id);


--
-- Name: shipping_shippingmethodtranslation shipping_shippingmethodtranslation_pkey; Type: CONSTRAINT; Schema: public; Owner: saleor
--

ALTER TABLE ONLY public.shipping_shippingmethodtranslation
    ADD CONSTRAINT shipping_shippingmethodtranslation_pkey PRIMARY KEY (id);


--
-- Name: shipping_shippingmethodpostalcoderule shipping_shippingmethodz_shipping_method_id_start_33dae54c_uniq; Type: CONSTRAINT; Schema: public; Owner: saleor
--

ALTER TABLE ONLY public.shipping_shippingmethodpostalcoderule
    ADD CONSTRAINT shipping_shippingmethodz_shipping_method_id_start_33dae54c_uniq UNIQUE (shipping_method_id, start, "end");


--
-- Name: shipping_shippingmethodpostalcoderule shipping_shippingmethodzipcoderule_pkey; Type: CONSTRAINT; Schema: public; Owner: saleor
--

ALTER TABLE ONLY public.shipping_shippingmethodpostalcoderule
    ADD CONSTRAINT shipping_shippingmethodzipcoderule_pkey PRIMARY KEY (id);


--
-- Name: shipping_shippingzone_channels shipping_shippingzone_ch_shippingzone_id_channel__509bee3d_uniq; Type: CONSTRAINT; Schema: public; Owner: saleor
--

ALTER TABLE ONLY public.shipping_shippingzone_channels
    ADD CONSTRAINT shipping_shippingzone_ch_shippingzone_id_channel__509bee3d_uniq UNIQUE (shippingzone_id, channel_id);


--
-- Name: shipping_shippingzone_channels shipping_shippingzone_channels_pkey; Type: CONSTRAINT; Schema: public; Owner: saleor
--

ALTER TABLE ONLY public.shipping_shippingzone_channels
    ADD CONSTRAINT shipping_shippingzone_channels_pkey PRIMARY KEY (id);


--
-- Name: shipping_shippingzone shipping_shippingzone_pkey; Type: CONSTRAINT; Schema: public; Owner: saleor
--

ALTER TABLE ONLY public.shipping_shippingzone
    ADD CONSTRAINT shipping_shippingzone_pkey PRIMARY KEY (id);


--
-- Name: site_sitesettings site_sitesettings_pkey; Type: CONSTRAINT; Schema: public; Owner: saleor
--

ALTER TABLE ONLY public.site_sitesettings
    ADD CONSTRAINT site_sitesettings_pkey PRIMARY KEY (id);


--
-- Name: site_sitesettings site_sitesettings_site_id_key; Type: CONSTRAINT; Schema: public; Owner: saleor
--

ALTER TABLE ONLY public.site_sitesettings
    ADD CONSTRAINT site_sitesettings_site_id_key UNIQUE (site_id);


--
-- Name: site_sitesettingstranslation site_sitesettingstransla_language_code_site_setti_e767d9e7_uniq; Type: CONSTRAINT; Schema: public; Owner: saleor
--

ALTER TABLE ONLY public.site_sitesettingstranslation
    ADD CONSTRAINT site_sitesettingstransla_language_code_site_setti_e767d9e7_uniq UNIQUE (language_code, site_settings_id);


--
-- Name: site_sitesettingstranslation site_sitesettingstranslation_pkey; Type: CONSTRAINT; Schema: public; Owner: saleor
--

ALTER TABLE ONLY public.site_sitesettingstranslation
    ADD CONSTRAINT site_sitesettingstranslation_pkey PRIMARY KEY (id);


--
-- Name: tax_taxclass tax_taxclass_pkey; Type: CONSTRAINT; Schema: public; Owner: saleor
--

ALTER TABLE ONLY public.tax_taxclass
    ADD CONSTRAINT tax_taxclass_pkey PRIMARY KEY (id);


--
-- Name: tax_taxclasscountryrate tax_taxclasscountryrate_pkey; Type: CONSTRAINT; Schema: public; Owner: saleor
--

ALTER TABLE ONLY public.tax_taxclasscountryrate
    ADD CONSTRAINT tax_taxclasscountryrate_pkey PRIMARY KEY (id);


--
-- Name: tax_taxconfiguration tax_taxconfiguration_channel_id_key; Type: CONSTRAINT; Schema: public; Owner: saleor
--

ALTER TABLE ONLY public.tax_taxconfiguration
    ADD CONSTRAINT tax_taxconfiguration_channel_id_key UNIQUE (channel_id);


--
-- Name: tax_taxconfiguration tax_taxconfiguration_pkey; Type: CONSTRAINT; Schema: public; Owner: saleor
--

ALTER TABLE ONLY public.tax_taxconfiguration
    ADD CONSTRAINT tax_taxconfiguration_pkey PRIMARY KEY (id);


--
-- Name: tax_taxconfigurationpercountry tax_taxconfigurationperc_tax_configuration_id_cou_6c2371f7_uniq; Type: CONSTRAINT; Schema: public; Owner: saleor
--

ALTER TABLE ONLY public.tax_taxconfigurationpercountry
    ADD CONSTRAINT tax_taxconfigurationperc_tax_configuration_id_cou_6c2371f7_uniq UNIQUE (tax_configuration_id, country);


--
-- Name: tax_taxconfigurationpercountry tax_taxconfigurationpercountry_pkey; Type: CONSTRAINT; Schema: public; Owner: saleor
--

ALTER TABLE ONLY public.tax_taxconfigurationpercountry
    ADD CONSTRAINT tax_taxconfigurationpercountry_pkey PRIMARY KEY (id);


--
-- Name: thumbnail_thumbnail thumbnail_thumbnail_pkey; Type: CONSTRAINT; Schema: public; Owner: saleor
--

ALTER TABLE ONLY public.thumbnail_thumbnail
    ADD CONSTRAINT thumbnail_thumbnail_pkey PRIMARY KEY (id);


--
-- Name: product_categorytranslation uniq_lang_slug_categorytransl; Type: CONSTRAINT; Schema: public; Owner: saleor
--

ALTER TABLE ONLY public.product_categorytranslation
    ADD CONSTRAINT uniq_lang_slug_categorytransl UNIQUE (language_code, slug);


--
-- Name: product_collectiontranslation uniq_lang_slug_collectiontransl; Type: CONSTRAINT; Schema: public; Owner: saleor
--

ALTER TABLE ONLY public.product_collectiontranslation
    ADD CONSTRAINT uniq_lang_slug_collectiontransl UNIQUE (language_code, slug);


--
-- Name: page_pagetranslation uniq_lang_slug_pagetransl; Type: CONSTRAINT; Schema: public; Owner: saleor
--

ALTER TABLE ONLY public.page_pagetranslation
    ADD CONSTRAINT uniq_lang_slug_pagetransl UNIQUE (language_code, slug);


--
-- Name: product_producttranslation uniq_lang_slug_producttransl; Type: CONSTRAINT; Schema: public; Owner: saleor
--

ALTER TABLE ONLY public.product_producttranslation
    ADD CONSTRAINT uniq_lang_slug_producttransl UNIQUE (language_code, slug);


--
-- Name: discount_checkoutlinediscount unique_checkoutline_discount_type; Type: CONSTRAINT; Schema: public; Owner: saleor
--

ALTER TABLE ONLY public.discount_checkoutlinediscount
    ADD CONSTRAINT unique_checkoutline_discount_type UNIQUE (line_id, unique_type);


--
-- Name: tax_taxclasscountryrate unique_country_tax_class; Type: CONSTRAINT; Schema: public; Owner: saleor
--

ALTER TABLE ONLY public.tax_taxclasscountryrate
    ADD CONSTRAINT unique_country_tax_class UNIQUE (country, tax_class_id);


--
-- Name: checkout_checkoutdelivery unique_for_checkout; Type: CONSTRAINT; Schema: public; Owner: saleor
--

ALTER TABLE ONLY public.checkout_checkoutdelivery
    ADD CONSTRAINT unique_for_checkout UNIQUE NULLS NOT DISTINCT (checkout_id, external_shipping_method_id, built_in_shipping_method_id, is_valid);


--
-- Name: discount_orderlinediscount unique_orderline_discount_type; Type: CONSTRAINT; Schema: public; Owner: saleor
--

ALTER TABLE ONLY public.discount_orderlinediscount
    ADD CONSTRAINT unique_orderline_discount_type UNIQUE (line_id, unique_type);


--
-- Name: payment_transactionevent unique_transaction_event_idempotency; Type: CONSTRAINT; Schema: public; Owner: saleor
--

ALTER TABLE ONLY public.payment_transactionevent
    ADD CONSTRAINT unique_transaction_event_idempotency UNIQUE (transaction_id, idempotency_key);


--
-- Name: payment_transactionitem unique_transaction_idempotency; Type: CONSTRAINT; Schema: public; Owner: saleor
--

ALTER TABLE ONLY public.payment_transactionitem
    ADD CONSTRAINT unique_transaction_idempotency UNIQUE (app_identifier, idempotency_key);


--
-- Name: account_address userprofile_address_pkey; Type: CONSTRAINT; Schema: public; Owner: saleor
--

ALTER TABLE ONLY public.account_address
    ADD CONSTRAINT userprofile_address_pkey PRIMARY KEY (id);


--
-- Name: account_user_addresses userprofile_user_addresses_pkey; Type: CONSTRAINT; Schema: public; Owner: saleor
--

ALTER TABLE ONLY public.account_user_addresses
    ADD CONSTRAINT userprofile_user_addresses_pkey PRIMARY KEY (id);


--
-- Name: account_user_addresses userprofile_user_addresses_user_id_address_id_6cb87bcc_uniq; Type: CONSTRAINT; Schema: public; Owner: saleor
--

ALTER TABLE ONLY public.account_user_addresses
    ADD CONSTRAINT userprofile_user_addresses_user_id_address_id_6cb87bcc_uniq UNIQUE (user_id, address_id);


--
-- Name: account_user userprofile_user_email_key; Type: CONSTRAINT; Schema: public; Owner: saleor
--

ALTER TABLE ONLY public.account_user
    ADD CONSTRAINT userprofile_user_email_key UNIQUE (email);


--
-- Name: account_user_groups userprofile_user_groups_pkey; Type: CONSTRAINT; Schema: public; Owner: saleor
--

ALTER TABLE ONLY public.account_user_groups
    ADD CONSTRAINT userprofile_user_groups_pkey PRIMARY KEY (id);


--
-- Name: account_user_groups userprofile_user_groups_user_id_group_id_90ce1781_uniq; Type: CONSTRAINT; Schema: public; Owner: saleor
--

ALTER TABLE ONLY public.account_user_groups
    ADD CONSTRAINT userprofile_user_groups_user_id_group_id_90ce1781_uniq UNIQUE (user_id, group_id);


--
-- Name: account_user userprofile_user_pkey; Type: CONSTRAINT; Schema: public; Owner: saleor
--

ALTER TABLE ONLY public.account_user
    ADD CONSTRAINT userprofile_user_pkey PRIMARY KEY (id);


--
-- Name: account_user_user_permissions userprofile_user_user_pe_user_id_permission_id_706d65c8_uniq; Type: CONSTRAINT; Schema: public; Owner: saleor
--

ALTER TABLE ONLY public.account_user_user_permissions
    ADD CONSTRAINT userprofile_user_user_pe_user_id_permission_id_706d65c8_uniq UNIQUE (user_id, permission_id);


--
-- Name: account_user_user_permissions userprofile_user_user_permissions_pkey; Type: CONSTRAINT; Schema: public; Owner: saleor
--

ALTER TABLE ONLY public.account_user_user_permissions
    ADD CONSTRAINT userprofile_user_user_permissions_pkey PRIMARY KEY (id);


--
-- Name: warehouse_allocation warehouse_allocation_pkey; Type: CONSTRAINT; Schema: public; Owner: saleor
--

ALTER TABLE ONLY public.warehouse_allocation
    ADD CONSTRAINT warehouse_allocation_pkey PRIMARY KEY (id);


--
-- Name: warehouse_channelwarehouse warehouse_channelwarehou_channel_id_warehouse_id_a78ef311_uniq; Type: CONSTRAINT; Schema: public; Owner: saleor
--

ALTER TABLE ONLY public.warehouse_channelwarehouse
    ADD CONSTRAINT warehouse_channelwarehou_channel_id_warehouse_id_a78ef311_uniq UNIQUE (channel_id, warehouse_id);


--
-- Name: warehouse_preorderallocation warehouse_preorderallocation_pkey; Type: CONSTRAINT; Schema: public; Owner: saleor
--

ALTER TABLE ONLY public.warehouse_preorderallocation
    ADD CONSTRAINT warehouse_preorderallocation_pkey PRIMARY KEY (id);


--
-- Name: warehouse_preorderreservation warehouse_preorderreservation_pkey; Type: CONSTRAINT; Schema: public; Owner: saleor
--

ALTER TABLE ONLY public.warehouse_preorderreservation
    ADD CONSTRAINT warehouse_preorderreservation_pkey PRIMARY KEY (id);


--
-- Name: warehouse_reservation warehouse_reservation_pkey; Type: CONSTRAINT; Schema: public; Owner: saleor
--

ALTER TABLE ONLY public.warehouse_reservation
    ADD CONSTRAINT warehouse_reservation_pkey PRIMARY KEY (id);


--
-- Name: warehouse_stock warehouse_stock_pkey; Type: CONSTRAINT; Schema: public; Owner: saleor
--

ALTER TABLE ONLY public.warehouse_stock
    ADD CONSTRAINT warehouse_stock_pkey PRIMARY KEY (id);


--
-- Name: warehouse_stock warehouse_stock_warehouse_id_product_variant_id_b04a0a40_uniq; Type: CONSTRAINT; Schema: public; Owner: saleor
--

ALTER TABLE ONLY public.warehouse_stock
    ADD CONSTRAINT warehouse_stock_warehouse_id_product_variant_id_b04a0a40_uniq UNIQUE (warehouse_id, product_variant_id);


--
-- Name: warehouse_channelwarehouse warehouse_warehouse_chan_warehouse_id_channel_id_61b3a7c8_uniq; Type: CONSTRAINT; Schema: public; Owner: saleor
--

ALTER TABLE ONLY public.warehouse_channelwarehouse
    ADD CONSTRAINT warehouse_warehouse_chan_warehouse_id_channel_id_61b3a7c8_uniq UNIQUE (warehouse_id, channel_id);


--
-- Name: warehouse_channelwarehouse warehouse_warehouse_channels_pkey; Type: CONSTRAINT; Schema: public; Owner: saleor
--

ALTER TABLE ONLY public.warehouse_channelwarehouse
    ADD CONSTRAINT warehouse_warehouse_channels_pkey PRIMARY KEY (id);


--
-- Name: warehouse_warehouse warehouse_warehouse_external_reference_key; Type: CONSTRAINT; Schema: public; Owner: saleor
--

ALTER TABLE ONLY public.warehouse_warehouse
    ADD CONSTRAINT warehouse_warehouse_external_reference_key UNIQUE (external_reference);


--
-- Name: warehouse_warehouse warehouse_warehouse_pkey; Type: CONSTRAINT; Schema: public; Owner: saleor
--

ALTER TABLE ONLY public.warehouse_warehouse
    ADD CONSTRAINT warehouse_warehouse_pkey PRIMARY KEY (id);


--
-- Name: warehouse_warehouse_shipping_zones warehouse_warehouse_ship_warehouse_id_shippingzon_e18400fa_uniq; Type: CONSTRAINT; Schema: public; Owner: saleor
--

ALTER TABLE ONLY public.warehouse_warehouse_shipping_zones
    ADD CONSTRAINT warehouse_warehouse_ship_warehouse_id_shippingzon_e18400fa_uniq UNIQUE (warehouse_id, shippingzone_id);


--
-- Name: warehouse_warehouse_shipping_zones warehouse_warehouse_shipping_zones_pkey; Type: CONSTRAINT; Schema: public; Owner: saleor
--

ALTER TABLE ONLY public.warehouse_warehouse_shipping_zones
    ADD CONSTRAINT warehouse_warehouse_shipping_zones_pkey PRIMARY KEY (id);


--
-- Name: warehouse_warehouse warehouse_warehouse_slug_key; Type: CONSTRAINT; Schema: public; Owner: saleor
--

ALTER TABLE ONLY public.warehouse_warehouse
    ADD CONSTRAINT warehouse_warehouse_slug_key UNIQUE (slug);


--
-- Name: webhook_webhook webhook_webhook_pkey; Type: CONSTRAINT; Schema: public; Owner: saleor
--

ALTER TABLE ONLY public.webhook_webhook
    ADD CONSTRAINT webhook_webhook_pkey PRIMARY KEY (id);


--
-- Name: webhook_webhookevent webhook_webhookevent_pkey; Type: CONSTRAINT; Schema: public; Owner: saleor
--

ALTER TABLE ONLY public.webhook_webhookevent
    ADD CONSTRAINT webhook_webhookevent_pkey PRIMARY KEY (id);


--
-- Name: account_address_phone_7966e995; Type: INDEX; Schema: public; Owner: saleor
--

CREATE INDEX account_address_phone_7966e995 ON public.account_address USING btree (phone);


--
-- Name: account_address_phone_7966e995_like; Type: INDEX; Schema: public; Owner: saleor
--

CREATE INDEX account_address_phone_7966e995_like ON public.account_address USING btree (phone varchar_pattern_ops);


--
-- Name: account_customerevent_app_id_b022b4d7; Type: INDEX; Schema: public; Owner: saleor
--

CREATE INDEX account_customerevent_app_id_b022b4d7 ON public.account_customerevent USING btree (app_id);


--
-- Name: account_customerevent_order_token_id_fd941a39; Type: INDEX; Schema: public; Owner: saleor
--

CREATE INDEX account_customerevent_order_token_id_fd941a39 ON public.account_customerevent USING btree (order_id);


--
-- Name: account_customerevent_user_id_b3d6ec36; Type: INDEX; Schema: public; Owner: saleor
--

CREATE INDEX account_customerevent_user_id_b3d6ec36 ON public.account_customerevent USING btree (user_id);


--
-- Name: account_customernote_customer_id_ec50cbf6; Type: INDEX; Schema: public; Owner: saleor
--

CREATE INDEX account_customernote_customer_id_ec50cbf6 ON public.account_customernote USING btree (customer_id);


--
-- Name: account_customernote_date_231c3474; Type: INDEX; Schema: public; Owner: saleor
--

CREATE INDEX account_customernote_date_231c3474 ON public.account_customernote USING btree (date);


--
-- Name: account_customernote_user_id_b10a6c14; Type: INDEX; Schema: public; Owner: saleor
--

CREATE INDEX account_customernote_user_id_b10a6c14 ON public.account_customernote USING btree (user_id);


--
-- Name: account_group_channels_channel_id_04ca83ef; Type: INDEX; Schema: public; Owner: saleor
--

CREATE INDEX account_group_channels_channel_id_04ca83ef ON public.account_group_channels USING btree (channel_id);


--
-- Name: account_group_channels_group_id_301893d0; Type: INDEX; Schema: public; Owner: saleor
--

CREATE INDEX account_group_channels_group_id_301893d0 ON public.account_group_channels USING btree (group_id);


--
-- Name: account_group_name_034e9f3f_like; Type: INDEX; Schema: public; Owner: saleor
--

CREATE INDEX account_group_name_034e9f3f_like ON public.account_group USING btree (name varchar_pattern_ops);


--
-- Name: account_group_permissions_group_id_37f7fcd9; Type: INDEX; Schema: public; Owner: saleor
--

CREATE INDEX account_group_permissions_group_id_37f7fcd9 ON public.account_group_permissions USING btree (group_id);


--
-- Name: account_group_permissions_permission_id_f654f978; Type: INDEX; Schema: public; Owner: saleor
--

CREATE INDEX account_group_permissions_permission_id_f654f978 ON public.account_group_permissions USING btree (permission_id);


--
-- Name: account_serviceaccount_permissions_permission_id_449791f0; Type: INDEX; Schema: public; Owner: saleor
--

CREATE INDEX account_serviceaccount_permissions_permission_id_449791f0 ON public.app_app_permissions USING btree (permission_id);


--
-- Name: account_serviceaccount_permissions_serviceaccount_id_ec78f497; Type: INDEX; Schema: public; Owner: saleor
--

CREATE INDEX account_serviceaccount_permissions_serviceaccount_id_ec78f497 ON public.app_app_permissions USING btree (app_id);


--
-- Name: account_serviceaccounttoken_auth_token_e4c38601_like; Type: INDEX; Schema: public; Owner: saleor
--

CREATE INDEX account_serviceaccounttoken_auth_token_e4c38601_like ON public.app_apptoken USING btree (auth_token varchar_pattern_ops);


--
-- Name: account_serviceaccounttoken_service_account_id_a8e6dee8; Type: INDEX; Schema: public; Owner: saleor
--

CREATE INDEX account_serviceaccounttoken_service_account_id_a8e6dee8 ON public.app_apptoken USING btree (app_id);


--
-- Name: account_staffnotificationrecipient_staff_email_a309b82e_like; Type: INDEX; Schema: public; Owner: saleor
--

CREATE INDEX account_staffnotificationrecipient_staff_email_a309b82e_like ON public.account_staffnotificationrecipient USING btree (staff_email varchar_pattern_ops);


--
-- Name: account_user_external_reference_ba2fbb61_like; Type: INDEX; Schema: public; Owner: saleor
--

CREATE INDEX account_user_external_reference_ba2fbb61_like ON public.account_user USING btree (external_reference varchar_pattern_ops);


--
-- Name: account_user_updated_at_d33bcfd6; Type: INDEX; Schema: public; Owner: saleor
--

CREATE INDEX account_user_updated_at_d33bcfd6 ON public.account_user USING btree (updated_at);


--
-- Name: address_country_idx; Type: INDEX; Schema: public; Owner: saleor
--

CREATE INDEX address_country_idx ON public.account_address USING btree (country);


--
-- Name: address_meta_idx; Type: INDEX; Schema: public; Owner: saleor
--

CREATE INDEX address_meta_idx ON public.account_address USING gin (metadata);


--
-- Name: address_p_meta_idx; Type: INDEX; Schema: public; Owner: saleor
--

CREATE INDEX address_p_meta_idx ON public.account_address USING gin (private_metadata);


--
-- Name: address_search_gin; Type: INDEX; Schema: public; Owner: saleor
--

CREATE INDEX address_search_gin ON public.account_address USING gin (first_name public.gin_trgm_ops, last_name public.gin_trgm_ops, city public.gin_trgm_ops, country public.gin_trgm_ops);


--
-- Name: app_appextension_app_id_4b2d27e9; Type: INDEX; Schema: public; Owner: saleor
--

CREATE INDEX app_appextension_app_id_4b2d27e9 ON public.app_appextension USING btree (app_id);


--
-- Name: app_appextension_permissions_appextension_id_8ad99c02; Type: INDEX; Schema: public; Owner: saleor
--

CREATE INDEX app_appextension_permissions_appextension_id_8ad99c02 ON public.app_appextension_permissions USING btree (appextension_id);


--
-- Name: app_appextension_permissions_permission_id_cb6c3ce0; Type: INDEX; Schema: public; Owner: saleor
--

CREATE INDEX app_appextension_permissions_permission_id_cb6c3ce0 ON public.app_appextension_permissions USING btree (permission_id);


--
-- Name: app_appinstallation_permissions_appinstallation_id_f7fe0271; Type: INDEX; Schema: public; Owner: saleor
--

CREATE INDEX app_appinstallation_permissions_appinstallation_id_f7fe0271 ON public.app_appinstallation_permissions USING btree (appinstallation_id);


--
-- Name: app_appinstallation_permissions_permission_id_4ee9f6c8; Type: INDEX; Schema: public; Owner: saleor
--

CREATE INDEX app_appinstallation_permissions_permission_id_4ee9f6c8 ON public.app_appinstallation_permissions USING btree (permission_id);


--
-- Name: app_appproblem_app_id_65a68d93; Type: INDEX; Schema: public; Owner: saleor
--

CREATE INDEX app_appproblem_app_id_65a68d93 ON public.app_appproblem USING btree (app_id);


--
-- Name: app_appproblem_dismissed_by_user_id_5a656db2; Type: INDEX; Schema: public; Owner: saleor
--

CREATE INDEX app_appproblem_dismissed_by_user_id_5a656db2 ON public.app_appproblem USING btree (dismissed_by_user_id);


--
-- Name: app_identifier_idx; Type: INDEX; Schema: public; Owner: saleor
--

CREATE INDEX app_identifier_idx ON public.payment_transactionitem USING btree (app_identifier);


--
-- Name: app_meta_idx; Type: INDEX; Schema: public; Owner: saleor
--

CREATE INDEX app_meta_idx ON public.app_app USING gin (metadata);


--
-- Name: app_p_meta_idx; Type: INDEX; Schema: public; Owner: saleor
--

CREATE INDEX app_p_meta_idx ON public.app_app USING gin (private_metadata);


--
-- Name: assignedpageattrvalue_page_idx; Type: INDEX; Schema: public; Owner: saleor
--

CREATE INDEX assignedpageattrvalue_page_idx ON public.attribute_assignedpageattributevalue USING btree (page_id);


--
-- Name: assignedprodattrval_product_idx; Type: INDEX; Schema: public; Owner: saleor
--

CREATE INDEX assignedprodattrval_product_idx ON public.attribute_assignedproductattributevalue USING btree (product_id);


--
-- Name: attribute_assignedpageattributevalue_sort_order_4a2a6d66; Type: INDEX; Schema: public; Owner: saleor
--

CREATE INDEX attribute_assignedpageattributevalue_sort_order_4a2a6d66 ON public.attribute_assignedpageattributevalue USING btree (sort_order);


--
-- Name: attribute_assignedpageattributevalue_value_id_9d9ee1aa; Type: INDEX; Schema: public; Owner: saleor
--

CREATE INDEX attribute_assignedpageattributevalue_value_id_9d9ee1aa ON public.attribute_assignedpageattributevalue USING btree (value_id);


--
-- Name: attribute_assignedproductattributevalue_sort_order_3f6252d6; Type: INDEX; Schema: public; Owner: saleor
--

CREATE INDEX attribute_assignedproductattributevalue_sort_order_3f6252d6 ON public.attribute_assignedproductattributevalue USING btree (sort_order);


--
-- Name: attribute_assignedproductattributevalue_value_id_9b9c0c68; Type: INDEX; Schema: public; Owner: saleor
--

CREATE INDEX attribute_assignedproductattributevalue_value_id_9b9c0c68 ON public.attribute_assignedproductattributevalue USING btree (value_id);


--
-- Name: attribute_assignedvariantattributevalue_assignment_id_040f7499; Type: INDEX; Schema: public; Owner: saleor
--

CREATE INDEX attribute_assignedvariantattributevalue_assignment_id_040f7499 ON public.attribute_assignedvariantattributevalue USING btree (assignment_id);


--
-- Name: attribute_assignedvariantattributevalue_sort_order_3e207536; Type: INDEX; Schema: public; Owner: saleor
--

CREATE INDEX attribute_assignedvariantattributevalue_sort_order_3e207536 ON public.attribute_assignedvariantattributevalue USING btree (sort_order);


--
-- Name: attribute_assignedvariantattributevalue_value_id_4bbdc9fa; Type: INDEX; Schema: public; Owner: saleor
--

CREATE INDEX attribute_assignedvariantattributevalue_value_id_4bbdc9fa ON public.attribute_assignedvariantattributevalue USING btree (value_id);


--
-- Name: attribute_assignedvariantattributevalue_variant_id_51b2d179; Type: INDEX; Schema: public; Owner: saleor
--

CREATE INDEX attribute_assignedvariantattributevalue_variant_id_51b2d179 ON public.attribute_assignedvariantattributevalue USING btree (variant_id);


--
-- Name: attribute_attribute_external_reference_792d92de_like; Type: INDEX; Schema: public; Owner: saleor
--

CREATE INDEX attribute_attribute_external_reference_792d92de_like ON public.attribute_attribute USING btree (external_reference varchar_pattern_ops);


--
-- Name: attribute_attribute_refere_attribute_id_7425874a; Type: INDEX; Schema: public; Owner: saleor
--

CREATE INDEX attribute_attribute_refere_attribute_id_7425874a ON public.attribute_attribute_reference_product_types USING btree (attribute_id);


--
-- Name: attribute_attribute_refere_producttype_id_050e71f9; Type: INDEX; Schema: public; Owner: saleor
--

CREATE INDEX attribute_attribute_refere_producttype_id_050e71f9 ON public.attribute_attribute_reference_product_types USING btree (producttype_id);


--
-- Name: attribute_attribute_reference_page_types_attribute_id_bf0faa93; Type: INDEX; Schema: public; Owner: saleor
--

CREATE INDEX attribute_attribute_reference_page_types_attribute_id_bf0faa93 ON public.attribute_attribute_reference_page_types USING btree (attribute_id);


--
-- Name: attribute_attribute_reference_page_types_pagetype_id_a17f26f0; Type: INDEX; Schema: public; Owner: saleor
--

CREATE INDEX attribute_attribute_reference_page_types_pagetype_id_a17f26f0 ON public.attribute_attribute_reference_page_types USING btree (pagetype_id);


--
-- Name: attribute_attributevalue_external_reference_c57fc8fd_like; Type: INDEX; Schema: public; Owner: saleor
--

CREATE INDEX attribute_attributevalue_external_reference_c57fc8fd_like ON public.attribute_attributevalue USING btree (external_reference varchar_pattern_ops);


--
-- Name: attribute_attributevalue_reference_category_id_2263240d; Type: INDEX; Schema: public; Owner: saleor
--

CREATE INDEX attribute_attributevalue_reference_category_id_2263240d ON public.attribute_attributevalue USING btree (reference_category_id);


--
-- Name: attribute_attributevalue_reference_collection_id_b2086c1e; Type: INDEX; Schema: public; Owner: saleor
--

CREATE INDEX attribute_attributevalue_reference_collection_id_b2086c1e ON public.attribute_attributevalue USING btree (reference_collection_id);


--
-- Name: attribute_attributevalue_reference_page_id_33727843; Type: INDEX; Schema: public; Owner: saleor
--

CREATE INDEX attribute_attributevalue_reference_page_id_33727843 ON public.attribute_attributevalue USING btree (reference_page_id);


--
-- Name: attribute_attributevalue_reference_product_id_43329b37; Type: INDEX; Schema: public; Owner: saleor
--

CREATE INDEX attribute_attributevalue_reference_product_id_43329b37 ON public.attribute_attributevalue USING btree (reference_product_id);


--
-- Name: attribute_attributevalue_reference_variant_id_670c09ee; Type: INDEX; Schema: public; Owner: saleor
--

CREATE INDEX attribute_attributevalue_reference_variant_id_670c09ee ON public.attribute_attributevalue USING btree (reference_variant_id);


--
-- Name: attribute_gin; Type: INDEX; Schema: public; Owner: saleor
--

CREATE INDEX attribute_gin ON public.attribute_attribute USING gin (slug public.gin_trgm_ops, name public.gin_trgm_ops, type public.gin_trgm_ops, input_type public.gin_trgm_ops, entity_type public.gin_trgm_ops, unit public.gin_trgm_ops);


--
-- Name: attribute_meta_idx; Type: INDEX; Schema: public; Owner: saleor
--

CREATE INDEX attribute_meta_idx ON public.attribute_attribute USING gin (metadata);


--
-- Name: attribute_p_meta_idx; Type: INDEX; Schema: public; Owner: saleor
--

CREATE INDEX attribute_p_meta_idx ON public.attribute_attribute USING gin (private_metadata);


--
-- Name: attribute_search_gin; Type: INDEX; Schema: public; Owner: saleor
--

CREATE INDEX attribute_search_gin ON public.attribute_attributevalue USING gin (name public.gin_trgm_ops, slug public.gin_trgm_ops);


--
-- Name: attribute_value_numeric_idx; Type: INDEX; Schema: public; Owner: saleor
--

CREATE INDEX attribute_value_numeric_idx ON public.attribute_attributevalue USING btree ("numeric");


--
-- Name: automaticcompletionattempt_idx; Type: INDEX; Schema: public; Owner: saleor
--

CREATE INDEX automaticcompletionattempt_idx ON public.checkout_checkout USING btree (last_automatic_completion_attempt);


--
-- Name: cart_cart_billing_address_id_9eb62ddd; Type: INDEX; Schema: public; Owner: saleor
--

CREATE INDEX cart_cart_billing_address_id_9eb62ddd ON public.checkout_checkout USING btree (billing_address_id);


--
-- Name: cart_cart_shipping_address_id_adfddaf9; Type: INDEX; Schema: public; Owner: saleor
--

CREATE INDEX cart_cart_shipping_address_id_adfddaf9 ON public.checkout_checkout USING btree (shipping_address_id);


--
-- Name: cart_cart_shipping_method_id_835c02e0; Type: INDEX; Schema: public; Owner: saleor
--

CREATE INDEX cart_cart_shipping_method_id_835c02e0 ON public.checkout_checkout USING btree (shipping_method_id);


--
-- Name: cart_cart_user_id_9b4220b9; Type: INDEX; Schema: public; Owner: saleor
--

CREATE INDEX cart_cart_user_id_9b4220b9 ON public.checkout_checkout USING btree (user_id);


--
-- Name: cart_cartline_cart_id_c7b9981e; Type: INDEX; Schema: public; Owner: saleor
--

CREATE INDEX cart_cartline_cart_id_c7b9981e ON public.checkout_checkoutline USING btree (checkout_id);


--
-- Name: cart_cartline_product_id_1a54130f; Type: INDEX; Schema: public; Owner: saleor
--

CREATE INDEX cart_cartline_product_id_1a54130f ON public.checkout_checkoutline USING btree (variant_id);


--
-- Name: category_meta_idx; Type: INDEX; Schema: public; Owner: saleor
--

CREATE INDEX category_meta_idx ON public.product_category USING gin (metadata);


--
-- Name: category_p_meta_idx; Type: INDEX; Schema: public; Owner: saleor
--

CREATE INDEX category_p_meta_idx ON public.product_category USING gin (private_metadata);


--
-- Name: category_search_name_slug_gin; Type: INDEX; Schema: public; Owner: saleor
--

CREATE INDEX category_search_name_slug_gin ON public.product_category USING gin (name public.gin_trgm_ops, slug public.gin_trgm_ops, description_plaintext public.gin_trgm_ops);


--
-- Name: cc_brand_idx; Type: INDEX; Schema: public; Owner: saleor
--

CREATE INDEX cc_brand_idx ON public.payment_transactionitem USING btree (cc_brand);


--
-- Name: channel_channel_slug_91801cbf_like; Type: INDEX; Schema: public; Owner: saleor
--

CREATE INDEX channel_channel_slug_91801cbf_like ON public.channel_channel USING btree (slug varchar_pattern_ops);


--
-- Name: channel_meta_idx; Type: INDEX; Schema: public; Owner: saleor
--

CREATE INDEX channel_meta_idx ON public.channel_channel USING gin (metadata);


--
-- Name: channel_p_meta_idx; Type: INDEX; Schema: public; Owner: saleor
--

CREATE INDEX channel_p_meta_idx ON public.channel_channel USING gin (private_metadata);


--
-- Name: checklinedisc_promotion_rule_idx; Type: INDEX; Schema: public; Owner: saleor
--

CREATE INDEX checklinedisc_promotion_rule_idx ON public.discount_checkoutlinediscount USING btree (promotion_rule_id);


--
-- Name: checklinedisc_voucher_code_idx; Type: INDEX; Schema: public; Owner: saleor
--

CREATE INDEX checklinedisc_voucher_code_idx ON public.discount_checkoutlinediscount USING gin (voucher_code);


--
-- Name: checkout_checkout_assigned_delivery_id_13ba46e0; Type: INDEX; Schema: public; Owner: saleor
--

CREATE INDEX checkout_checkout_assigned_delivery_id_13ba46e0 ON public.checkout_checkout USING btree (assigned_delivery_id);


--
-- Name: checkout_checkout_authorize_status_27351893; Type: INDEX; Schema: public; Owner: saleor
--

CREATE INDEX checkout_checkout_authorize_status_27351893 ON public.checkout_checkout USING btree (authorize_status);


--
-- Name: checkout_checkout_authorize_status_27351893_like; Type: INDEX; Schema: public; Owner: saleor
--

CREATE INDEX checkout_checkout_authorize_status_27351893_like ON public.checkout_checkout USING btree (authorize_status varchar_pattern_ops);


--
-- Name: checkout_checkout_channel_id_3b1a1e12; Type: INDEX; Schema: public; Owner: saleor
--

CREATE INDEX checkout_checkout_channel_id_3b1a1e12 ON public.checkout_checkout USING btree (channel_id);


--
-- Name: checkout_checkout_charge_status_bd143b33; Type: INDEX; Schema: public; Owner: saleor
--

CREATE INDEX checkout_checkout_charge_status_bd143b33 ON public.checkout_checkout USING btree (charge_status);


--
-- Name: checkout_checkout_charge_status_bd143b33_like; Type: INDEX; Schema: public; Owner: saleor
--

CREATE INDEX checkout_checkout_charge_status_bd143b33_like ON public.checkout_checkout USING btree (charge_status varchar_pattern_ops);


--
-- Name: checkout_checkout_collection_point_id_2dfc8e33; Type: INDEX; Schema: public; Owner: saleor
--

CREATE INDEX checkout_checkout_collection_point_id_2dfc8e33 ON public.checkout_checkout USING btree (collection_point_id);


--
-- Name: checkout_checkout_gift_cards_checkout_id_e314728d; Type: INDEX; Schema: public; Owner: saleor
--

CREATE INDEX checkout_checkout_gift_cards_checkout_id_e314728d ON public.checkout_checkout_gift_cards USING btree (checkout_id);


--
-- Name: checkout_checkout_gift_cards_giftcard_id_f5994462; Type: INDEX; Schema: public; Owner: saleor
--

CREATE INDEX checkout_checkout_gift_cards_giftcard_id_f5994462 ON public.checkout_checkout_gift_cards USING btree (giftcard_id);


--
-- Name: checkout_checkout_last_change_dfde0b31; Type: INDEX; Schema: public; Owner: saleor
--

CREATE INDEX checkout_checkout_last_change_dfde0b31 ON public.checkout_checkout USING btree (last_change);


--
-- Name: checkout_checkoutdeliver_external_shipping_method_55751488_like; Type: INDEX; Schema: public; Owner: saleor
--

CREATE INDEX checkout_checkoutdeliver_external_shipping_method_55751488_like ON public.checkout_checkoutdelivery USING btree (external_shipping_method_id varchar_pattern_ops);


--
-- Name: checkout_checkoutdelivery_built_in_shipping_method_id_5d9ed35a; Type: INDEX; Schema: public; Owner: saleor
--

CREATE INDEX checkout_checkoutdelivery_built_in_shipping_method_id_5d9ed35a ON public.checkout_checkoutdelivery USING btree (built_in_shipping_method_id);


--
-- Name: checkout_checkoutdelivery_checkout_id_e9e2b6eb; Type: INDEX; Schema: public; Owner: saleor
--

CREATE INDEX checkout_checkoutdelivery_checkout_id_e9e2b6eb ON public.checkout_checkoutdelivery USING btree (checkout_id);


--
-- Name: checkout_checkoutdelivery_external_shipping_method_id_55751488; Type: INDEX; Schema: public; Owner: saleor
--

CREATE INDEX checkout_checkoutdelivery_external_shipping_method_id_55751488 ON public.checkout_checkoutdelivery USING btree (external_shipping_method_id);


--
-- Name: checkout_meta_idx; Type: INDEX; Schema: public; Owner: saleor
--

CREATE INDEX checkout_meta_idx ON public.checkout_checkout USING gin (metadata);


--
-- Name: checkout_p_meta_idx; Type: INDEX; Schema: public; Owner: saleor
--

CREATE INDEX checkout_p_meta_idx ON public.checkout_checkout USING gin (private_metadata);


--
-- Name: checkout_token_btree_idx; Type: INDEX; Schema: public; Owner: saleor
--

CREATE INDEX checkout_token_btree_idx ON public.order_order USING btree (checkout_token);


--
-- Name: checkoutdiscount_rule_idx; Type: INDEX; Schema: public; Owner: saleor
--

CREATE INDEX checkoutdiscount_rule_idx ON public.discount_checkoutdiscount USING btree (promotion_rule_id);


--
-- Name: checkoutdiscount_voucher_idx; Type: INDEX; Schema: public; Owner: saleor
--

CREATE INDEX checkoutdiscount_voucher_idx ON public.discount_checkoutdiscount USING gin (voucher_code);


--
-- Name: checkoutline_meta_idx; Type: INDEX; Schema: public; Owner: saleor
--

CREATE INDEX checkoutline_meta_idx ON public.checkout_checkoutline USING gin (metadata);


--
-- Name: checkoutline_p_meta_idx; Type: INDEX; Schema: public; Owner: saleor
--

CREATE INDEX checkoutline_p_meta_idx ON public.checkout_checkoutline USING gin (private_metadata);


--
-- Name: checkoutmetadata_meta_idx; Type: INDEX; Schema: public; Owner: saleor
--

CREATE INDEX checkoutmetadata_meta_idx ON public.checkout_checkoutmetadata USING gin (metadata);


--
-- Name: checkoutmetadata_p_meta_idx; Type: INDEX; Schema: public; Owner: saleor
--

CREATE INDEX checkoutmetadata_p_meta_idx ON public.checkout_checkoutmetadata USING gin (private_metadata);


--
-- Name: click_and_collect_option_idx; Type: INDEX; Schema: public; Owner: saleor
--

CREATE INDEX click_and_collect_option_idx ON public.warehouse_warehouse USING btree (click_and_collect_option);


--
-- Name: collection_meta_idx; Type: INDEX; Schema: public; Owner: saleor
--

CREATE INDEX collection_meta_idx ON public.product_collection USING gin (metadata);


--
-- Name: collection_p_meta_idx; Type: INDEX; Schema: public; Owner: saleor
--

CREATE INDEX collection_p_meta_idx ON public.product_collection USING gin (private_metadata);


--
-- Name: collection_search_gin; Type: INDEX; Schema: public; Owner: saleor
--

CREATE INDEX collection_search_gin ON public.product_collection USING gin (name public.gin_trgm_ops, slug public.gin_trgm_ops);


--
-- Name: core_eventdelivery_payload_id_34de9fbd; Type: INDEX; Schema: public; Owner: saleor
--

CREATE INDEX core_eventdelivery_payload_id_34de9fbd ON public.core_eventdelivery USING btree (payload_id);


--
-- Name: core_eventdelivery_webhook_id_1ff668bb; Type: INDEX; Schema: public; Owner: saleor
--

CREATE INDEX core_eventdelivery_webhook_id_1ff668bb ON public.core_eventdelivery USING btree (webhook_id);


--
-- Name: core_eventdeliveryattempt_delivery_id_278cb539; Type: INDEX; Schema: public; Owner: saleor
--

CREATE INDEX core_eventdeliveryattempt_delivery_id_278cb539 ON public.core_eventdeliveryattempt USING btree (delivery_id);


--
-- Name: csv_exportevent_app_id_8637fcc5; Type: INDEX; Schema: public; Owner: saleor
--

CREATE INDEX csv_exportevent_app_id_8637fcc5 ON public.csv_exportevent USING btree (app_id);


--
-- Name: csv_exportevent_export_file_id_35f6c448; Type: INDEX; Schema: public; Owner: saleor
--

CREATE INDEX csv_exportevent_export_file_id_35f6c448 ON public.csv_exportevent USING btree (export_file_id);


--
-- Name: csv_exportevent_user_id_6111f193; Type: INDEX; Schema: public; Owner: saleor
--

CREATE INDEX csv_exportevent_user_id_6111f193 ON public.csv_exportevent USING btree (user_id);


--
-- Name: csv_exportfile_app_id_bc900999; Type: INDEX; Schema: public; Owner: saleor
--

CREATE INDEX csv_exportfile_app_id_bc900999 ON public.csv_exportfile USING btree (app_id);


--
-- Name: csv_exportfile_user_id_2c9071e6; Type: INDEX; Schema: public; Owner: saleor
--

CREATE INDEX csv_exportfile_user_id_2c9071e6 ON public.csv_exportfile USING btree (user_id);


--
-- Name: digitalcontent_meta_idx; Type: INDEX; Schema: public; Owner: saleor
--

CREATE INDEX digitalcontent_meta_idx ON public.product_digitalcontent USING gin (metadata);


--
-- Name: digitalcontent_p_meta_idx; Type: INDEX; Schema: public; Owner: saleor
--

CREATE INDEX digitalcontent_p_meta_idx ON public.product_digitalcontent USING gin (private_metadata);


--
-- Name: discount_ch_name_64e096_gin; Type: INDEX; Schema: public; Owner: saleor
--

CREATE INDEX discount_ch_name_64e096_gin ON public.discount_checkoutdiscount USING gin (name, translated_name);


--
-- Name: discount_checkoutdiscount_checkout_id_e5063abc; Type: INDEX; Schema: public; Owner: saleor
--

CREATE INDEX discount_checkoutdiscount_checkout_id_e5063abc ON public.discount_checkoutdiscount USING btree (checkout_id);


--
-- Name: discount_checkoutdiscount_created_at_c8166ad7; Type: INDEX; Schema: public; Owner: saleor
--

CREATE INDEX discount_checkoutdiscount_created_at_c8166ad7 ON public.discount_checkoutdiscount USING btree (created_at);


--
-- Name: discount_checkoutdiscount_voucher_id_1ef32adb; Type: INDEX; Schema: public; Owner: saleor
--

CREATE INDEX discount_checkoutdiscount_voucher_id_1ef32adb ON public.discount_checkoutdiscount USING btree (voucher_id);


--
-- Name: discount_checkoutlinediscount_created_at_000ed677; Type: INDEX; Schema: public; Owner: saleor
--

CREATE INDEX discount_checkoutlinediscount_created_at_000ed677 ON public.discount_checkoutlinediscount USING btree (created_at);


--
-- Name: discount_checkoutlinediscount_line_id_b93245a9; Type: INDEX; Schema: public; Owner: saleor
--

CREATE INDEX discount_checkoutlinediscount_line_id_b93245a9 ON public.discount_checkoutlinediscount USING btree (line_id);


--
-- Name: discount_checkoutlinediscount_voucher_id_66a61d93; Type: INDEX; Schema: public; Owner: saleor
--

CREATE INDEX discount_checkoutlinediscount_voucher_id_66a61d93 ON public.discount_checkoutlinediscount USING btree (voucher_id);


--
-- Name: discount_or_name_d16858_gin; Type: INDEX; Schema: public; Owner: saleor
--

CREATE INDEX discount_or_name_d16858_gin ON public.discount_orderdiscount USING gin (name, translated_name);


--
-- Name: discount_orderdiscount_created_at_8ee20efc; Type: INDEX; Schema: public; Owner: saleor
--

CREATE INDEX discount_orderdiscount_created_at_8ee20efc ON public.discount_orderdiscount USING btree (created_at);


--
-- Name: discount_orderdiscount_order_token_id_2e6b263a; Type: INDEX; Schema: public; Owner: saleor
--

CREATE INDEX discount_orderdiscount_order_token_id_2e6b263a ON public.discount_orderdiscount USING btree (order_id);


--
-- Name: discount_orderdiscount_voucher_id_10f0a1db; Type: INDEX; Schema: public; Owner: saleor
--

CREATE INDEX discount_orderdiscount_voucher_id_10f0a1db ON public.discount_orderdiscount USING btree (voucher_id);


--
-- Name: discount_orderlinediscount_created_at_acd29d5a; Type: INDEX; Schema: public; Owner: saleor
--

CREATE INDEX discount_orderlinediscount_created_at_acd29d5a ON public.discount_orderlinediscount USING btree (created_at);


--
-- Name: discount_orderlinediscount_line_id_045244c7; Type: INDEX; Schema: public; Owner: saleor
--

CREATE INDEX discount_orderlinediscount_line_id_045244c7 ON public.discount_orderlinediscount USING btree (line_id);


--
-- Name: discount_orderlinediscount_voucher_id_07e8fb8a; Type: INDEX; Schema: public; Owner: saleor
--

CREATE INDEX discount_orderlinediscount_voucher_id_07e8fb8a ON public.discount_orderlinediscount USING btree (voucher_id);


--
-- Name: discount_promotion_created_at_8775e81a; Type: INDEX; Schema: public; Owner: saleor
--

CREATE INDEX discount_promotion_created_at_8775e81a ON public.discount_promotion USING btree (created_at);


--
-- Name: discount_promotion_updated_at_680bf304; Type: INDEX; Schema: public; Owner: saleor
--

CREATE INDEX discount_promotion_updated_at_680bf304 ON public.discount_promotion USING btree (updated_at);


--
-- Name: discount_promotionevent_app_id_bf6964c4; Type: INDEX; Schema: public; Owner: saleor
--

CREATE INDEX discount_promotionevent_app_id_bf6964c4 ON public.discount_promotionevent USING btree (app_id);


--
-- Name: discount_promotionevent_date_37b2d832; Type: INDEX; Schema: public; Owner: saleor
--

CREATE INDEX discount_promotionevent_date_37b2d832 ON public.discount_promotionevent USING btree (date);


--
-- Name: discount_promotionevent_promotion_id_df51584a; Type: INDEX; Schema: public; Owner: saleor
--

CREATE INDEX discount_promotionevent_promotion_id_df51584a ON public.discount_promotionevent USING btree (promotion_id);


--
-- Name: discount_promotionevent_user_id_935d264f; Type: INDEX; Schema: public; Owner: saleor
--

CREATE INDEX discount_promotionevent_user_id_935d264f ON public.discount_promotionevent USING btree (user_id);


--
-- Name: discount_promotionrule_channels_channel_id_698c2436; Type: INDEX; Schema: public; Owner: saleor
--

CREATE INDEX discount_promotionrule_channels_channel_id_698c2436 ON public.discount_promotionrule_channels USING btree (channel_id);


--
-- Name: discount_promotionrule_channels_promotionrule_id_878da3b9; Type: INDEX; Schema: public; Owner: saleor
--

CREATE INDEX discount_promotionrule_channels_promotionrule_id_878da3b9 ON public.discount_promotionrule_channels USING btree (promotionrule_id);


--
-- Name: discount_promotionrule_gifts_productvariant_id_5409d0a9; Type: INDEX; Schema: public; Owner: saleor
--

CREATE INDEX discount_promotionrule_gifts_productvariant_id_5409d0a9 ON public.discount_promotionrule_gifts USING btree (productvariant_id);


--
-- Name: discount_promotionrule_gifts_promotionrule_id_d56c403e; Type: INDEX; Schema: public; Owner: saleor
--

CREATE INDEX discount_promotionrule_gifts_promotionrule_id_d56c403e ON public.discount_promotionrule_gifts USING btree (promotionrule_id);


--
-- Name: discount_promotionrule_promotion_id_6deaa086; Type: INDEX; Schema: public; Owner: saleor
--

CREATE INDEX discount_promotionrule_promotion_id_6deaa086 ON public.discount_promotionrule USING btree (promotion_id);


--
-- Name: discount_promotionrule_variants_productvariant_id_e715ba55; Type: INDEX; Schema: public; Owner: saleor
--

CREATE INDEX discount_promotionrule_variants_productvariant_id_e715ba55 ON public.discount_promotionrule_variants USING btree (productvariant_id);


--
-- Name: discount_promotionrule_variants_promotionrule_id_d16c1004; Type: INDEX; Schema: public; Owner: saleor
--

CREATE INDEX discount_promotionrule_variants_promotionrule_id_d16c1004 ON public.discount_promotionrule_variants USING btree (promotionrule_id);


--
-- Name: discount_promotionruletranslation_promotion_rule_id_e2ab38d7; Type: INDEX; Schema: public; Owner: saleor
--

CREATE INDEX discount_promotionruletranslation_promotion_rule_id_e2ab38d7 ON public.discount_promotionruletranslation USING btree (promotion_rule_id);


--
-- Name: discount_promotiontranslation_promotion_id_bc72ea07; Type: INDEX; Schema: public; Owner: saleor
--

CREATE INDEX discount_promotiontranslation_promotion_id_bc72ea07 ON public.discount_promotiontranslation USING btree (promotion_id);


--
-- Name: discount_voucher_categories_category_id_fc9d044a; Type: INDEX; Schema: public; Owner: saleor
--

CREATE INDEX discount_voucher_categories_category_id_fc9d044a ON public.discount_voucher_categories USING btree (category_id);


--
-- Name: discount_voucher_categories_voucher_id_19a56338; Type: INDEX; Schema: public; Owner: saleor
--

CREATE INDEX discount_voucher_categories_voucher_id_19a56338 ON public.discount_voucher_categories USING btree (voucher_id);


--
-- Name: discount_voucher_collections_collection_id_b9de6b54; Type: INDEX; Schema: public; Owner: saleor
--

CREATE INDEX discount_voucher_collections_collection_id_b9de6b54 ON public.discount_voucher_collections USING btree (collection_id);


--
-- Name: discount_voucher_collections_voucher_id_4ce1fde3; Type: INDEX; Schema: public; Owner: saleor
--

CREATE INDEX discount_voucher_collections_voucher_id_4ce1fde3 ON public.discount_voucher_collections USING btree (voucher_id);


--
-- Name: discount_voucher_products_product_id_4a3131ff; Type: INDEX; Schema: public; Owner: saleor
--

CREATE INDEX discount_voucher_products_product_id_4a3131ff ON public.discount_voucher_products USING btree (product_id);


--
-- Name: discount_voucher_products_voucher_id_8a2e6c3a; Type: INDEX; Schema: public; Owner: saleor
--

CREATE INDEX discount_voucher_products_voucher_id_8a2e6c3a ON public.discount_voucher_products USING btree (voucher_id);


--
-- Name: discount_voucher_variants_productvariant_id_dcab0bb4; Type: INDEX; Schema: public; Owner: saleor
--

CREATE INDEX discount_voucher_variants_productvariant_id_dcab0bb4 ON public.discount_voucher_variants USING btree (productvariant_id);


--
-- Name: discount_voucher_variants_voucher_id_40d96698; Type: INDEX; Schema: public; Owner: saleor
--

CREATE INDEX discount_voucher_variants_voucher_id_40d96698 ON public.discount_voucher_variants USING btree (voucher_id);


--
-- Name: discount_voucherchannellisting_channel_id_09f3ed34; Type: INDEX; Schema: public; Owner: saleor
--

CREATE INDEX discount_voucherchannellisting_channel_id_09f3ed34 ON public.discount_voucherchannellisting USING btree (channel_id);


--
-- Name: discount_voucherchannellisting_voucher_id_7963fcbd; Type: INDEX; Schema: public; Owner: saleor
--

CREATE INDEX discount_voucherchannellisting_voucher_id_7963fcbd ON public.discount_voucherchannellisting USING btree (voucher_id);


--
-- Name: discount_vouchercode_code_8ba04be7_like; Type: INDEX; Schema: public; Owner: saleor
--

CREATE INDEX discount_vouchercode_code_8ba04be7_like ON public.discount_vouchercode USING btree (code varchar_pattern_ops);


--
-- Name: discount_vouchertranslation_voucher_id_288246a9; Type: INDEX; Schema: public; Owner: saleor
--

CREATE INDEX discount_vouchertranslation_voucher_id_288246a9 ON public.discount_vouchertranslation USING btree (voucher_id);


--
-- Name: django_celery_beat_periodictask_clocked_id_47a69f82; Type: INDEX; Schema: public; Owner: saleor
--

CREATE INDEX django_celery_beat_periodictask_clocked_id_47a69f82 ON public.django_celery_beat_periodictask USING btree (clocked_id);


--
-- Name: django_celery_beat_periodictask_crontab_id_d3cba168; Type: INDEX; Schema: public; Owner: saleor
--

CREATE INDEX django_celery_beat_periodictask_crontab_id_d3cba168 ON public.django_celery_beat_periodictask USING btree (crontab_id);


--
-- Name: django_celery_beat_periodictask_interval_id_a8ca27da; Type: INDEX; Schema: public; Owner: saleor
--

CREATE INDEX django_celery_beat_periodictask_interval_id_a8ca27da ON public.django_celery_beat_periodictask USING btree (interval_id);


--
-- Name: django_celery_beat_periodictask_name_265a36b7_like; Type: INDEX; Schema: public; Owner: saleor
--

CREATE INDEX django_celery_beat_periodictask_name_265a36b7_like ON public.django_celery_beat_periodictask USING btree (name varchar_pattern_ops);


--
-- Name: django_celery_beat_periodictask_solar_id_a87ce72c; Type: INDEX; Schema: public; Owner: saleor
--

CREATE INDEX django_celery_beat_periodictask_solar_id_a87ce72c ON public.django_celery_beat_periodictask USING btree (solar_id);


--
-- Name: django_site_domain_a2e37b91_like; Type: INDEX; Schema: public; Owner: saleor
--

CREATE INDEX django_site_domain_a2e37b91_like ON public.django_site USING btree (domain varchar_pattern_ops);


--
-- Name: email_upper_idx; Type: INDEX; Schema: public; Owner: saleor
--

CREATE INDEX email_upper_idx ON public.account_user USING btree (upper((email)::text));


--
-- Name: end_date_idx; Type: INDEX; Schema: public; Owner: saleor
--

CREATE INDEX end_date_idx ON public.discount_promotion USING btree (end_date);


--
-- Name: filterable_channel_slugs_idx; Type: INDEX; Schema: public; Owner: saleor
--

CREATE INDEX filterable_channel_slugs_idx ON public.webhook_webhook USING gin (filterable_channel_slugs);


--
-- Name: first_name_gin; Type: INDEX; Schema: public; Owner: saleor
--

CREATE INDEX first_name_gin ON public.account_user USING gin (first_name public.gin_trgm_ops);


--
-- Name: fulfillment_meta_idx; Type: INDEX; Schema: public; Owner: saleor
--

CREATE INDEX fulfillment_meta_idx ON public.order_fulfillment USING gin (metadata);


--
-- Name: fulfillment_p_meta_idx; Type: INDEX; Schema: public; Owner: saleor
--

CREATE INDEX fulfillment_p_meta_idx ON public.order_fulfillment USING gin (private_metadata);


--
-- Name: fulfillment_status_idx; Type: INDEX; Schema: public; Owner: saleor
--

CREATE INDEX fulfillment_status_idx ON public.order_fulfillment USING btree (status);


--
-- Name: gift_card_tag_search_gin; Type: INDEX; Schema: public; Owner: saleor
--

CREATE INDEX gift_card_tag_search_gin ON public.giftcard_giftcardtag USING gin (name public.gin_trgm_ops);


--
-- Name: giftcard_giftcard_app_id_8d9d46f0; Type: INDEX; Schema: public; Owner: saleor
--

CREATE INDEX giftcard_giftcard_app_id_8d9d46f0 ON public.giftcard_giftcard USING btree (app_id);


--
-- Name: giftcard_giftcard_code_f6fb6be8_like; Type: INDEX; Schema: public; Owner: saleor
--

CREATE INDEX giftcard_giftcard_code_f6fb6be8_like ON public.giftcard_giftcard USING btree (code varchar_pattern_ops);


--
-- Name: giftcard_giftcard_created_at_62cb921a; Type: INDEX; Schema: public; Owner: saleor
--

CREATE INDEX giftcard_giftcard_created_at_62cb921a ON public.giftcard_giftcard USING btree (created_at);


--
-- Name: giftcard_giftcard_created_by_id_b70093de; Type: INDEX; Schema: public; Owner: saleor
--

CREATE INDEX giftcard_giftcard_created_by_id_b70093de ON public.giftcard_giftcard USING btree (created_by_id);


--
-- Name: giftcard_giftcard_fulfillment_line_id_f5bb8062; Type: INDEX; Schema: public; Owner: saleor
--

CREATE INDEX giftcard_giftcard_fulfillment_line_id_f5bb8062 ON public.giftcard_giftcard USING btree (fulfillment_line_id);


--
-- Name: giftcard_giftcard_product_id_d4ad7ecd; Type: INDEX; Schema: public; Owner: saleor
--

CREATE INDEX giftcard_giftcard_product_id_d4ad7ecd ON public.giftcard_giftcard USING btree (product_id);


--
-- Name: giftcard_giftcard_tags_giftcard_id_4e7e8444; Type: INDEX; Schema: public; Owner: saleor
--

CREATE INDEX giftcard_giftcard_tags_giftcard_id_4e7e8444 ON public.giftcard_giftcard_tags USING btree (giftcard_id);


--
-- Name: giftcard_giftcard_tags_giftcardtag_id_8d425074; Type: INDEX; Schema: public; Owner: saleor
--

CREATE INDEX giftcard_giftcard_tags_giftcardtag_id_8d425074 ON public.giftcard_giftcard_tags USING btree (giftcardtag_id);


--
-- Name: giftcard_giftcard_used_by_id_4e019509; Type: INDEX; Schema: public; Owner: saleor
--

CREATE INDEX giftcard_giftcard_used_by_id_4e019509 ON public.giftcard_giftcard USING btree (used_by_id);


--
-- Name: giftcard_giftcardevent_app_id_9e107653; Type: INDEX; Schema: public; Owner: saleor
--

CREATE INDEX giftcard_giftcardevent_app_id_9e107653 ON public.giftcard_giftcardevent USING btree (app_id);


--
-- Name: giftcard_giftcardevent_gift_card_id_28f4a30a; Type: INDEX; Schema: public; Owner: saleor
--

CREATE INDEX giftcard_giftcardevent_gift_card_id_28f4a30a ON public.giftcard_giftcardevent USING btree (gift_card_id);


--
-- Name: giftcard_giftcardevent_order_id_a934cb10; Type: INDEX; Schema: public; Owner: saleor
--

CREATE INDEX giftcard_giftcardevent_order_id_a934cb10 ON public.giftcard_giftcardevent USING btree (order_id);


--
-- Name: giftcard_giftcardevent_user_id_6b906b4a; Type: INDEX; Schema: public; Owner: saleor
--

CREATE INDEX giftcard_giftcardevent_user_id_6b906b4a ON public.giftcard_giftcardevent USING btree (user_id);


--
-- Name: giftcard_giftcardtag_name_215cd989_like; Type: INDEX; Schema: public; Owner: saleor
--

CREATE INDEX giftcard_giftcardtag_name_215cd989_like ON public.giftcard_giftcardtag USING btree (name varchar_pattern_ops);


--
-- Name: giftcard_meta_idx; Type: INDEX; Schema: public; Owner: saleor
--

CREATE INDEX giftcard_meta_idx ON public.giftcard_giftcard USING gin (metadata);


--
-- Name: giftcard_p_meta_idx; Type: INDEX; Schema: public; Owner: saleor
--

CREATE INDEX giftcard_p_meta_idx ON public.giftcard_giftcard USING gin (private_metadata);


--
-- Name: giftcard_tsearch; Type: INDEX; Schema: public; Owner: saleor
--

CREATE INDEX giftcard_tsearch ON public.giftcard_giftcard USING gin (search_vector);


--
-- Name: idx_checkout_created_at; Type: INDEX; Schema: public; Owner: saleor
--

CREATE INDEX idx_checkout_created_at ON public.checkout_checkout USING btree (created_at);


--
-- Name: idx_order_created_at; Type: INDEX; Schema: public; Owner: saleor
--

CREATE INDEX idx_order_created_at ON public.order_order USING btree (created_at);


--
-- Name: idx_user_full_name; Type: INDEX; Schema: public; Owner: saleor
--

CREATE INDEX idx_user_full_name ON public.account_user USING gin (((((first_name)::text || ' '::text) || (last_name)::text)) public.gin_trgm_ops);


--
-- Name: invoice_created_at_idx; Type: INDEX; Schema: public; Owner: saleor
--

CREATE INDEX invoice_created_at_idx ON public.invoice_invoice USING btree (created_at);


--
-- Name: invoice_invoice_order_token_id_d2755b86; Type: INDEX; Schema: public; Owner: saleor
--

CREATE INDEX invoice_invoice_order_token_id_d2755b86 ON public.invoice_invoice USING btree (order_id);


--
-- Name: invoice_invoiceevent_app_id_eb92fa41; Type: INDEX; Schema: public; Owner: saleor
--

CREATE INDEX invoice_invoiceevent_app_id_eb92fa41 ON public.invoice_invoiceevent USING btree (app_id);


--
-- Name: invoice_invoiceevent_invoice_id_de0632ca; Type: INDEX; Schema: public; Owner: saleor
--

CREATE INDEX invoice_invoiceevent_invoice_id_de0632ca ON public.invoice_invoiceevent USING btree (invoice_id);


--
-- Name: invoice_invoiceevent_order_token_id_acbb2c92; Type: INDEX; Schema: public; Owner: saleor
--

CREATE INDEX invoice_invoiceevent_order_token_id_acbb2c92 ON public.invoice_invoiceevent USING btree (order_id);


--
-- Name: invoice_invoiceevent_user_id_cd599b8d; Type: INDEX; Schema: public; Owner: saleor
--

CREATE INDEX invoice_invoiceevent_user_id_cd599b8d ON public.invoice_invoiceevent USING btree (user_id);


--
-- Name: invoice_meta_idx; Type: INDEX; Schema: public; Owner: saleor
--

CREATE INDEX invoice_meta_idx ON public.invoice_invoice USING gin (metadata);


--
-- Name: invoice_p_meta_idx; Type: INDEX; Schema: public; Owner: saleor
--

CREATE INDEX invoice_p_meta_idx ON public.invoice_invoice USING gin (private_metadata);


--
-- Name: last_name_gin; Type: INDEX; Schema: public; Owner: saleor
--

CREATE INDEX last_name_gin ON public.account_user USING gin (last_name public.gin_trgm_ops);


--
-- Name: lines_count_idx; Type: INDEX; Schema: public; Owner: saleor
--

CREATE INDEX lines_count_idx ON public.order_order USING btree (lines_count);


--
-- Name: menu_menu_slug_98939c4e_like; Type: INDEX; Schema: public; Owner: saleor
--

CREATE INDEX menu_menu_slug_98939c4e_like ON public.menu_menu USING btree (slug varchar_pattern_ops);


--
-- Name: menu_menuitem_category_id_af353a3b; Type: INDEX; Schema: public; Owner: saleor
--

CREATE INDEX menu_menuitem_category_id_af353a3b ON public.menu_menuitem USING btree (category_id);


--
-- Name: menu_menuitem_collection_id_b913b19e; Type: INDEX; Schema: public; Owner: saleor
--

CREATE INDEX menu_menuitem_collection_id_b913b19e ON public.menu_menuitem USING btree (collection_id);


--
-- Name: menu_menuitem_menu_id_f466b139; Type: INDEX; Schema: public; Owner: saleor
--

CREATE INDEX menu_menuitem_menu_id_f466b139 ON public.menu_menuitem USING btree (menu_id);


--
-- Name: menu_menuitem_page_id_a0c8f92d; Type: INDEX; Schema: public; Owner: saleor
--

CREATE INDEX menu_menuitem_page_id_a0c8f92d ON public.menu_menuitem USING btree (page_id);


--
-- Name: menu_menuitem_parent_id_439f55a5; Type: INDEX; Schema: public; Owner: saleor
--

CREATE INDEX menu_menuitem_parent_id_439f55a5 ON public.menu_menuitem USING btree (parent_id);


--
-- Name: menu_menuitem_sort_order_f96ed184; Type: INDEX; Schema: public; Owner: saleor
--

CREATE INDEX menu_menuitem_sort_order_f96ed184 ON public.menu_menuitem USING btree (sort_order);


--
-- Name: menu_menuitem_tree_id_0d2e9c9a; Type: INDEX; Schema: public; Owner: saleor
--

CREATE INDEX menu_menuitem_tree_id_0d2e9c9a ON public.menu_menuitem USING btree (tree_id);


--
-- Name: menu_menuitem_tree_id_lft_idx; Type: INDEX; Schema: public; Owner: saleor
--

CREATE INDEX menu_menuitem_tree_id_lft_idx ON public.menu_menuitem USING btree (tree_id, lft);


--
-- Name: menu_menuitemtranslation_menu_item_id_3445926c; Type: INDEX; Schema: public; Owner: saleor
--

CREATE INDEX menu_menuitemtranslation_menu_item_id_3445926c ON public.menu_menuitemtranslation USING btree (menu_item_id);


--
-- Name: menu_meta_idx; Type: INDEX; Schema: public; Owner: saleor
--

CREATE INDEX menu_meta_idx ON public.menu_menu USING gin (metadata);


--
-- Name: menu_p_meta_idx; Type: INDEX; Schema: public; Owner: saleor
--

CREATE INDEX menu_p_meta_idx ON public.menu_menu USING gin (private_metadata);


--
-- Name: menuitem_meta_idx; Type: INDEX; Schema: public; Owner: saleor
--

CREATE INDEX menuitem_meta_idx ON public.menu_menuitem USING gin (metadata);


--
-- Name: menuitem_p_meta_idx; Type: INDEX; Schema: public; Owner: saleor
--

CREATE INDEX menuitem_p_meta_idx ON public.menu_menuitem USING gin (private_metadata);


--
-- Name: order_email_search_gin; Type: INDEX; Schema: public; Owner: saleor
--

CREATE INDEX order_email_search_gin ON public.order_order USING gin (user_email public.gin_trgm_ops);


--
-- Name: order_fulfillment_order_token_id_9cb8226d; Type: INDEX; Schema: public; Owner: saleor
--

CREATE INDEX order_fulfillment_order_token_id_9cb8226d ON public.order_fulfillment USING btree (order_id);


--
-- Name: order_fulfillmentline_fulfillment_id_68f3291d; Type: INDEX; Schema: public; Owner: saleor
--

CREATE INDEX order_fulfillmentline_fulfillment_id_68f3291d ON public.order_fulfillmentline USING btree (fulfillment_id);


--
-- Name: order_fulfillmentline_order_line_token_id_5d3adfcf; Type: INDEX; Schema: public; Owner: saleor
--

CREATE INDEX order_fulfillmentline_order_line_token_id_5d3adfcf ON public.order_fulfillmentline USING btree (order_line_id);


--
-- Name: order_fulfillmentline_stock_id_da5a99fe; Type: INDEX; Schema: public; Owner: saleor
--

CREATE INDEX order_fulfillmentline_stock_id_da5a99fe ON public.order_fulfillmentline USING btree (stock_id);


--
-- Name: order_meta_idx; Type: INDEX; Schema: public; Owner: saleor
--

CREATE INDEX order_meta_idx ON public.order_order USING gin (metadata);


--
-- Name: order_order_authorize_status_3d7fd7b0; Type: INDEX; Schema: public; Owner: saleor
--

CREATE INDEX order_order_authorize_status_3d7fd7b0 ON public.order_order USING btree (authorize_status);


--
-- Name: order_order_authorize_status_3d7fd7b0_like; Type: INDEX; Schema: public; Owner: saleor
--

CREATE INDEX order_order_authorize_status_3d7fd7b0_like ON public.order_order USING btree (authorize_status varchar_pattern_ops);


--
-- Name: order_order_billing_address_id_8fe537cf; Type: INDEX; Schema: public; Owner: saleor
--

CREATE INDEX order_order_billing_address_id_8fe537cf ON public.order_order USING btree (billing_address_id);


--
-- Name: order_order_channel_id_4dacf8a4; Type: INDEX; Schema: public; Owner: saleor
--

CREATE INDEX order_order_channel_id_4dacf8a4 ON public.order_order USING btree (channel_id);


--
-- Name: order_order_charge_status_d96729ef; Type: INDEX; Schema: public; Owner: saleor
--

CREATE INDEX order_order_charge_status_d96729ef ON public.order_order USING btree (charge_status);


--
-- Name: order_order_charge_status_d96729ef_like; Type: INDEX; Schema: public; Owner: saleor
--

CREATE INDEX order_order_charge_status_d96729ef_like ON public.order_order USING btree (charge_status varchar_pattern_ops);


--
-- Name: order_order_collection_point_id_0762767b; Type: INDEX; Schema: public; Owner: saleor
--

CREATE INDEX order_order_collection_point_id_0762767b ON public.order_order USING btree (collection_point_id);


--
-- Name: order_order_external_reference_8badbaae_like; Type: INDEX; Schema: public; Owner: saleor
--

CREATE INDEX order_order_external_reference_8badbaae_like ON public.order_order USING btree (external_reference varchar_pattern_ops);


--
-- Name: order_order_gift_cards_giftcard_id_f6844926; Type: INDEX; Schema: public; Owner: saleor
--

CREATE INDEX order_order_gift_cards_giftcard_id_f6844926 ON public.order_order_gift_cards USING btree (giftcard_id);


--
-- Name: order_order_original_token_id_f061b357; Type: INDEX; Schema: public; Owner: saleor
--

CREATE INDEX order_order_original_token_id_f061b357 ON public.order_order USING btree (original_id);


--
-- Name: order_order_shipping_address_id_57e64931; Type: INDEX; Schema: public; Owner: saleor
--

CREATE INDEX order_order_shipping_address_id_57e64931 ON public.order_order USING btree (shipping_address_id);


--
-- Name: order_order_shipping_method_id_2a742834; Type: INDEX; Schema: public; Owner: saleor
--

CREATE INDEX order_order_shipping_method_id_2a742834 ON public.order_order USING btree (shipping_method_id);


--
-- Name: order_order_shipping_tax_class_id_ec0a5734; Type: INDEX; Schema: public; Owner: saleor
--

CREATE INDEX order_order_shipping_tax_class_id_ec0a5734 ON public.order_order USING btree (shipping_tax_class_id);


--
-- Name: order_order_type_37fa0c_idx; Type: INDEX; Schema: public; Owner: saleor
--

CREATE INDEX order_order_type_37fa0c_idx ON public.order_orderevent USING btree (type);


--
-- Name: order_order_updated_at_6d31c2bd; Type: INDEX; Schema: public; Owner: saleor
--

CREATE INDEX order_order_updated_at_6d31c2bd ON public.order_order USING btree (updated_at);


--
-- Name: order_order_user_id_7cf9bc2b; Type: INDEX; Schema: public; Owner: saleor
--

CREATE INDEX order_order_user_id_7cf9bc2b ON public.order_order USING btree (user_id);


--
-- Name: order_order_voucher_id_0748ca22; Type: INDEX; Schema: public; Owner: saleor
--

CREATE INDEX order_order_voucher_id_0748ca22 ON public.order_order USING btree (voucher_id);


--
-- Name: order_orderevent_app_id_2d642e9c; Type: INDEX; Schema: public; Owner: saleor
--

CREATE INDEX order_orderevent_app_id_2d642e9c ON public.order_orderevent USING btree (app_id);


--
-- Name: order_orderevent_date_idx; Type: INDEX; Schema: public; Owner: saleor
--

CREATE INDEX order_orderevent_date_idx ON public.order_orderevent USING btree (date);


--
-- Name: order_orderevent_order_token_id_56352b3d; Type: INDEX; Schema: public; Owner: saleor
--

CREATE INDEX order_orderevent_order_token_id_56352b3d ON public.order_orderevent USING btree (order_id);


--
-- Name: order_orderevent_related_id_idx; Type: INDEX; Schema: public; Owner: saleor
--

CREATE INDEX order_orderevent_related_id_idx ON public.order_orderevent USING btree (related_id);


--
-- Name: order_orderevent_user_id_1056ac9c; Type: INDEX; Schema: public; Owner: saleor
--

CREATE INDEX order_orderevent_user_id_1056ac9c ON public.order_orderevent USING btree (user_id);


--
-- Name: order_ordergrantedrefund_app_id_38ac1ecf; Type: INDEX; Schema: public; Owner: saleor
--

CREATE INDEX order_ordergrantedrefund_app_id_38ac1ecf ON public.order_ordergrantedrefund USING btree (app_id);


--
-- Name: order_ordergrantedrefund_order_id_2905d3e7; Type: INDEX; Schema: public; Owner: saleor
--

CREATE INDEX order_ordergrantedrefund_order_id_2905d3e7 ON public.order_ordergrantedrefund USING btree (order_id);


--
-- Name: order_ordergrantedrefund_reason_reference_id_d5e34bac; Type: INDEX; Schema: public; Owner: saleor
--

CREATE INDEX order_ordergrantedrefund_reason_reference_id_d5e34bac ON public.order_ordergrantedrefund USING btree (reason_reference_id);


--
-- Name: order_ordergrantedrefund_transaction_item_id_13928191; Type: INDEX; Schema: public; Owner: saleor
--

CREATE INDEX order_ordergrantedrefund_transaction_item_id_13928191 ON public.order_ordergrantedrefund USING btree (transaction_item_id);


--
-- Name: order_ordergrantedrefund_updated_at_3aa80ec9; Type: INDEX; Schema: public; Owner: saleor
--

CREATE INDEX order_ordergrantedrefund_updated_at_3aa80ec9 ON public.order_ordergrantedrefund USING btree (updated_at);


--
-- Name: order_ordergrantedrefund_user_id_f344f8ec; Type: INDEX; Schema: public; Owner: saleor
--

CREATE INDEX order_ordergrantedrefund_user_id_f344f8ec ON public.order_ordergrantedrefund USING btree (user_id);


--
-- Name: order_ordergrantedrefundline_granted_refund_id_cd1bb9f6; Type: INDEX; Schema: public; Owner: saleor
--

CREATE INDEX order_ordergrantedrefundline_granted_refund_id_cd1bb9f6 ON public.order_ordergrantedrefundline USING btree (granted_refund_id);


--
-- Name: order_ordergrantedrefundline_order_line_id_c2b8e4af; Type: INDEX; Schema: public; Owner: saleor
--

CREATE INDEX order_ordergrantedrefundline_order_line_id_c2b8e4af ON public.order_ordergrantedrefundline USING btree (order_line_id);


--
-- Name: order_orderline_order_token_id_c8d256ee; Type: INDEX; Schema: public; Owner: saleor
--

CREATE INDEX order_orderline_order_token_id_c8d256ee ON public.order_orderline USING btree (order_id);


--
-- Name: order_orderline_tax_class_id_bc719d4f; Type: INDEX; Schema: public; Owner: saleor
--

CREATE INDEX order_orderline_tax_class_id_bc719d4f ON public.order_orderline USING btree (tax_class_id);


--
-- Name: order_orderline_variant_id_866774cb; Type: INDEX; Schema: public; Owner: saleor
--

CREATE INDEX order_orderline_variant_id_866774cb ON public.order_orderline USING btree (variant_id);


--
-- Name: order_p_meta_idx; Type: INDEX; Schema: public; Owner: saleor
--

CREATE INDEX order_p_meta_idx ON public.order_order USING gin (private_metadata);


--
-- Name: order_search_gin; Type: INDEX; Schema: public; Owner: saleor
--

CREATE INDEX order_search_gin ON public.order_order USING gin (search_document public.gin_trgm_ops);


--
-- Name: order_status_idx; Type: INDEX; Schema: public; Owner: saleor
--

CREATE INDEX order_status_idx ON public.order_order USING btree (status);


--
-- Name: order_totalgrossamount_idx; Type: INDEX; Schema: public; Owner: saleor
--

CREATE INDEX order_totalgrossamount_idx ON public.order_order USING btree (total_gross_amount);


--
-- Name: order_totalnetamount_idx; Type: INDEX; Schema: public; Owner: saleor
--

CREATE INDEX order_totalnetamount_idx ON public.order_order USING btree (total_net_amount);


--
-- Name: order_tsearch; Type: INDEX; Schema: public; Owner: saleor
--

CREATE INDEX order_tsearch ON public.order_order USING gin (search_vector);


--
-- Name: order_user_email_user_id_idx; Type: INDEX; Schema: public; Owner: saleor
--

CREATE INDEX order_user_email_user_id_idx ON public.order_order USING gin (user_email, user_id);


--
-- Name: order_user_search_gin; Type: INDEX; Schema: public; Owner: saleor
--

CREATE INDEX order_user_search_gin ON public.account_user USING gin (email public.gin_trgm_ops, first_name public.gin_trgm_ops, last_name public.gin_trgm_ops);


--
-- Name: order_voucher_code_idx; Type: INDEX; Schema: public; Owner: saleor
--

CREATE INDEX order_voucher_code_idx ON public.order_order USING gin (voucher_code);


--
-- Name: orderdiscount_promotion_rule_idx; Type: INDEX; Schema: public; Owner: saleor
--

CREATE INDEX orderdiscount_promotion_rule_idx ON public.discount_orderdiscount USING btree (promotion_rule_id);


--
-- Name: orderdiscount_voucher_code_idx; Type: INDEX; Schema: public; Owner: saleor
--

CREATE INDEX orderdiscount_voucher_code_idx ON public.discount_orderdiscount USING gin (voucher_code);


--
-- Name: orderline_meta_idx; Type: INDEX; Schema: public; Owner: saleor
--

CREATE INDEX orderline_meta_idx ON public.order_orderline USING gin (metadata);


--
-- Name: orderline_p_meta_idx; Type: INDEX; Schema: public; Owner: saleor
--

CREATE INDEX orderline_p_meta_idx ON public.order_orderline USING gin (private_metadata);


--
-- Name: orderlinedisc_promotion_rule_idx; Type: INDEX; Schema: public; Owner: saleor
--

CREATE INDEX orderlinedisc_promotion_rule_idx ON public.discount_orderlinediscount USING btree (promotion_rule_id);


--
-- Name: orderlinedisc_voucher_code_idx; Type: INDEX; Schema: public; Owner: saleor
--

CREATE INDEX orderlinedisc_voucher_code_idx ON public.discount_orderlinediscount USING gin (voucher_code);


--
-- Name: page_meta_idx; Type: INDEX; Schema: public; Owner: saleor
--

CREATE INDEX page_meta_idx ON public.page_page USING gin (metadata);


--
-- Name: page_p_meta_idx; Type: INDEX; Schema: public; Owner: saleor
--

CREATE INDEX page_p_meta_idx ON public.page_page USING gin (private_metadata);


--
-- Name: page_page_created_at_86e521f7; Type: INDEX; Schema: public; Owner: saleor
--

CREATE INDEX page_page_created_at_86e521f7 ON public.page_page USING btree (created_at);


--
-- Name: page_page_page_type_id_06acc00e; Type: INDEX; Schema: public; Owner: saleor
--

CREATE INDEX page_page_page_type_id_06acc00e ON public.page_page USING btree (page_type_id);


--
-- Name: page_page_slug_d6b7c8ed_like; Type: INDEX; Schema: public; Owner: saleor
--

CREATE INDEX page_page_slug_d6b7c8ed_like ON public.page_page USING btree (slug varchar_pattern_ops);


--
-- Name: page_page_title_964714_gin; Type: INDEX; Schema: public; Owner: saleor
--

CREATE INDEX page_page_title_964714_gin ON public.page_page USING gin (title, slug);


--
-- Name: page_pagetranslation_page_id_60216ef5; Type: INDEX; Schema: public; Owner: saleor
--

CREATE INDEX page_pagetranslation_page_id_60216ef5 ON public.page_pagetranslation USING btree (page_id);


--
-- Name: page_pagetranslation_slug_4a090cce; Type: INDEX; Schema: public; Owner: saleor
--

CREATE INDEX page_pagetranslation_slug_4a090cce ON public.page_pagetranslation USING btree (slug);


--
-- Name: page_pagetranslation_slug_4a090cce_like; Type: INDEX; Schema: public; Owner: saleor
--

CREATE INDEX page_pagetranslation_slug_4a090cce_like ON public.page_pagetranslation USING btree (slug varchar_pattern_ops);


--
-- Name: page_pagety_name_7c1cb8_gin; Type: INDEX; Schema: public; Owner: saleor
--

CREATE INDEX page_pagety_name_7c1cb8_gin ON public.page_pagetype USING gin (name, slug);


--
-- Name: page_pagetype_slug_dc1e7a3f_like; Type: INDEX; Schema: public; Owner: saleor
--

CREATE INDEX page_pagetype_slug_dc1e7a3f_like ON public.page_pagetype USING btree (slug varchar_pattern_ops);


--
-- Name: pagetype_meta_idx; Type: INDEX; Schema: public; Owner: saleor
--

CREATE INDEX pagetype_meta_idx ON public.page_pagetype USING gin (metadata);


--
-- Name: pagetype_p_meta_idx; Type: INDEX; Schema: public; Owner: saleor
--

CREATE INDEX pagetype_p_meta_idx ON public.page_pagetype USING gin (private_metadata);


--
-- Name: payment_meta_idx; Type: INDEX; Schema: public; Owner: saleor
--

CREATE INDEX payment_meta_idx ON public.payment_payment USING gin (metadata);


--
-- Name: payment_method_type_ids; Type: INDEX; Schema: public; Owner: saleor
--

CREATE INDEX payment_method_type_ids ON public.payment_transactionitem USING btree (payment_method_type);


--
-- Name: payment_p_meta_idx; Type: INDEX; Schema: public; Owner: saleor
--

CREATE INDEX payment_p_meta_idx ON public.payment_payment USING gin (private_metadata);


--
-- Name: payment_payment_order_token_id_6823f402; Type: INDEX; Schema: public; Owner: saleor
--

CREATE INDEX payment_payment_order_token_id_6823f402 ON public.payment_payment USING btree (order_id);


--
-- Name: payment_payment_psp_reference_720e9ba9; Type: INDEX; Schema: public; Owner: saleor
--

CREATE INDEX payment_payment_psp_reference_720e9ba9 ON public.payment_payment USING btree (psp_reference);


--
-- Name: payment_payment_psp_reference_720e9ba9_like; Type: INDEX; Schema: public; Owner: saleor
--

CREATE INDEX payment_payment_psp_reference_720e9ba9_like ON public.payment_payment USING btree (psp_reference varchar_pattern_ops);


--
-- Name: payment_paymentmethod_checkout_id_5c0aae3d; Type: INDEX; Schema: public; Owner: saleor
--

CREATE INDEX payment_paymentmethod_checkout_id_5c0aae3d ON public.payment_payment USING btree (checkout_id);


--
-- Name: payment_transaction_payment_method_id_d35e75c1; Type: INDEX; Schema: public; Owner: saleor
--

CREATE INDEX payment_transaction_payment_method_id_d35e75c1 ON public.payment_transaction USING btree (payment_id);


--
-- Name: payment_transactionevent_app_id_98888f6d; Type: INDEX; Schema: public; Owner: saleor
--

CREATE INDEX payment_transactionevent_app_id_98888f6d ON public.payment_transactionevent USING btree (app_id);


--
-- Name: payment_transactionevent_reason_reference_id_513f289f; Type: INDEX; Schema: public; Owner: saleor
--

CREATE INDEX payment_transactionevent_reason_reference_id_513f289f ON public.payment_transactionevent USING btree (reason_reference_id);


--
-- Name: payment_transactionevent_related_granted_refund_id_bc5e73e4; Type: INDEX; Schema: public; Owner: saleor
--

CREATE INDEX payment_transactionevent_related_granted_refund_id_bc5e73e4 ON public.payment_transactionevent USING btree (related_granted_refund_id);


--
-- Name: payment_transactionevent_transaction_id_381f97d4; Type: INDEX; Schema: public; Owner: saleor
--

CREATE INDEX payment_transactionevent_transaction_id_381f97d4 ON public.payment_transactionevent USING btree (transaction_id);


--
-- Name: payment_transactionevent_user_id_7f9244da; Type: INDEX; Schema: public; Owner: saleor
--

CREATE INDEX payment_transactionevent_user_id_7f9244da ON public.payment_transactionevent USING btree (user_id);


--
-- Name: payment_transactionitem_app_id_75ae2f40; Type: INDEX; Schema: public; Owner: saleor
--

CREATE INDEX payment_transactionitem_app_id_75ae2f40 ON public.payment_transactionitem USING btree (app_id);


--
-- Name: payment_transactionitem_checkout_id_bc8a405f; Type: INDEX; Schema: public; Owner: saleor
--

CREATE INDEX payment_transactionitem_checkout_id_bc8a405f ON public.payment_transactionitem USING btree (checkout_id);


--
-- Name: payment_transactionitem_order_id_1e36872b; Type: INDEX; Schema: public; Owner: saleor
--

CREATE INDEX payment_transactionitem_order_id_1e36872b ON public.payment_transactionitem USING btree (order_id);


--
-- Name: payment_transactionitem_user_id_780fab59; Type: INDEX; Schema: public; Owner: saleor
--

CREATE INDEX payment_transactionitem_user_id_780fab59 ON public.payment_transactionitem USING btree (user_id);


--
-- Name: permission_permission_content_type_id_e526e8f2; Type: INDEX; Schema: public; Owner: saleor
--

CREATE INDEX permission_permission_content_type_id_e526e8f2 ON public.permission_permission USING btree (content_type_id);


--
-- Name: plugins_emailtemplate_plugin_configuration_id_9abac2f2; Type: INDEX; Schema: public; Owner: saleor
--

CREATE INDEX plugins_emailtemplate_plugin_configuration_id_9abac2f2 ON public.plugins_emailtemplate USING btree (plugin_configuration_id);


--
-- Name: plugins_pluginconfiguration_channel_id_c880e95c; Type: INDEX; Schema: public; Owner: saleor
--

CREATE INDEX plugins_pluginconfiguration_channel_id_c880e95c ON public.plugins_pluginconfiguration USING btree (channel_id);


--
-- Name: product_assignedvariantattribute_assignment_id_8fdbffe8; Type: INDEX; Schema: public; Owner: saleor
--

CREATE INDEX product_assignedvariantattribute_assignment_id_8fdbffe8 ON public.attribute_assignedvariantattribute USING btree (assignment_id);


--
-- Name: product_assignedvariantattribute_variant_id_27483e6a; Type: INDEX; Schema: public; Owner: saleor
--

CREATE INDEX product_assignedvariantattribute_variant_id_27483e6a ON public.attribute_assignedvariantattribute USING btree (variant_id);


--
-- Name: product_attribute_slug_a2ba35f2_like; Type: INDEX; Schema: public; Owner: saleor
--

CREATE INDEX product_attribute_slug_a2ba35f2_like ON public.attribute_attribute USING btree (slug varchar_pattern_ops);


--
-- Name: product_attributechoiceval_attribute_choice_value_id_71c4c0a7; Type: INDEX; Schema: public; Owner: saleor
--

CREATE INDEX product_attributechoiceval_attribute_choice_value_id_71c4c0a7 ON public.attribute_attributevaluetranslation USING btree (attribute_value_id);


--
-- Name: product_attributechoicevalue_attribute_id_c28c6c92; Type: INDEX; Schema: public; Owner: saleor
--

CREATE INDEX product_attributechoicevalue_attribute_id_c28c6c92 ON public.attribute_attributevalue USING btree (attribute_id);


--
-- Name: product_attributechoicevalue_slug_e0d2d25b; Type: INDEX; Schema: public; Owner: saleor
--

CREATE INDEX product_attributechoicevalue_slug_e0d2d25b ON public.attribute_attributevalue USING btree (slug);


--
-- Name: product_attributechoicevalue_slug_e0d2d25b_like; Type: INDEX; Schema: public; Owner: saleor
--

CREATE INDEX product_attributechoicevalue_slug_e0d2d25b_like ON public.attribute_attributevalue USING btree (slug varchar_pattern_ops);


--
-- Name: product_attributechoicevalue_sort_order_c4c071c4; Type: INDEX; Schema: public; Owner: saleor
--

CREATE INDEX product_attributechoicevalue_sort_order_c4c071c4 ON public.attribute_attributevalue USING btree (sort_order);


--
-- Name: product_attributepage_attribute_id_29005ba0; Type: INDEX; Schema: public; Owner: saleor
--

CREATE INDEX product_attributepage_attribute_id_29005ba0 ON public.attribute_attributepage USING btree (attribute_id);


--
-- Name: product_attributepage_page_type_id_2723ed1f; Type: INDEX; Schema: public; Owner: saleor
--

CREATE INDEX product_attributepage_page_type_id_2723ed1f ON public.attribute_attributepage USING btree (page_type_id);


--
-- Name: product_attributepage_sort_order_88af052d; Type: INDEX; Schema: public; Owner: saleor
--

CREATE INDEX product_attributepage_sort_order_88af052d ON public.attribute_attributepage USING btree (sort_order);


--
-- Name: product_attributeproduct_attribute_id_0051c706; Type: INDEX; Schema: public; Owner: saleor
--

CREATE INDEX product_attributeproduct_attribute_id_0051c706 ON public.attribute_attributeproduct USING btree (attribute_id);


--
-- Name: product_attributeproduct_product_type_id_54357b3b; Type: INDEX; Schema: public; Owner: saleor
--

CREATE INDEX product_attributeproduct_product_type_id_54357b3b ON public.attribute_attributeproduct USING btree (product_type_id);


--
-- Name: product_attributeproduct_sort_order_cec8a8e2; Type: INDEX; Schema: public; Owner: saleor
--

CREATE INDEX product_attributeproduct_sort_order_cec8a8e2 ON public.attribute_attributeproduct USING btree (sort_order);


--
-- Name: product_attributevariant_attribute_id_e47d3bc3; Type: INDEX; Schema: public; Owner: saleor
--

CREATE INDEX product_attributevariant_attribute_id_e47d3bc3 ON public.attribute_attributevariant USING btree (attribute_id);


--
-- Name: product_attributevariant_product_type_id_ba95c6dd; Type: INDEX; Schema: public; Owner: saleor
--

CREATE INDEX product_attributevariant_product_type_id_ba95c6dd ON public.attribute_attributevariant USING btree (product_type_id);


--
-- Name: product_attributevariant_sort_order_cf4b00ef; Type: INDEX; Schema: public; Owner: saleor
--

CREATE INDEX product_attributevariant_sort_order_cf4b00ef ON public.attribute_attributevariant USING btree (sort_order);


--
-- Name: product_category_parent_id_f6860923; Type: INDEX; Schema: public; Owner: saleor
--

CREATE INDEX product_category_parent_id_f6860923 ON public.product_category USING btree (parent_id);


--
-- Name: product_category_slug_e1f8ccc4_like; Type: INDEX; Schema: public; Owner: saleor
--

CREATE INDEX product_category_slug_e1f8ccc4_like ON public.product_category USING btree (slug varchar_pattern_ops);


--
-- Name: product_category_tree_id_f3c46461; Type: INDEX; Schema: public; Owner: saleor
--

CREATE INDEX product_category_tree_id_f3c46461 ON public.product_category USING btree (tree_id);


--
-- Name: product_category_tree_id_lf1e1; Type: INDEX; Schema: public; Owner: saleor
--

CREATE INDEX product_category_tree_id_lf1e1 ON public.product_category USING btree (tree_id, lft);


--
-- Name: product_categorytranslation_category_id_aa8d0917; Type: INDEX; Schema: public; Owner: saleor
--

CREATE INDEX product_categorytranslation_category_id_aa8d0917 ON public.product_categorytranslation USING btree (category_id);


--
-- Name: product_categorytranslation_slug_457854dd; Type: INDEX; Schema: public; Owner: saleor
--

CREATE INDEX product_categorytranslation_slug_457854dd ON public.product_categorytranslation USING btree (slug);


--
-- Name: product_categorytranslation_slug_457854dd_like; Type: INDEX; Schema: public; Owner: saleor
--

CREATE INDEX product_categorytranslation_slug_457854dd_like ON public.product_categorytranslation USING btree (slug varchar_pattern_ops);


--
-- Name: product_collection_products_collection_id_0bc817dc; Type: INDEX; Schema: public; Owner: saleor
--

CREATE INDEX product_collection_products_collection_id_0bc817dc ON public.product_collectionproduct USING btree (collection_id);


--
-- Name: product_collection_products_product_id_a45a5b06; Type: INDEX; Schema: public; Owner: saleor
--

CREATE INDEX product_collection_products_product_id_a45a5b06 ON public.product_collectionproduct USING btree (product_id);


--
-- Name: product_collection_slug_ec186116_like; Type: INDEX; Schema: public; Owner: saleor
--

CREATE INDEX product_collection_slug_ec186116_like ON public.product_collection USING btree (slug varchar_pattern_ops);


--
-- Name: product_collectionchannellisting_channel_id_5e167702; Type: INDEX; Schema: public; Owner: saleor
--

CREATE INDEX product_collectionchannellisting_channel_id_5e167702 ON public.product_collectionchannellisting USING btree (channel_id);


--
-- Name: product_collectionchannellisting_collection_id_2ce1b16b; Type: INDEX; Schema: public; Owner: saleor
--

CREATE INDEX product_collectionchannellisting_collection_id_2ce1b16b ON public.product_collectionchannellisting USING btree (collection_id);


--
-- Name: product_collectionproduct_sort_order_5e7b55bb; Type: INDEX; Schema: public; Owner: saleor
--

CREATE INDEX product_collectionproduct_sort_order_5e7b55bb ON public.product_collectionproduct USING btree (sort_order);


--
-- Name: product_collectiontranslation_collection_id_cfbbd453; Type: INDEX; Schema: public; Owner: saleor
--

CREATE INDEX product_collectiontranslation_collection_id_cfbbd453 ON public.product_collectiontranslation USING btree (collection_id);


--
-- Name: product_collectiontranslation_slug_5c279028; Type: INDEX; Schema: public; Owner: saleor
--

CREATE INDEX product_collectiontranslation_slug_5c279028 ON public.product_collectiontranslation USING btree (slug);


--
-- Name: product_collectiontranslation_slug_5c279028_like; Type: INDEX; Schema: public; Owner: saleor
--

CREATE INDEX product_collectiontranslation_slug_5c279028_like ON public.product_collectiontranslation USING btree (slug varchar_pattern_ops);


--
-- Name: product_digitalcontenturl_content_id_654197bd; Type: INDEX; Schema: public; Owner: saleor
--

CREATE INDEX product_digitalcontenturl_content_id_654197bd ON public.product_digitalcontenturl USING btree (content_id);


--
-- Name: product_gin; Type: INDEX; Schema: public; Owner: saleor
--

CREATE INDEX product_gin ON public.product_product USING gin (name public.gin_trgm_ops, slug public.gin_trgm_ops);


--
-- Name: product_meta_idx; Type: INDEX; Schema: public; Owner: saleor
--

CREATE INDEX product_meta_idx ON public.product_product USING gin (metadata);


--
-- Name: product_p_meta_idx; Type: INDEX; Schema: public; Owner: saleor
--

CREATE INDEX product_p_meta_idx ON public.product_product USING gin (private_metadata);


--
-- Name: product_pro_categor_8de99d_idx; Type: INDEX; Schema: public; Owner: saleor
--

CREATE INDEX product_pro_categor_8de99d_idx ON public.product_product USING btree (category_id, slug);


--
-- Name: product_pro_discoun_3145f3_btree; Type: INDEX; Schema: public; Owner: saleor
--

CREATE INDEX product_pro_discoun_3145f3_btree ON public.product_productchannellisting USING btree (discounted_price_amount);


--
-- Name: product_pro_price_a_fb6bd3_gin; Type: INDEX; Schema: public; Owner: saleor
--

CREATE INDEX product_pro_price_a_fb6bd3_gin ON public.product_productvariantchannellisting USING gin (price_amount, channel_id);


--
-- Name: product_pro_publish_a3c049_idx; Type: INDEX; Schema: public; Owner: saleor
--

CREATE INDEX product_pro_publish_a3c049_idx ON public.product_productchannellisting USING btree (published_at);


--
-- Name: product_product_category_id_0c725779; Type: INDEX; Schema: public; Owner: saleor
--

CREATE INDEX product_product_category_id_0c725779 ON public.product_product USING btree (category_id);


--
-- Name: product_product_created_526af21d; Type: INDEX; Schema: public; Owner: saleor
--

CREATE INDEX product_product_created_526af21d ON public.product_product USING btree (created_at);


--
-- Name: product_product_external_reference_af10ae04_like; Type: INDEX; Schema: public; Owner: saleor
--

CREATE INDEX product_product_external_reference_af10ae04_like ON public.product_product USING btree (external_reference varchar_pattern_ops);


--
-- Name: product_product_product_class_id_0547c998; Type: INDEX; Schema: public; Owner: saleor
--

CREATE INDEX product_product_product_class_id_0547c998 ON public.product_product USING btree (product_type_id);


--
-- Name: product_product_search_index_dirty_724d006b; Type: INDEX; Schema: public; Owner: saleor
--

CREATE INDEX product_product_search_index_dirty_724d006b ON public.product_product USING btree (search_index_dirty);


--
-- Name: product_product_slug_76cde0ae_like; Type: INDEX; Schema: public; Owner: saleor
--

CREATE INDEX product_product_slug_76cde0ae_like ON public.product_product USING btree (slug varchar_pattern_ops);


--
-- Name: product_product_tax_class_id_a0476487; Type: INDEX; Schema: public; Owner: saleor
--

CREATE INDEX product_product_tax_class_id_a0476487 ON public.product_product USING btree (tax_class_id);


--
-- Name: product_product_updated_at_0eb084a6; Type: INDEX; Schema: public; Owner: saleor
--

CREATE INDEX product_product_updated_at_0eb084a6 ON public.product_product USING btree (updated_at);


--
-- Name: product_productattributetr_product_attribute_id_56b48511; Type: INDEX; Schema: public; Owner: saleor
--

CREATE INDEX product_productattributetr_product_attribute_id_56b48511 ON public.attribute_attributetranslation USING btree (attribute_id);


--
-- Name: product_productchannellisting_channel_id_f8b52350; Type: INDEX; Schema: public; Owner: saleor
--

CREATE INDEX product_productchannellisting_channel_id_f8b52350 ON public.product_productchannellisting USING btree (channel_id);


--
-- Name: product_productchannellisting_product_id_7838c7a9; Type: INDEX; Schema: public; Owner: saleor
--

CREATE INDEX product_productchannellisting_product_id_7838c7a9 ON public.product_productchannellisting USING btree (product_id);


--
-- Name: product_productmedia_product_id_b83ecd16; Type: INDEX; Schema: public; Owner: saleor
--

CREATE INDEX product_productmedia_product_id_b83ecd16 ON public.product_productmedia USING btree (product_id);


--
-- Name: product_productmedia_sort_order_d9f18acb; Type: INDEX; Schema: public; Owner: saleor
--

CREATE INDEX product_productmedia_sort_order_d9f18acb ON public.product_productmedia USING btree (sort_order);


--
-- Name: product_producttranslation_product_id_2c2c7532; Type: INDEX; Schema: public; Owner: saleor
--

CREATE INDEX product_producttranslation_product_id_2c2c7532 ON public.product_producttranslation USING btree (product_id);


--
-- Name: product_producttranslation_slug_6f13488c; Type: INDEX; Schema: public; Owner: saleor
--

CREATE INDEX product_producttranslation_slug_6f13488c ON public.product_producttranslation USING btree (slug);


--
-- Name: product_producttranslation_slug_6f13488c_like; Type: INDEX; Schema: public; Owner: saleor
--

CREATE INDEX product_producttranslation_slug_6f13488c_like ON public.product_producttranslation USING btree (slug varchar_pattern_ops);


--
-- Name: product_producttype_slug_6871faf2_like; Type: INDEX; Schema: public; Owner: saleor
--

CREATE INDEX product_producttype_slug_6871faf2_like ON public.product_producttype USING btree (slug varchar_pattern_ops);


--
-- Name: product_producttype_tax_class_id_cc83fe88; Type: INDEX; Schema: public; Owner: saleor
--

CREATE INDEX product_producttype_tax_class_id_cc83fe88 ON public.product_producttype USING btree (tax_class_id);


--
-- Name: product_productvariant_created_355c17e4; Type: INDEX; Schema: public; Owner: saleor
--

CREATE INDEX product_productvariant_created_355c17e4 ON public.product_productvariant USING btree (created_at);


--
-- Name: product_productvariant_external_reference_8f7f4882_like; Type: INDEX; Schema: public; Owner: saleor
--

CREATE INDEX product_productvariant_external_reference_8f7f4882_like ON public.product_productvariant USING btree (external_reference varchar_pattern_ops);


--
-- Name: product_productvariant_product_id_43c5a310; Type: INDEX; Schema: public; Owner: saleor
--

CREATE INDEX product_productvariant_product_id_43c5a310 ON public.product_productvariant USING btree (product_id);


--
-- Name: product_productvariant_sku_50706818_like; Type: INDEX; Schema: public; Owner: saleor
--

CREATE INDEX product_productvariant_sku_50706818_like ON public.product_productvariant USING btree (sku varchar_pattern_ops);


--
-- Name: product_productvariant_sort_order_d4acf89b; Type: INDEX; Schema: public; Owner: saleor
--

CREATE INDEX product_productvariant_sort_order_d4acf89b ON public.product_productvariant USING btree (sort_order);


--
-- Name: product_productvariant_updated_at_4ed8c13c; Type: INDEX; Schema: public; Owner: saleor
--

CREATE INDEX product_productvariant_updated_at_4ed8c13c ON public.product_productvariant USING btree (updated_at);


--
-- Name: product_productvariantchannellisting_channel_id_23e849ed; Type: INDEX; Schema: public; Owner: saleor
--

CREATE INDEX product_productvariantchannellisting_channel_id_23e849ed ON public.product_productvariantchannellisting USING btree (channel_id);


--
-- Name: product_productvariantchannellisting_variant_id_f8e7abba; Type: INDEX; Schema: public; Owner: saleor
--

CREATE INDEX product_productvariantchannellisting_variant_id_f8e7abba ON public.product_productvariantchannellisting USING btree (variant_id);


--
-- Name: product_productvarianttranslation_product_variant_id_1b144a85; Type: INDEX; Schema: public; Owner: saleor
--

CREATE INDEX product_productvarianttranslation_product_variant_id_1b144a85 ON public.product_productvarianttranslation USING btree (product_variant_id);


--
-- Name: product_search_gin; Type: INDEX; Schema: public; Owner: saleor
--

CREATE INDEX product_search_gin ON public.product_product USING gin (search_document public.gin_trgm_ops);


--
-- Name: product_tsearch; Type: INDEX; Schema: public; Owner: saleor
--

CREATE INDEX product_tsearch ON public.product_product USING gin (search_vector);


--
-- Name: product_type_id_btree_idx; Type: INDEX; Schema: public; Owner: saleor
--

CREATE INDEX product_type_id_btree_idx ON public.order_orderline USING btree (product_type_id);


--
-- Name: product_type_search_gin; Type: INDEX; Schema: public; Owner: saleor
--

CREATE INDEX product_type_search_gin ON public.product_producttype USING gin (name public.gin_trgm_ops, slug public.gin_trgm_ops);


--
-- Name: product_variantchannellist_promotion_rule_id_af12d96f; Type: INDEX; Schema: public; Owner: saleor
--

CREATE INDEX product_variantchannellist_promotion_rule_id_af12d96f ON public.product_variantchannellistingpromotionrule USING btree (promotion_rule_id);


--
-- Name: product_variantchannellist_variant_channel_listing_id_3d6a575a; Type: INDEX; Schema: public; Owner: saleor
--

CREATE INDEX product_variantchannellist_variant_channel_listing_id_3d6a575a ON public.product_variantchannellistingpromotionrule USING btree (variant_channel_listing_id);


--
-- Name: product_variantmedia_media_id_e94208c4; Type: INDEX; Schema: public; Owner: saleor
--

CREATE INDEX product_variantmedia_media_id_e94208c4 ON public.product_variantmedia USING btree (media_id);


--
-- Name: product_variantmedia_variant_id_2a29a589; Type: INDEX; Schema: public; Owner: saleor
--

CREATE INDEX product_variantmedia_variant_id_2a29a589 ON public.product_variantmedia USING btree (variant_id);


--
-- Name: productmedia_meta_idx; Type: INDEX; Schema: public; Owner: saleor
--

CREATE INDEX productmedia_meta_idx ON public.product_productmedia USING gin (metadata);


--
-- Name: productmedia_p_meta_idx; Type: INDEX; Schema: public; Owner: saleor
--

CREATE INDEX productmedia_p_meta_idx ON public.product_productmedia USING gin (private_metadata);


--
-- Name: producttype_meta_idx; Type: INDEX; Schema: public; Owner: saleor
--

CREATE INDEX producttype_meta_idx ON public.product_producttype USING gin (metadata);


--
-- Name: producttype_p_meta_idx; Type: INDEX; Schema: public; Owner: saleor
--

CREATE INDEX producttype_p_meta_idx ON public.product_producttype USING gin (private_metadata);


--
-- Name: productvariant_meta_idx; Type: INDEX; Schema: public; Owner: saleor
--

CREATE INDEX productvariant_meta_idx ON public.product_productvariant USING gin (metadata);


--
-- Name: productvariant_p_meta_idx; Type: INDEX; Schema: public; Owner: saleor
--

CREATE INDEX productvariant_p_meta_idx ON public.product_productvariant USING gin (private_metadata);


--
-- Name: psp_reference_idx; Type: INDEX; Schema: public; Owner: saleor
--

CREATE INDEX psp_reference_idx ON public.payment_transactionitem USING btree (psp_reference);


--
-- Name: s_z_countries_idx; Type: INDEX; Schema: public; Owner: saleor
--

CREATE INDEX s_z_countries_idx ON public.shipping_shippingzone USING gin (countries public.gin_trgm_ops);


--
-- Name: schedulers_customperiodictask_custom_id_2ce85a70; Type: INDEX; Schema: public; Owner: saleor
--

CREATE INDEX schedulers_customperiodictask_custom_id_2ce85a70 ON public.schedulers_customperiodictask USING btree (custom_id);


--
-- Name: schedulers_customschedule_schedule_import_path_d6057fed_like; Type: INDEX; Schema: public; Owner: saleor
--

CREATE INDEX schedulers_customschedule_schedule_import_path_d6057fed_like ON public.schedulers_customschedule USING btree (schedule_import_path varchar_pattern_ops);


--
-- Name: shipping_shippingmethod_ex_shippingmethod_id_a522e057; Type: INDEX; Schema: public; Owner: saleor
--

CREATE INDEX shipping_shippingmethod_ex_shippingmethod_id_a522e057 ON public.shipping_shippingmethod_excluded_products USING btree (shippingmethod_id);


--
-- Name: shipping_shippingmethod_excluded_products_product_id_c2c20af6; Type: INDEX; Schema: public; Owner: saleor
--

CREATE INDEX shipping_shippingmethod_excluded_products_product_id_c2c20af6 ON public.shipping_shippingmethod_excluded_products USING btree (product_id);


--
-- Name: shipping_shippingmethod_shipping_zone_id_265b7413; Type: INDEX; Schema: public; Owner: saleor
--

CREATE INDEX shipping_shippingmethod_shipping_zone_id_265b7413 ON public.shipping_shippingmethod USING btree (shipping_zone_id);


--
-- Name: shipping_shippingmethod_tax_class_id_59ec5c19; Type: INDEX; Schema: public; Owner: saleor
--

CREATE INDEX shipping_shippingmethod_tax_class_id_59ec5c19 ON public.shipping_shippingmethod USING btree (tax_class_id);


--
-- Name: shipping_shippingmethodcha_shipping_method_id_20c0bc65; Type: INDEX; Schema: public; Owner: saleor
--

CREATE INDEX shipping_shippingmethodcha_shipping_method_id_20c0bc65 ON public.shipping_shippingmethodchannellisting USING btree (shipping_method_id);


--
-- Name: shipping_shippingmethodchannellisting_channel_id_10933a3c; Type: INDEX; Schema: public; Owner: saleor
--

CREATE INDEX shipping_shippingmethodchannellisting_channel_id_10933a3c ON public.shipping_shippingmethodchannellisting USING btree (channel_id);


--
-- Name: shipping_shippingmethodtranslation_shipping_method_id_31d925d2; Type: INDEX; Schema: public; Owner: saleor
--

CREATE INDEX shipping_shippingmethodtranslation_shipping_method_id_31d925d2 ON public.shipping_shippingmethodtranslation USING btree (shipping_method_id);


--
-- Name: shipping_shippingmethodzipcoderule_shipping_method_id_825fd462; Type: INDEX; Schema: public; Owner: saleor
--

CREATE INDEX shipping_shippingmethodzipcoderule_shipping_method_id_825fd462 ON public.shipping_shippingmethodpostalcoderule USING btree (shipping_method_id);


--
-- Name: shipping_shippingzone_channels_channel_id_36548abc; Type: INDEX; Schema: public; Owner: saleor
--

CREATE INDEX shipping_shippingzone_channels_channel_id_36548abc ON public.shipping_shippingzone_channels USING btree (channel_id);


--
-- Name: shipping_shippingzone_channels_shippingzone_id_6724d6e4; Type: INDEX; Schema: public; Owner: saleor
--

CREATE INDEX shipping_shippingzone_channels_shippingzone_id_6724d6e4 ON public.shipping_shippingzone_channels USING btree (shippingzone_id);


--
-- Name: shippingmethod_meta_idx; Type: INDEX; Schema: public; Owner: saleor
--

CREATE INDEX shippingmethod_meta_idx ON public.shipping_shippingmethod USING gin (metadata);


--
-- Name: shippingmethod_p_meta_idx; Type: INDEX; Schema: public; Owner: saleor
--

CREATE INDEX shippingmethod_p_meta_idx ON public.shipping_shippingmethod USING gin (private_metadata);


--
-- Name: shippingzone_meta_idx; Type: INDEX; Schema: public; Owner: saleor
--

CREATE INDEX shippingzone_meta_idx ON public.shipping_shippingzone USING gin (metadata);


--
-- Name: shippingzone_p_meta_idx; Type: INDEX; Schema: public; Owner: saleor
--

CREATE INDEX shippingzone_p_meta_idx ON public.shipping_shippingzone USING gin (private_metadata);


--
-- Name: site_sitesettings_bottom_menu_id_e2a78098; Type: INDEX; Schema: public; Owner: saleor
--

CREATE INDEX site_sitesettings_bottom_menu_id_e2a78098 ON public.site_sitesettings USING btree (bottom_menu_id);


--
-- Name: site_sitesettings_company_address_id_f0825427; Type: INDEX; Schema: public; Owner: saleor
--

CREATE INDEX site_sitesettings_company_address_id_f0825427 ON public.site_sitesettings USING btree (company_address_id);


--
-- Name: site_sitesettings_refund_reason_reference_type_id_c22ffe53; Type: INDEX; Schema: public; Owner: saleor
--

CREATE INDEX site_sitesettings_refund_reason_reference_type_id_c22ffe53 ON public.site_sitesettings USING btree (refund_reason_reference_type_id);


--
-- Name: site_sitesettings_top_menu_id_ab6f8c46; Type: INDEX; Schema: public; Owner: saleor
--

CREATE INDEX site_sitesettings_top_menu_id_ab6f8c46 ON public.site_sitesettings USING btree (top_menu_id);


--
-- Name: site_sitesettingstranslation_site_settings_id_ca085ff6; Type: INDEX; Schema: public; Owner: saleor
--

CREATE INDEX site_sitesettingstranslation_site_settings_id_ca085ff6 ON public.site_sitesettingstranslation USING btree (site_settings_id);


--
-- Name: start_date_idx; Type: INDEX; Schema: public; Owner: saleor
--

CREATE INDEX start_date_idx ON public.discount_promotion USING btree (start_date);


--
-- Name: tax_taxclasscountryrate_tax_class_id_6ce938aa; Type: INDEX; Schema: public; Owner: saleor
--

CREATE INDEX tax_taxclasscountryrate_tax_class_id_6ce938aa ON public.tax_taxclasscountryrate USING btree (tax_class_id);


--
-- Name: tax_taxconfigurationpercountry_tax_configuration_id_63347e1b; Type: INDEX; Schema: public; Owner: saleor
--

CREATE INDEX tax_taxconfigurationpercountry_tax_configuration_id_63347e1b ON public.tax_taxconfigurationpercountry USING btree (tax_configuration_id);


--
-- Name: thumbnail_thumbnail_app_id_aa70f2d4; Type: INDEX; Schema: public; Owner: saleor
--

CREATE INDEX thumbnail_thumbnail_app_id_aa70f2d4 ON public.thumbnail_thumbnail USING btree (app_id);


--
-- Name: thumbnail_thumbnail_app_installation_id_a5a97d99; Type: INDEX; Schema: public; Owner: saleor
--

CREATE INDEX thumbnail_thumbnail_app_installation_id_a5a97d99 ON public.thumbnail_thumbnail USING btree (app_installation_id);


--
-- Name: thumbnail_thumbnail_category_id_e3196106; Type: INDEX; Schema: public; Owner: saleor
--

CREATE INDEX thumbnail_thumbnail_category_id_e3196106 ON public.thumbnail_thumbnail USING btree (category_id);


--
-- Name: thumbnail_thumbnail_collection_id_0aa16183; Type: INDEX; Schema: public; Owner: saleor
--

CREATE INDEX thumbnail_thumbnail_collection_id_0aa16183 ON public.thumbnail_thumbnail USING btree (collection_id);


--
-- Name: thumbnail_thumbnail_product_media_id_85602a99; Type: INDEX; Schema: public; Owner: saleor
--

CREATE INDEX thumbnail_thumbnail_product_media_id_85602a99 ON public.thumbnail_thumbnail USING btree (product_media_id);


--
-- Name: thumbnail_thumbnail_user_id_0bc68981; Type: INDEX; Schema: public; Owner: saleor
--

CREATE INDEX thumbnail_thumbnail_user_id_0bc68981 ON public.thumbnail_thumbnail USING btree (user_id);


--
-- Name: token_idx; Type: INDEX; Schema: public; Owner: saleor
--

CREATE INDEX token_idx ON public.payment_transaction USING gin (token);


--
-- Name: transactionitem_meta_idx; Type: INDEX; Schema: public; Owner: saleor
--

CREATE INDEX transactionitem_meta_idx ON public.payment_transactionitem USING gin (metadata);


--
-- Name: transactionitem_p_meta_idx; Type: INDEX; Schema: public; Owner: saleor
--

CREATE INDEX transactionitem_p_meta_idx ON public.payment_transactionitem USING gin (private_metadata);


--
-- Name: unique_country_without_tax_class; Type: INDEX; Schema: public; Owner: saleor
--

CREATE UNIQUE INDEX unique_country_without_tax_class ON public.tax_taxclasscountryrate USING btree (country) WHERE (tax_class_id IS NULL);


--
-- Name: updated_at_idx; Type: INDEX; Schema: public; Owner: saleor
--

CREATE INDEX updated_at_idx ON public.product_category USING btree (updated_at);


--
-- Name: user_date_joined_idx; Type: INDEX; Schema: public; Owner: saleor
--

CREATE INDEX user_date_joined_idx ON public.account_user USING btree (date_joined);


--
-- Name: user_email_idx; Type: INDEX; Schema: public; Owner: saleor
--

CREATE INDEX user_email_idx ON public.account_user USING btree (email);


--
-- Name: user_meta_idx; Type: INDEX; Schema: public; Owner: saleor
--

CREATE INDEX user_meta_idx ON public.account_user USING gin (metadata);


--
-- Name: user_number_of_orders_idx; Type: INDEX; Schema: public; Owner: saleor
--

CREATE INDEX user_number_of_orders_idx ON public.account_user USING btree (number_of_orders);


--
-- Name: user_p_meta_idx; Type: INDEX; Schema: public; Owner: saleor
--

CREATE INDEX user_p_meta_idx ON public.account_user USING gin (private_metadata);


--
-- Name: user_p_meta_jsonb_path_idx; Type: INDEX; Schema: public; Owner: saleor
--

CREATE INDEX user_p_meta_jsonb_path_idx ON public.account_user USING gin (private_metadata jsonb_path_ops);


--
-- Name: user_search_gin; Type: INDEX; Schema: public; Owner: saleor
--

CREATE INDEX user_search_gin ON public.account_user USING gin (search_document public.gin_trgm_ops);


--
-- Name: userprofile_user_addresses_address_id_ad7646b4; Type: INDEX; Schema: public; Owner: saleor
--

CREATE INDEX userprofile_user_addresses_address_id_ad7646b4 ON public.account_user_addresses USING btree (address_id);


--
-- Name: userprofile_user_addresses_user_id_bb5aa55e; Type: INDEX; Schema: public; Owner: saleor
--

CREATE INDEX userprofile_user_addresses_user_id_bb5aa55e ON public.account_user_addresses USING btree (user_id);


--
-- Name: userprofile_user_default_billing_address_id_0489abf1; Type: INDEX; Schema: public; Owner: saleor
--

CREATE INDEX userprofile_user_default_billing_address_id_0489abf1 ON public.account_user USING btree (default_billing_address_id);


--
-- Name: userprofile_user_default_shipping_address_id_aae7a203; Type: INDEX; Schema: public; Owner: saleor
--

CREATE INDEX userprofile_user_default_shipping_address_id_aae7a203 ON public.account_user USING btree (default_shipping_address_id);


--
-- Name: userprofile_user_email_b0fb0137_like; Type: INDEX; Schema: public; Owner: saleor
--

CREATE INDEX userprofile_user_email_b0fb0137_like ON public.account_user USING btree (email varchar_pattern_ops);


--
-- Name: userprofile_user_groups_group_id_c7eec74e; Type: INDEX; Schema: public; Owner: saleor
--

CREATE INDEX userprofile_user_groups_group_id_c7eec74e ON public.account_user_groups USING btree (group_id);


--
-- Name: userprofile_user_groups_user_id_5e712a24; Type: INDEX; Schema: public; Owner: saleor
--

CREATE INDEX userprofile_user_groups_user_id_5e712a24 ON public.account_user_groups USING btree (user_id);


--
-- Name: userprofile_user_user_permissions_permission_id_1caa8a71; Type: INDEX; Schema: public; Owner: saleor
--

CREATE INDEX userprofile_user_user_permissions_permission_id_1caa8a71 ON public.account_user_user_permissions USING btree (permission_id);


--
-- Name: userprofile_user_user_permissions_user_id_6d654469; Type: INDEX; Schema: public; Owner: saleor
--

CREATE INDEX userprofile_user_user_permissions_user_id_6d654469 ON public.account_user_user_permissions USING btree (user_id);


--
-- Name: variant_gin; Type: INDEX; Schema: public; Owner: saleor
--

CREATE INDEX variant_gin ON public.product_productvariant USING gin (name public.gin_trgm_ops, sku public.gin_trgm_ops);


--
-- Name: vouchercode_voucher_idx; Type: INDEX; Schema: public; Owner: saleor
--

CREATE INDEX vouchercode_voucher_idx ON public.discount_vouchercode USING btree (voucher_id);


--
-- Name: vouchercustomer_voucher_code_idx; Type: INDEX; Schema: public; Owner: saleor
--

CREATE INDEX vouchercustomer_voucher_code_idx ON public.discount_vouchercustomer USING btree (voucher_code_id);


--
-- Name: warehouse_address_search_gin; Type: INDEX; Schema: public; Owner: saleor
--

CREATE INDEX warehouse_address_search_gin ON public.account_address USING gin (company_name public.gin_trgm_ops, street_address_1 public.gin_trgm_ops, street_address_2 public.gin_trgm_ops, city public.gin_trgm_ops, postal_code public.gin_trgm_ops, phone public.gin_trgm_ops);


--
-- Name: warehouse_allocation_order_line_token_id_a42364d3; Type: INDEX; Schema: public; Owner: saleor
--

CREATE INDEX warehouse_allocation_order_line_token_id_a42364d3 ON public.warehouse_allocation USING btree (order_line_id);


--
-- Name: warehouse_allocation_stock_id_73541542; Type: INDEX; Schema: public; Owner: saleor
--

CREATE INDEX warehouse_allocation_stock_id_73541542 ON public.warehouse_allocation USING btree (stock_id);


--
-- Name: warehouse_channelwarehouse_sort_order_c572ec34; Type: INDEX; Schema: public; Owner: saleor
--

CREATE INDEX warehouse_channelwarehouse_sort_order_c572ec34 ON public.warehouse_channelwarehouse USING btree (sort_order);


--
-- Name: warehouse_meta_idx; Type: INDEX; Schema: public; Owner: saleor
--

CREATE INDEX warehouse_meta_idx ON public.warehouse_warehouse USING gin (metadata);


--
-- Name: warehouse_p_meta_idx; Type: INDEX; Schema: public; Owner: saleor
--

CREATE INDEX warehouse_p_meta_idx ON public.warehouse_warehouse USING gin (private_metadata);


--
-- Name: warehouse_preorderallocati_product_variant_channel_li_d243ee40; Type: INDEX; Schema: public; Owner: saleor
--

CREATE INDEX warehouse_preorderallocati_product_variant_channel_li_d243ee40 ON public.warehouse_preorderallocation USING btree (product_variant_channel_listing_id);


--
-- Name: warehouse_preorderallocation_order_line_token_id_5c2ada8e; Type: INDEX; Schema: public; Owner: saleor
--

CREATE INDEX warehouse_preorderallocation_order_line_token_id_5c2ada8e ON public.warehouse_preorderallocation USING btree (order_line_id);


--
-- Name: warehouse_preorderreservat_product_variant_channel_li_3c2d488e; Type: INDEX; Schema: public; Owner: saleor
--

CREATE INDEX warehouse_preorderreservat_product_variant_channel_li_3c2d488e ON public.warehouse_preorderreservation USING btree (product_variant_channel_listing_id);


--
-- Name: warehouse_preorderreservation_checkout_line_token_id_e35f4484; Type: INDEX; Schema: public; Owner: saleor
--

CREATE INDEX warehouse_preorderreservation_checkout_line_token_id_e35f4484 ON public.warehouse_preorderreservation USING btree (checkout_line_id);


--
-- Name: warehouse_reservation_checkout_line_token_id_1b6b9353; Type: INDEX; Schema: public; Owner: saleor
--

CREATE INDEX warehouse_reservation_checkout_line_token_id_1b6b9353 ON public.warehouse_reservation USING btree (checkout_line_id);


--
-- Name: warehouse_reservation_stock_id_5d178c00; Type: INDEX; Schema: public; Owner: saleor
--

CREATE INDEX warehouse_reservation_stock_id_5d178c00 ON public.warehouse_reservation USING btree (stock_id);


--
-- Name: warehouse_stock_product_variant_id_bea58a82; Type: INDEX; Schema: public; Owner: saleor
--

CREATE INDEX warehouse_stock_product_variant_id_bea58a82 ON public.warehouse_stock USING btree (product_variant_id);


--
-- Name: warehouse_stock_warehouse_id_cc9d4e5d; Type: INDEX; Schema: public; Owner: saleor
--

CREATE INDEX warehouse_stock_warehouse_id_cc9d4e5d ON public.warehouse_stock USING btree (warehouse_id);


--
-- Name: warehouse_warehouse_address_id_d46e1096; Type: INDEX; Schema: public; Owner: saleor
--

CREATE INDEX warehouse_warehouse_address_id_d46e1096 ON public.warehouse_warehouse USING btree (address_id);


--
-- Name: warehouse_warehouse_channels_channel_id_586b1124; Type: INDEX; Schema: public; Owner: saleor
--

CREATE INDEX warehouse_warehouse_channels_channel_id_586b1124 ON public.warehouse_channelwarehouse USING btree (channel_id);


--
-- Name: warehouse_warehouse_channels_warehouse_id_d1b0e96d; Type: INDEX; Schema: public; Owner: saleor
--

CREATE INDEX warehouse_warehouse_channels_warehouse_id_d1b0e96d ON public.warehouse_channelwarehouse USING btree (warehouse_id);


--
-- Name: warehouse_warehouse_external_reference_9b228bae_like; Type: INDEX; Schema: public; Owner: saleor
--

CREATE INDEX warehouse_warehouse_external_reference_9b228bae_like ON public.warehouse_warehouse USING btree (external_reference varchar_pattern_ops);


--
-- Name: warehouse_warehouse_shipping_zones_shippingzone_id_aeee255b; Type: INDEX; Schema: public; Owner: saleor
--

CREATE INDEX warehouse_warehouse_shipping_zones_shippingzone_id_aeee255b ON public.warehouse_warehouse_shipping_zones USING btree (shippingzone_id);


--
-- Name: warehouse_warehouse_shipping_zones_warehouse_id_fccd6647; Type: INDEX; Schema: public; Owner: saleor
--

CREATE INDEX warehouse_warehouse_shipping_zones_warehouse_id_fccd6647 ON public.warehouse_warehouse_shipping_zones USING btree (warehouse_id);


--
-- Name: warehouse_warehouse_slug_5ca9c575_like; Type: INDEX; Schema: public; Owner: saleor
--

CREATE INDEX warehouse_warehouse_slug_5ca9c575_like ON public.warehouse_warehouse USING btree (slug varchar_pattern_ops);


--
-- Name: webhook_webhook_service_account_id_1073b057; Type: INDEX; Schema: public; Owner: saleor
--

CREATE INDEX webhook_webhook_service_account_id_1073b057 ON public.webhook_webhook USING btree (app_id);


--
-- Name: webhook_webhookevent_event_type_cd6b8c13; Type: INDEX; Schema: public; Owner: saleor
--

CREATE INDEX webhook_webhookevent_event_type_cd6b8c13 ON public.webhook_webhookevent USING btree (event_type);


--
-- Name: webhook_webhookevent_event_type_cd6b8c13_like; Type: INDEX; Schema: public; Owner: saleor
--

CREATE INDEX webhook_webhookevent_event_type_cd6b8c13_like ON public.webhook_webhookevent USING btree (event_type varchar_pattern_ops);


--
-- Name: webhook_webhookevent_webhook_id_73b5c9e1; Type: INDEX; Schema: public; Owner: saleor
--

CREATE INDEX webhook_webhookevent_webhook_id_73b5c9e1 ON public.webhook_webhookevent USING btree (webhook_id);


--
-- Name: account_customerevent account_customerevent_app_id_b022b4d7_fk_app_app_id; Type: FK CONSTRAINT; Schema: public; Owner: saleor
--

ALTER TABLE ONLY public.account_customerevent
    ADD CONSTRAINT account_customerevent_app_id_b022b4d7_fk_app_app_id FOREIGN KEY (app_id) REFERENCES public.app_app(id) DEFERRABLE INITIALLY DEFERRED;


--
-- Name: account_customerevent account_customerevent_order_id_2d6e2d20_fk_order_order_token; Type: FK CONSTRAINT; Schema: public; Owner: saleor
--

ALTER TABLE ONLY public.account_customerevent
    ADD CONSTRAINT account_customerevent_order_id_2d6e2d20_fk_order_order_token FOREIGN KEY (order_id) REFERENCES public.order_order(id) DEFERRABLE INITIALLY DEFERRED;


--
-- Name: account_customerevent account_customerevent_user_id_b3d6ec36_fk_account_user_id; Type: FK CONSTRAINT; Schema: public; Owner: saleor
--

ALTER TABLE ONLY public.account_customerevent
    ADD CONSTRAINT account_customerevent_user_id_b3d6ec36_fk_account_user_id FOREIGN KEY (user_id) REFERENCES public.account_user(id) DEFERRABLE INITIALLY DEFERRED;


--
-- Name: account_customernote account_customernote_customer_id_ec50cbf6_fk_account_user_id; Type: FK CONSTRAINT; Schema: public; Owner: saleor
--

ALTER TABLE ONLY public.account_customernote
    ADD CONSTRAINT account_customernote_customer_id_ec50cbf6_fk_account_user_id FOREIGN KEY (customer_id) REFERENCES public.account_user(id) DEFERRABLE INITIALLY DEFERRED;


--
-- Name: account_customernote account_customernote_user_id_b10a6c14_fk_account_user_id; Type: FK CONSTRAINT; Schema: public; Owner: saleor
--

ALTER TABLE ONLY public.account_customernote
    ADD CONSTRAINT account_customernote_user_id_b10a6c14_fk_account_user_id FOREIGN KEY (user_id) REFERENCES public.account_user(id) DEFERRABLE INITIALLY DEFERRED;


--
-- Name: account_group_channels account_group_channe_channel_id_04ca83ef_fk_channel_c; Type: FK CONSTRAINT; Schema: public; Owner: saleor
--

ALTER TABLE ONLY public.account_group_channels
    ADD CONSTRAINT account_group_channe_channel_id_04ca83ef_fk_channel_c FOREIGN KEY (channel_id) REFERENCES public.channel_channel(id) DEFERRABLE INITIALLY DEFERRED;


--
-- Name: account_group_channels account_group_channels_group_id_301893d0_fk_account_group_id; Type: FK CONSTRAINT; Schema: public; Owner: saleor
--

ALTER TABLE ONLY public.account_group_channels
    ADD CONSTRAINT account_group_channels_group_id_301893d0_fk_account_group_id FOREIGN KEY (group_id) REFERENCES public.account_group(id) DEFERRABLE INITIALLY DEFERRED;


--
-- Name: account_group_permissions account_group_permis_permission_id_f654f978_fk_permissio; Type: FK CONSTRAINT; Schema: public; Owner: saleor
--

ALTER TABLE ONLY public.account_group_permissions
    ADD CONSTRAINT account_group_permis_permission_id_f654f978_fk_permissio FOREIGN KEY (permission_id) REFERENCES public.permission_permission(id) DEFERRABLE INITIALLY DEFERRED;


--
-- Name: account_group_permissions account_group_permissions_group_id_37f7fcd9_fk_account_group_id; Type: FK CONSTRAINT; Schema: public; Owner: saleor
--

ALTER TABLE ONLY public.account_group_permissions
    ADD CONSTRAINT account_group_permissions_group_id_37f7fcd9_fk_account_group_id FOREIGN KEY (group_id) REFERENCES public.account_group(id) DEFERRABLE INITIALLY DEFERRED;


--
-- Name: account_staffnotificationrecipient account_staffnotific_user_id_538fa3a4_fk_account_u; Type: FK CONSTRAINT; Schema: public; Owner: saleor
--

ALTER TABLE ONLY public.account_staffnotificationrecipient
    ADD CONSTRAINT account_staffnotific_user_id_538fa3a4_fk_account_u FOREIGN KEY (user_id) REFERENCES public.account_user(id) DEFERRABLE INITIALLY DEFERRED;


--
-- Name: account_user_groups account_user_groups_group_id_6c71f749_fk_account_group_id; Type: FK CONSTRAINT; Schema: public; Owner: saleor
--

ALTER TABLE ONLY public.account_user_groups
    ADD CONSTRAINT account_user_groups_group_id_6c71f749_fk_account_group_id FOREIGN KEY (group_id) REFERENCES public.account_group(id) DEFERRABLE INITIALLY DEFERRED;


--
-- Name: account_user_user_permissions account_user_user_pe_permission_id_66c44191_fk_permissio; Type: FK CONSTRAINT; Schema: public; Owner: saleor
--

ALTER TABLE ONLY public.account_user_user_permissions
    ADD CONSTRAINT account_user_user_pe_permission_id_66c44191_fk_permissio FOREIGN KEY (permission_id) REFERENCES public.permission_permission(id) DEFERRABLE INITIALLY DEFERRED;


--
-- Name: app_app_permissions app_app_permissions_app_id_5941597d_fk_app_app_id; Type: FK CONSTRAINT; Schema: public; Owner: saleor
--

ALTER TABLE ONLY public.app_app_permissions
    ADD CONSTRAINT app_app_permissions_app_id_5941597d_fk_app_app_id FOREIGN KEY (app_id) REFERENCES public.app_app(id) DEFERRABLE INITIALLY DEFERRED;


--
-- Name: app_app_permissions app_app_permissions_permission_id_defe4a88_fk_permissio; Type: FK CONSTRAINT; Schema: public; Owner: saleor
--

ALTER TABLE ONLY public.app_app_permissions
    ADD CONSTRAINT app_app_permissions_permission_id_defe4a88_fk_permissio FOREIGN KEY (permission_id) REFERENCES public.permission_permission(id) DEFERRABLE INITIALLY DEFERRED;


--
-- Name: app_appextension app_appextension_app_id_4b2d27e9_fk_app_app_id; Type: FK CONSTRAINT; Schema: public; Owner: saleor
--

ALTER TABLE ONLY public.app_appextension
    ADD CONSTRAINT app_appextension_app_id_4b2d27e9_fk_app_app_id FOREIGN KEY (app_id) REFERENCES public.app_app(id) DEFERRABLE INITIALLY DEFERRED;


--
-- Name: app_appextension_permissions app_appextension_per_appextension_id_8ad99c02_fk_app_appex; Type: FK CONSTRAINT; Schema: public; Owner: saleor
--

ALTER TABLE ONLY public.app_appextension_permissions
    ADD CONSTRAINT app_appextension_per_appextension_id_8ad99c02_fk_app_appex FOREIGN KEY (appextension_id) REFERENCES public.app_appextension(id) DEFERRABLE INITIALLY DEFERRED;


--
-- Name: app_appextension_permissions app_appextension_per_permission_id_cb6c3ce0_fk_permissio; Type: FK CONSTRAINT; Schema: public; Owner: saleor
--

ALTER TABLE ONLY public.app_appextension_permissions
    ADD CONSTRAINT app_appextension_per_permission_id_cb6c3ce0_fk_permissio FOREIGN KEY (permission_id) REFERENCES public.permission_permission(id) DEFERRABLE INITIALLY DEFERRED;


--
-- Name: app_appinstallation_permissions app_appinstallation__appinstallation_id_f7fe0271_fk_app_appin; Type: FK CONSTRAINT; Schema: public; Owner: saleor
--

ALTER TABLE ONLY public.app_appinstallation_permissions
    ADD CONSTRAINT app_appinstallation__appinstallation_id_f7fe0271_fk_app_appin FOREIGN KEY (appinstallation_id) REFERENCES public.app_appinstallation(id) DEFERRABLE INITIALLY DEFERRED;


--
-- Name: app_appinstallation_permissions app_appinstallation__permission_id_4ee9f6c8_fk_permissio; Type: FK CONSTRAINT; Schema: public; Owner: saleor
--

ALTER TABLE ONLY public.app_appinstallation_permissions
    ADD CONSTRAINT app_appinstallation__permission_id_4ee9f6c8_fk_permissio FOREIGN KEY (permission_id) REFERENCES public.permission_permission(id) DEFERRABLE INITIALLY DEFERRED;


--
-- Name: app_appproblem app_appproblem_app_id_65a68d93_fk_app_app_id; Type: FK CONSTRAINT; Schema: public; Owner: saleor
--

ALTER TABLE ONLY public.app_appproblem
    ADD CONSTRAINT app_appproblem_app_id_65a68d93_fk_app_app_id FOREIGN KEY (app_id) REFERENCES public.app_app(id) DEFERRABLE INITIALLY DEFERRED;


--
-- Name: app_appproblem app_appproblem_dismissed_by_user_id_5a656db2_fk_account_user_id; Type: FK CONSTRAINT; Schema: public; Owner: saleor
--

ALTER TABLE ONLY public.app_appproblem
    ADD CONSTRAINT app_appproblem_dismissed_by_user_id_5a656db2_fk_account_user_id FOREIGN KEY (dismissed_by_user_id) REFERENCES public.account_user(id) DEFERRABLE INITIALLY DEFERRED;


--
-- Name: app_apptoken app_apptoken_app_id_68561141_fk_app_app_id; Type: FK CONSTRAINT; Schema: public; Owner: saleor
--

ALTER TABLE ONLY public.app_apptoken
    ADD CONSTRAINT app_apptoken_app_id_68561141_fk_app_app_id FOREIGN KEY (app_id) REFERENCES public.app_app(id) DEFERRABLE INITIALLY DEFERRED;


--
-- Name: attribute_assignedpageattributevalue attribute_assignedpa_page_id_3a9fcc7b_fk_page_page; Type: FK CONSTRAINT; Schema: public; Owner: saleor
--

ALTER TABLE ONLY public.attribute_assignedpageattributevalue
    ADD CONSTRAINT attribute_assignedpa_page_id_3a9fcc7b_fk_page_page FOREIGN KEY (page_id) REFERENCES public.page_page(id) DEFERRABLE INITIALLY DEFERRED;


--
-- Name: attribute_assignedpageattributevalue attribute_assignedpa_value_id_9d9ee1aa_fk_attribute; Type: FK CONSTRAINT; Schema: public; Owner: saleor
--

ALTER TABLE ONLY public.attribute_assignedpageattributevalue
    ADD CONSTRAINT attribute_assignedpa_value_id_9d9ee1aa_fk_attribute FOREIGN KEY (value_id) REFERENCES public.attribute_attributevalue(id) DEFERRABLE INITIALLY DEFERRED;


--
-- Name: attribute_assignedproductattributevalue attribute_assignedpr_product_id_805656f1_fk_product_p; Type: FK CONSTRAINT; Schema: public; Owner: saleor
--

ALTER TABLE ONLY public.attribute_assignedproductattributevalue
    ADD CONSTRAINT attribute_assignedpr_product_id_805656f1_fk_product_p FOREIGN KEY (product_id) REFERENCES public.product_product(id) DEFERRABLE INITIALLY DEFERRED;


--
-- Name: attribute_assignedproductattributevalue attribute_assignedpr_value_id_9b9c0c68_fk_attribute; Type: FK CONSTRAINT; Schema: public; Owner: saleor
--

ALTER TABLE ONLY public.attribute_assignedproductattributevalue
    ADD CONSTRAINT attribute_assignedpr_value_id_9b9c0c68_fk_attribute FOREIGN KEY (value_id) REFERENCES public.attribute_attributevalue(id) DEFERRABLE INITIALLY DEFERRED;


--
-- Name: attribute_assignedvariantattributevalue attribute_assignedva_assignment_id_040f7499_fk_attribute; Type: FK CONSTRAINT; Schema: public; Owner: saleor
--

ALTER TABLE ONLY public.attribute_assignedvariantattributevalue
    ADD CONSTRAINT attribute_assignedva_assignment_id_040f7499_fk_attribute FOREIGN KEY (assignment_id) REFERENCES public.attribute_assignedvariantattribute(id) DEFERRABLE INITIALLY DEFERRED;


--
-- Name: attribute_assignedvariantattributevalue attribute_assignedva_value_id_4bbdc9fa_fk_attribute; Type: FK CONSTRAINT; Schema: public; Owner: saleor
--

ALTER TABLE ONLY public.attribute_assignedvariantattributevalue
    ADD CONSTRAINT attribute_assignedva_value_id_4bbdc9fa_fk_attribute FOREIGN KEY (value_id) REFERENCES public.attribute_attributevalue(id) DEFERRABLE INITIALLY DEFERRED;


--
-- Name: attribute_assignedvariantattributevalue attribute_assignedva_variant_id_51b2d179_fk_product_p; Type: FK CONSTRAINT; Schema: public; Owner: saleor
--

ALTER TABLE ONLY public.attribute_assignedvariantattributevalue
    ADD CONSTRAINT attribute_assignedva_variant_id_51b2d179_fk_product_p FOREIGN KEY (variant_id) REFERENCES public.product_productvariant(id) DEFERRABLE INITIALLY DEFERRED;


--
-- Name: attribute_attribute_reference_product_types attribute_attribute__attribute_id_7425874a_fk_attribute; Type: FK CONSTRAINT; Schema: public; Owner: saleor
--

ALTER TABLE ONLY public.attribute_attribute_reference_product_types
    ADD CONSTRAINT attribute_attribute__attribute_id_7425874a_fk_attribute FOREIGN KEY (attribute_id) REFERENCES public.attribute_attribute(id) DEFERRABLE INITIALLY DEFERRED;


--
-- Name: attribute_attribute_reference_page_types attribute_attribute__attribute_id_bf0faa93_fk_attribute; Type: FK CONSTRAINT; Schema: public; Owner: saleor
--

ALTER TABLE ONLY public.attribute_attribute_reference_page_types
    ADD CONSTRAINT attribute_attribute__attribute_id_bf0faa93_fk_attribute FOREIGN KEY (attribute_id) REFERENCES public.attribute_attribute(id) DEFERRABLE INITIALLY DEFERRED;


--
-- Name: attribute_attribute_reference_page_types attribute_attribute__pagetype_id_a17f26f0_fk_page_page; Type: FK CONSTRAINT; Schema: public; Owner: saleor
--

ALTER TABLE ONLY public.attribute_attribute_reference_page_types
    ADD CONSTRAINT attribute_attribute__pagetype_id_a17f26f0_fk_page_page FOREIGN KEY (pagetype_id) REFERENCES public.page_pagetype(id) DEFERRABLE INITIALLY DEFERRED;


--
-- Name: attribute_attribute_reference_product_types attribute_attribute__producttype_id_050e71f9_fk_product_p; Type: FK CONSTRAINT; Schema: public; Owner: saleor
--

ALTER TABLE ONLY public.attribute_attribute_reference_product_types
    ADD CONSTRAINT attribute_attribute__producttype_id_050e71f9_fk_product_p FOREIGN KEY (producttype_id) REFERENCES public.product_producttype(id) DEFERRABLE INITIALLY DEFERRED;


--
-- Name: attribute_attributevalue attribute_attributev_reference_category_i_2263240d_fk_product_c; Type: FK CONSTRAINT; Schema: public; Owner: saleor
--

ALTER TABLE ONLY public.attribute_attributevalue
    ADD CONSTRAINT attribute_attributev_reference_category_i_2263240d_fk_product_c FOREIGN KEY (reference_category_id) REFERENCES public.product_category(id) DEFERRABLE INITIALLY DEFERRED;


--
-- Name: attribute_attributevalue attribute_attributev_reference_collection_b2086c1e_fk_product_c; Type: FK CONSTRAINT; Schema: public; Owner: saleor
--

ALTER TABLE ONLY public.attribute_attributevalue
    ADD CONSTRAINT attribute_attributev_reference_collection_b2086c1e_fk_product_c FOREIGN KEY (reference_collection_id) REFERENCES public.product_collection(id) DEFERRABLE INITIALLY DEFERRED;


--
-- Name: attribute_attributevalue attribute_attributev_reference_page_id_33727843_fk_page_page; Type: FK CONSTRAINT; Schema: public; Owner: saleor
--

ALTER TABLE ONLY public.attribute_attributevalue
    ADD CONSTRAINT attribute_attributev_reference_page_id_33727843_fk_page_page FOREIGN KEY (reference_page_id) REFERENCES public.page_page(id) DEFERRABLE INITIALLY DEFERRED;


--
-- Name: attribute_attributevalue attribute_attributev_reference_product_id_43329b37_fk_product_p; Type: FK CONSTRAINT; Schema: public; Owner: saleor
--

ALTER TABLE ONLY public.attribute_attributevalue
    ADD CONSTRAINT attribute_attributev_reference_product_id_43329b37_fk_product_p FOREIGN KEY (reference_product_id) REFERENCES public.product_product(id) DEFERRABLE INITIALLY DEFERRED;


--
-- Name: attribute_attributevalue attribute_attributev_reference_variant_id_670c09ee_fk_product_p; Type: FK CONSTRAINT; Schema: public; Owner: saleor
--

ALTER TABLE ONLY public.attribute_attributevalue
    ADD CONSTRAINT attribute_attributev_reference_variant_id_670c09ee_fk_product_p FOREIGN KEY (reference_variant_id) REFERENCES public.product_productvariant(id) DEFERRABLE INITIALLY DEFERRED;


--
-- Name: checkout_checkout cart_cart_billing_address_id_9eb62ddd_fk_account_address_id; Type: FK CONSTRAINT; Schema: public; Owner: saleor
--

ALTER TABLE ONLY public.checkout_checkout
    ADD CONSTRAINT cart_cart_billing_address_id_9eb62ddd_fk_account_address_id FOREIGN KEY (billing_address_id) REFERENCES public.account_address(id) DEFERRABLE INITIALLY DEFERRED;


--
-- Name: checkout_checkout cart_cart_shipping_address_id_adfddaf9_fk_account_address_id; Type: FK CONSTRAINT; Schema: public; Owner: saleor
--

ALTER TABLE ONLY public.checkout_checkout
    ADD CONSTRAINT cart_cart_shipping_address_id_adfddaf9_fk_account_address_id FOREIGN KEY (shipping_address_id) REFERENCES public.account_address(id) DEFERRABLE INITIALLY DEFERRED;


--
-- Name: checkout_checkout cart_cart_user_id_9b4220b9_fk_userprofile_user_id; Type: FK CONSTRAINT; Schema: public; Owner: saleor
--

ALTER TABLE ONLY public.checkout_checkout
    ADD CONSTRAINT cart_cart_user_id_9b4220b9_fk_userprofile_user_id FOREIGN KEY (user_id) REFERENCES public.account_user(id) DEFERRABLE INITIALLY DEFERRED;


--
-- Name: checkout_checkoutline cart_cartline_variant_id_dbca56c9_fk_product_productvariant_id; Type: FK CONSTRAINT; Schema: public; Owner: saleor
--

ALTER TABLE ONLY public.checkout_checkoutline
    ADD CONSTRAINT cart_cartline_variant_id_dbca56c9_fk_product_productvariant_id FOREIGN KEY (variant_id) REFERENCES public.product_productvariant(id) DEFERRABLE INITIALLY DEFERRED;


--
-- Name: checkout_checkout checkout_cart_shipping_method_id_9f7efa8a_fk_shipping_; Type: FK CONSTRAINT; Schema: public; Owner: saleor
--

ALTER TABLE ONLY public.checkout_checkout
    ADD CONSTRAINT checkout_cart_shipping_method_id_9f7efa8a_fk_shipping_ FOREIGN KEY (shipping_method_id) REFERENCES public.shipping_shippingmethod(id) DEFERRABLE INITIALLY DEFERRED;


--
-- Name: checkout_checkoutline checkout_cartline_checkout_id_41d95a5d_fk_checkout_; Type: FK CONSTRAINT; Schema: public; Owner: saleor
--

ALTER TABLE ONLY public.checkout_checkoutline
    ADD CONSTRAINT checkout_cartline_checkout_id_41d95a5d_fk_checkout_ FOREIGN KEY (checkout_id) REFERENCES public.checkout_checkout(token) DEFERRABLE INITIALLY DEFERRED;


--
-- Name: checkout_checkout checkout_checkout_assigned_delivery_id_13ba46e0_fk_checkout_; Type: FK CONSTRAINT; Schema: public; Owner: saleor
--

ALTER TABLE ONLY public.checkout_checkout
    ADD CONSTRAINT checkout_checkout_assigned_delivery_id_13ba46e0_fk_checkout_ FOREIGN KEY (assigned_delivery_id) REFERENCES public.checkout_checkoutdelivery(id) DEFERRABLE INITIALLY DEFERRED;


--
-- Name: checkout_checkout checkout_checkout_channel_id_3b1a1e12_fk_channel_channel_id; Type: FK CONSTRAINT; Schema: public; Owner: saleor
--

ALTER TABLE ONLY public.checkout_checkout
    ADD CONSTRAINT checkout_checkout_channel_id_3b1a1e12_fk_channel_channel_id FOREIGN KEY (channel_id) REFERENCES public.channel_channel(id) DEFERRABLE INITIALLY DEFERRED;


--
-- Name: checkout_checkout checkout_checkout_collection_point_id_2dfc8e33_fk_warehouse; Type: FK CONSTRAINT; Schema: public; Owner: saleor
--

ALTER TABLE ONLY public.checkout_checkout
    ADD CONSTRAINT checkout_checkout_collection_point_id_2dfc8e33_fk_warehouse FOREIGN KEY (collection_point_id) REFERENCES public.warehouse_warehouse(id) DEFERRABLE INITIALLY DEFERRED;


--
-- Name: checkout_checkout_gift_cards checkout_checkout_gi_checkout_id_e314728d_fk_checkout_; Type: FK CONSTRAINT; Schema: public; Owner: saleor
--

ALTER TABLE ONLY public.checkout_checkout_gift_cards
    ADD CONSTRAINT checkout_checkout_gi_checkout_id_e314728d_fk_checkout_ FOREIGN KEY (checkout_id) REFERENCES public.checkout_checkout(token) DEFERRABLE INITIALLY DEFERRED;


--
-- Name: checkout_checkout_gift_cards checkout_checkout_gi_giftcard_id_f5994462_fk_giftcard_; Type: FK CONSTRAINT; Schema: public; Owner: saleor
--

ALTER TABLE ONLY public.checkout_checkout_gift_cards
    ADD CONSTRAINT checkout_checkout_gi_giftcard_id_f5994462_fk_giftcard_ FOREIGN KEY (giftcard_id) REFERENCES public.giftcard_giftcard(id) DEFERRABLE INITIALLY DEFERRED;


--
-- Name: checkout_checkoutdelivery checkout_checkoutdel_checkout_id_e9e2b6eb_fk_checkout_; Type: FK CONSTRAINT; Schema: public; Owner: saleor
--

ALTER TABLE ONLY public.checkout_checkoutdelivery
    ADD CONSTRAINT checkout_checkoutdel_checkout_id_e9e2b6eb_fk_checkout_ FOREIGN KEY (checkout_id) REFERENCES public.checkout_checkout(token) DEFERRABLE INITIALLY DEFERRED;


--
-- Name: checkout_checkoutmetadata checkout_checkoutmet_checkout_id_24c0ce82_fk_checkout_; Type: FK CONSTRAINT; Schema: public; Owner: saleor
--

ALTER TABLE ONLY public.checkout_checkoutmetadata
    ADD CONSTRAINT checkout_checkoutmet_checkout_id_24c0ce82_fk_checkout_ FOREIGN KEY (checkout_id) REFERENCES public.checkout_checkout(token) DEFERRABLE INITIALLY DEFERRED;


--
-- Name: core_eventdelivery core_eventdelivery_payload_id_34de9fbd_fk_core_eventpayload_id; Type: FK CONSTRAINT; Schema: public; Owner: saleor
--

ALTER TABLE ONLY public.core_eventdelivery
    ADD CONSTRAINT core_eventdelivery_payload_id_34de9fbd_fk_core_eventpayload_id FOREIGN KEY (payload_id) REFERENCES public.core_eventpayload(id) DEFERRABLE INITIALLY DEFERRED;


--
-- Name: core_eventdelivery core_eventdelivery_webhook_id_1ff668bb_fk_webhook_webhook_id; Type: FK CONSTRAINT; Schema: public; Owner: saleor
--

ALTER TABLE ONLY public.core_eventdelivery
    ADD CONSTRAINT core_eventdelivery_webhook_id_1ff668bb_fk_webhook_webhook_id FOREIGN KEY (webhook_id) REFERENCES public.webhook_webhook(id) DEFERRABLE INITIALLY DEFERRED;


--
-- Name: core_eventdeliveryattempt core_eventdeliveryat_delivery_id_278cb539_fk_core_even; Type: FK CONSTRAINT; Schema: public; Owner: saleor
--

ALTER TABLE ONLY public.core_eventdeliveryattempt
    ADD CONSTRAINT core_eventdeliveryat_delivery_id_278cb539_fk_core_even FOREIGN KEY (delivery_id) REFERENCES public.core_eventdelivery(id) DEFERRABLE INITIALLY DEFERRED;


--
-- Name: csv_exportevent csv_exportevent_app_id_8637fcc5_fk_app_app_id; Type: FK CONSTRAINT; Schema: public; Owner: saleor
--

ALTER TABLE ONLY public.csv_exportevent
    ADD CONSTRAINT csv_exportevent_app_id_8637fcc5_fk_app_app_id FOREIGN KEY (app_id) REFERENCES public.app_app(id) DEFERRABLE INITIALLY DEFERRED;


--
-- Name: csv_exportevent csv_exportevent_export_file_id_35f6c448_fk_csv_exportfile_id; Type: FK CONSTRAINT; Schema: public; Owner: saleor
--

ALTER TABLE ONLY public.csv_exportevent
    ADD CONSTRAINT csv_exportevent_export_file_id_35f6c448_fk_csv_exportfile_id FOREIGN KEY (export_file_id) REFERENCES public.csv_exportfile(id) DEFERRABLE INITIALLY DEFERRED;


--
-- Name: csv_exportevent csv_exportevent_user_id_6111f193_fk_account_user_id; Type: FK CONSTRAINT; Schema: public; Owner: saleor
--

ALTER TABLE ONLY public.csv_exportevent
    ADD CONSTRAINT csv_exportevent_user_id_6111f193_fk_account_user_id FOREIGN KEY (user_id) REFERENCES public.account_user(id) DEFERRABLE INITIALLY DEFERRED;


--
-- Name: csv_exportfile csv_exportfile_app_id_bc900999_fk_app_app_id; Type: FK CONSTRAINT; Schema: public; Owner: saleor
--

ALTER TABLE ONLY public.csv_exportfile
    ADD CONSTRAINT csv_exportfile_app_id_bc900999_fk_app_app_id FOREIGN KEY (app_id) REFERENCES public.app_app(id) DEFERRABLE INITIALLY DEFERRED;


--
-- Name: csv_exportfile csv_exportfile_user_id_2c9071e6_fk_account_user_id; Type: FK CONSTRAINT; Schema: public; Owner: saleor
--

ALTER TABLE ONLY public.csv_exportfile
    ADD CONSTRAINT csv_exportfile_user_id_2c9071e6_fk_account_user_id FOREIGN KEY (user_id) REFERENCES public.account_user(id) DEFERRABLE INITIALLY DEFERRED;


--
-- Name: discount_checkoutdiscount discount_checkoutdis_checkout_id_e5063abc_fk_checkout_; Type: FK CONSTRAINT; Schema: public; Owner: saleor
--

ALTER TABLE ONLY public.discount_checkoutdiscount
    ADD CONSTRAINT discount_checkoutdis_checkout_id_e5063abc_fk_checkout_ FOREIGN KEY (checkout_id) REFERENCES public.checkout_checkout(token) DEFERRABLE INITIALLY DEFERRED;


--
-- Name: discount_checkoutdiscount discount_checkoutdis_promotion_rule_id_46ea4527_fk_discount_; Type: FK CONSTRAINT; Schema: public; Owner: saleor
--

ALTER TABLE ONLY public.discount_checkoutdiscount
    ADD CONSTRAINT discount_checkoutdis_promotion_rule_id_46ea4527_fk_discount_ FOREIGN KEY (promotion_rule_id) REFERENCES public.discount_promotionrule(id) DEFERRABLE INITIALLY DEFERRED;


--
-- Name: discount_checkoutdiscount discount_checkoutdis_voucher_id_1ef32adb_fk_discount_; Type: FK CONSTRAINT; Schema: public; Owner: saleor
--

ALTER TABLE ONLY public.discount_checkoutdiscount
    ADD CONSTRAINT discount_checkoutdis_voucher_id_1ef32adb_fk_discount_ FOREIGN KEY (voucher_id) REFERENCES public.discount_voucher(id) DEFERRABLE INITIALLY DEFERRED;


--
-- Name: discount_checkoutlinediscount discount_checkoutlin_line_id_b93245a9_fk_checkout_; Type: FK CONSTRAINT; Schema: public; Owner: saleor
--

ALTER TABLE ONLY public.discount_checkoutlinediscount
    ADD CONSTRAINT discount_checkoutlin_line_id_b93245a9_fk_checkout_ FOREIGN KEY (line_id) REFERENCES public.checkout_checkoutline(id) DEFERRABLE INITIALLY DEFERRED;


--
-- Name: discount_checkoutlinediscount discount_checkoutlin_promotion_rule_id_3ffa49f6_fk_discount_; Type: FK CONSTRAINT; Schema: public; Owner: saleor
--

ALTER TABLE ONLY public.discount_checkoutlinediscount
    ADD CONSTRAINT discount_checkoutlin_promotion_rule_id_3ffa49f6_fk_discount_ FOREIGN KEY (promotion_rule_id) REFERENCES public.discount_promotionrule(id) DEFERRABLE INITIALLY DEFERRED;


--
-- Name: discount_checkoutlinediscount discount_checkoutlin_voucher_id_66a61d93_fk_discount_; Type: FK CONSTRAINT; Schema: public; Owner: saleor
--

ALTER TABLE ONLY public.discount_checkoutlinediscount
    ADD CONSTRAINT discount_checkoutlin_voucher_id_66a61d93_fk_discount_ FOREIGN KEY (voucher_id) REFERENCES public.discount_voucher(id) DEFERRABLE INITIALLY DEFERRED;


--
-- Name: discount_orderdiscount discount_orderdiscou_promotion_rule_id_0739e0af_fk_discount_; Type: FK CONSTRAINT; Schema: public; Owner: saleor
--

ALTER TABLE ONLY public.discount_orderdiscount
    ADD CONSTRAINT discount_orderdiscou_promotion_rule_id_0739e0af_fk_discount_ FOREIGN KEY (promotion_rule_id) REFERENCES public.discount_promotionrule(id) DEFERRABLE INITIALLY DEFERRED;


--
-- Name: discount_orderdiscount discount_orderdiscou_voucher_id_10f0a1db_fk_discount_; Type: FK CONSTRAINT; Schema: public; Owner: saleor
--

ALTER TABLE ONLY public.discount_orderdiscount
    ADD CONSTRAINT discount_orderdiscou_voucher_id_10f0a1db_fk_discount_ FOREIGN KEY (voucher_id) REFERENCES public.discount_voucher(id) DEFERRABLE INITIALLY DEFERRED;


--
-- Name: discount_orderdiscount discount_orderdiscount_order_id_fcff1737_fk_order_order_id; Type: FK CONSTRAINT; Schema: public; Owner: saleor
--

ALTER TABLE ONLY public.discount_orderdiscount
    ADD CONSTRAINT discount_orderdiscount_order_id_fcff1737_fk_order_order_id FOREIGN KEY (order_id) REFERENCES public.order_order(id) DEFERRABLE INITIALLY DEFERRED;


--
-- Name: discount_orderlinediscount discount_orderlinedi_line_id_045244c7_fk_order_ord; Type: FK CONSTRAINT; Schema: public; Owner: saleor
--

ALTER TABLE ONLY public.discount_orderlinediscount
    ADD CONSTRAINT discount_orderlinedi_line_id_045244c7_fk_order_ord FOREIGN KEY (line_id) REFERENCES public.order_orderline(id) DEFERRABLE INITIALLY DEFERRED;


--
-- Name: discount_orderlinediscount discount_orderlinedi_promotion_rule_id_c8253b01_fk_discount_; Type: FK CONSTRAINT; Schema: public; Owner: saleor
--

ALTER TABLE ONLY public.discount_orderlinediscount
    ADD CONSTRAINT discount_orderlinedi_promotion_rule_id_c8253b01_fk_discount_ FOREIGN KEY (promotion_rule_id) REFERENCES public.discount_promotionrule(id) DEFERRABLE INITIALLY DEFERRED;


--
-- Name: discount_orderlinediscount discount_orderlinedi_voucher_id_07e8fb8a_fk_discount_; Type: FK CONSTRAINT; Schema: public; Owner: saleor
--

ALTER TABLE ONLY public.discount_orderlinediscount
    ADD CONSTRAINT discount_orderlinedi_voucher_id_07e8fb8a_fk_discount_ FOREIGN KEY (voucher_id) REFERENCES public.discount_voucher(id) DEFERRABLE INITIALLY DEFERRED;


--
-- Name: discount_promotionevent discount_promotionev_promotion_id_df51584a_fk_discount_; Type: FK CONSTRAINT; Schema: public; Owner: saleor
--

ALTER TABLE ONLY public.discount_promotionevent
    ADD CONSTRAINT discount_promotionev_promotion_id_df51584a_fk_discount_ FOREIGN KEY (promotion_id) REFERENCES public.discount_promotion(id) DEFERRABLE INITIALLY DEFERRED;


--
-- Name: discount_promotionevent discount_promotionevent_app_id_bf6964c4_fk_app_app_id; Type: FK CONSTRAINT; Schema: public; Owner: saleor
--

ALTER TABLE ONLY public.discount_promotionevent
    ADD CONSTRAINT discount_promotionevent_app_id_bf6964c4_fk_app_app_id FOREIGN KEY (app_id) REFERENCES public.app_app(id) DEFERRABLE INITIALLY DEFERRED;


--
-- Name: discount_promotionevent discount_promotionevent_user_id_935d264f_fk_account_user_id; Type: FK CONSTRAINT; Schema: public; Owner: saleor
--

ALTER TABLE ONLY public.discount_promotionevent
    ADD CONSTRAINT discount_promotionevent_user_id_935d264f_fk_account_user_id FOREIGN KEY (user_id) REFERENCES public.account_user(id) DEFERRABLE INITIALLY DEFERRED;


--
-- Name: discount_promotionrule_channels discount_promotionru_channel_id_698c2436_fk_channel_c; Type: FK CONSTRAINT; Schema: public; Owner: saleor
--

ALTER TABLE ONLY public.discount_promotionrule_channels
    ADD CONSTRAINT discount_promotionru_channel_id_698c2436_fk_channel_c FOREIGN KEY (channel_id) REFERENCES public.channel_channel(id) DEFERRABLE INITIALLY DEFERRED;


--
-- Name: discount_promotionrule_gifts discount_promotionru_productvariant_id_5409d0a9_fk_product_p; Type: FK CONSTRAINT; Schema: public; Owner: saleor
--

ALTER TABLE ONLY public.discount_promotionrule_gifts
    ADD CONSTRAINT discount_promotionru_productvariant_id_5409d0a9_fk_product_p FOREIGN KEY (productvariant_id) REFERENCES public.product_productvariant(id) DEFERRABLE INITIALLY DEFERRED;


--
-- Name: discount_promotionrule_variants discount_promotionru_productvariant_id_e715ba55_fk_product_p; Type: FK CONSTRAINT; Schema: public; Owner: saleor
--

ALTER TABLE ONLY public.discount_promotionrule_variants
    ADD CONSTRAINT discount_promotionru_productvariant_id_e715ba55_fk_product_p FOREIGN KEY (productvariant_id) REFERENCES public.product_productvariant(id) DEFERRABLE INITIALLY DEFERRED;


--
-- Name: discount_promotionrule discount_promotionru_promotion_id_6deaa086_fk_discount_; Type: FK CONSTRAINT; Schema: public; Owner: saleor
--

ALTER TABLE ONLY public.discount_promotionrule
    ADD CONSTRAINT discount_promotionru_promotion_id_6deaa086_fk_discount_ FOREIGN KEY (promotion_id) REFERENCES public.discount_promotion(id) DEFERRABLE INITIALLY DEFERRED;


--
-- Name: discount_promotionruletranslation discount_promotionru_promotion_rule_id_e2ab38d7_fk_discount_; Type: FK CONSTRAINT; Schema: public; Owner: saleor
--

ALTER TABLE ONLY public.discount_promotionruletranslation
    ADD CONSTRAINT discount_promotionru_promotion_rule_id_e2ab38d7_fk_discount_ FOREIGN KEY (promotion_rule_id) REFERENCES public.discount_promotionrule(id) DEFERRABLE INITIALLY DEFERRED;


--
-- Name: discount_promotionrule_channels discount_promotionru_promotionrule_id_878da3b9_fk_discount_; Type: FK CONSTRAINT; Schema: public; Owner: saleor
--

ALTER TABLE ONLY public.discount_promotionrule_channels
    ADD CONSTRAINT discount_promotionru_promotionrule_id_878da3b9_fk_discount_ FOREIGN KEY (promotionrule_id) REFERENCES public.discount_promotionrule(id) DEFERRABLE INITIALLY DEFERRED;


--
-- Name: discount_promotionrule_variants discount_promotionru_promotionrule_id_d16c1004_fk_discount_; Type: FK CONSTRAINT; Schema: public; Owner: saleor
--

ALTER TABLE ONLY public.discount_promotionrule_variants
    ADD CONSTRAINT discount_promotionru_promotionrule_id_d16c1004_fk_discount_ FOREIGN KEY (promotionrule_id) REFERENCES public.discount_promotionrule(id) DEFERRABLE INITIALLY DEFERRED;


--
-- Name: discount_promotionrule_gifts discount_promotionru_promotionrule_id_d56c403e_fk_discount_; Type: FK CONSTRAINT; Schema: public; Owner: saleor
--

ALTER TABLE ONLY public.discount_promotionrule_gifts
    ADD CONSTRAINT discount_promotionru_promotionrule_id_d56c403e_fk_discount_ FOREIGN KEY (promotionrule_id) REFERENCES public.discount_promotionrule(id) DEFERRABLE INITIALLY DEFERRED;


--
-- Name: discount_promotiontranslation discount_promotiontr_promotion_id_bc72ea07_fk_discount_; Type: FK CONSTRAINT; Schema: public; Owner: saleor
--

ALTER TABLE ONLY public.discount_promotiontranslation
    ADD CONSTRAINT discount_promotiontr_promotion_id_bc72ea07_fk_discount_ FOREIGN KEY (promotion_id) REFERENCES public.discount_promotion(id) DEFERRABLE INITIALLY DEFERRED;


--
-- Name: discount_voucher_categories discount_voucher_cat_category_id_fc9d044a_fk_product_c; Type: FK CONSTRAINT; Schema: public; Owner: saleor
--

ALTER TABLE ONLY public.discount_voucher_categories
    ADD CONSTRAINT discount_voucher_cat_category_id_fc9d044a_fk_product_c FOREIGN KEY (category_id) REFERENCES public.product_category(id) DEFERRABLE INITIALLY DEFERRED;


--
-- Name: discount_voucher_categories discount_voucher_cat_voucher_id_19a56338_fk_discount_; Type: FK CONSTRAINT; Schema: public; Owner: saleor
--

ALTER TABLE ONLY public.discount_voucher_categories
    ADD CONSTRAINT discount_voucher_cat_voucher_id_19a56338_fk_discount_ FOREIGN KEY (voucher_id) REFERENCES public.discount_voucher(id) DEFERRABLE INITIALLY DEFERRED;


--
-- Name: discount_voucher_collections discount_voucher_col_collection_id_b9de6b54_fk_product_c; Type: FK CONSTRAINT; Schema: public; Owner: saleor
--

ALTER TABLE ONLY public.discount_voucher_collections
    ADD CONSTRAINT discount_voucher_col_collection_id_b9de6b54_fk_product_c FOREIGN KEY (collection_id) REFERENCES public.product_collection(id) DEFERRABLE INITIALLY DEFERRED;


--
-- Name: discount_voucher_collections discount_voucher_col_voucher_id_4ce1fde3_fk_discount_; Type: FK CONSTRAINT; Schema: public; Owner: saleor
--

ALTER TABLE ONLY public.discount_voucher_collections
    ADD CONSTRAINT discount_voucher_col_voucher_id_4ce1fde3_fk_discount_ FOREIGN KEY (voucher_id) REFERENCES public.discount_voucher(id) DEFERRABLE INITIALLY DEFERRED;


--
-- Name: discount_voucher_products discount_voucher_pro_product_id_4a3131ff_fk_product_p; Type: FK CONSTRAINT; Schema: public; Owner: saleor
--

ALTER TABLE ONLY public.discount_voucher_products
    ADD CONSTRAINT discount_voucher_pro_product_id_4a3131ff_fk_product_p FOREIGN KEY (product_id) REFERENCES public.product_product(id) DEFERRABLE INITIALLY DEFERRED;


--
-- Name: discount_voucher_products discount_voucher_pro_voucher_id_8a2e6c3a_fk_discount_; Type: FK CONSTRAINT; Schema: public; Owner: saleor
--

ALTER TABLE ONLY public.discount_voucher_products
    ADD CONSTRAINT discount_voucher_pro_voucher_id_8a2e6c3a_fk_discount_ FOREIGN KEY (voucher_id) REFERENCES public.discount_voucher(id) DEFERRABLE INITIALLY DEFERRED;


--
-- Name: discount_voucher_variants discount_voucher_var_productvariant_id_dcab0bb4_fk_product_p; Type: FK CONSTRAINT; Schema: public; Owner: saleor
--

ALTER TABLE ONLY public.discount_voucher_variants
    ADD CONSTRAINT discount_voucher_var_productvariant_id_dcab0bb4_fk_product_p FOREIGN KEY (productvariant_id) REFERENCES public.product_productvariant(id) DEFERRABLE INITIALLY DEFERRED;


--
-- Name: discount_voucher_variants discount_voucher_var_voucher_id_40d96698_fk_discount_; Type: FK CONSTRAINT; Schema: public; Owner: saleor
--

ALTER TABLE ONLY public.discount_voucher_variants
    ADD CONSTRAINT discount_voucher_var_voucher_id_40d96698_fk_discount_ FOREIGN KEY (voucher_id) REFERENCES public.discount_voucher(id) DEFERRABLE INITIALLY DEFERRED;


--
-- Name: discount_voucherchannellisting discount_voucherchan_channel_id_09f3ed34_fk_channel_c; Type: FK CONSTRAINT; Schema: public; Owner: saleor
--

ALTER TABLE ONLY public.discount_voucherchannellisting
    ADD CONSTRAINT discount_voucherchan_channel_id_09f3ed34_fk_channel_c FOREIGN KEY (channel_id) REFERENCES public.channel_channel(id) DEFERRABLE INITIALLY DEFERRED;


--
-- Name: discount_voucherchannellisting discount_voucherchan_voucher_id_7963fcbd_fk_discount_; Type: FK CONSTRAINT; Schema: public; Owner: saleor
--

ALTER TABLE ONLY public.discount_voucherchannellisting
    ADD CONSTRAINT discount_voucherchan_voucher_id_7963fcbd_fk_discount_ FOREIGN KEY (voucher_id) REFERENCES public.discount_voucher(id) DEFERRABLE INITIALLY DEFERRED;


--
-- Name: discount_vouchercode discount_vouchercode_voucher_id_2720b92f_fk_discount_voucher_id; Type: FK CONSTRAINT; Schema: public; Owner: saleor
--

ALTER TABLE ONLY public.discount_vouchercode
    ADD CONSTRAINT discount_vouchercode_voucher_id_2720b92f_fk_discount_voucher_id FOREIGN KEY (voucher_id) REFERENCES public.discount_voucher(id) DEFERRABLE INITIALLY DEFERRED;


--
-- Name: discount_vouchercustomer discount_vouchercust_voucher_code_id_3585f0db_fk_discount_; Type: FK CONSTRAINT; Schema: public; Owner: saleor
--

ALTER TABLE ONLY public.discount_vouchercustomer
    ADD CONSTRAINT discount_vouchercust_voucher_code_id_3585f0db_fk_discount_ FOREIGN KEY (voucher_code_id) REFERENCES public.discount_vouchercode(id) DEFERRABLE INITIALLY DEFERRED;


--
-- Name: discount_vouchertranslation discount_vouchertran_voucher_id_288246a9_fk_discount_; Type: FK CONSTRAINT; Schema: public; Owner: saleor
--

ALTER TABLE ONLY public.discount_vouchertranslation
    ADD CONSTRAINT discount_vouchertran_voucher_id_288246a9_fk_discount_ FOREIGN KEY (voucher_id) REFERENCES public.discount_voucher(id) DEFERRABLE INITIALLY DEFERRED;


--
-- Name: django_celery_beat_periodictask django_celery_beat_p_clocked_id_47a69f82_fk_django_ce; Type: FK CONSTRAINT; Schema: public; Owner: saleor
--

ALTER TABLE ONLY public.django_celery_beat_periodictask
    ADD CONSTRAINT django_celery_beat_p_clocked_id_47a69f82_fk_django_ce FOREIGN KEY (clocked_id) REFERENCES public.django_celery_beat_clockedschedule(id) DEFERRABLE INITIALLY DEFERRED;


--
-- Name: django_celery_beat_periodictask django_celery_beat_p_crontab_id_d3cba168_fk_django_ce; Type: FK CONSTRAINT; Schema: public; Owner: saleor
--

ALTER TABLE ONLY public.django_celery_beat_periodictask
    ADD CONSTRAINT django_celery_beat_p_crontab_id_d3cba168_fk_django_ce FOREIGN KEY (crontab_id) REFERENCES public.django_celery_beat_crontabschedule(id) DEFERRABLE INITIALLY DEFERRED;


--
-- Name: django_celery_beat_periodictask django_celery_beat_p_interval_id_a8ca27da_fk_django_ce; Type: FK CONSTRAINT; Schema: public; Owner: saleor
--

ALTER TABLE ONLY public.django_celery_beat_periodictask
    ADD CONSTRAINT django_celery_beat_p_interval_id_a8ca27da_fk_django_ce FOREIGN KEY (interval_id) REFERENCES public.django_celery_beat_intervalschedule(id) DEFERRABLE INITIALLY DEFERRED;


--
-- Name: django_celery_beat_periodictask django_celery_beat_p_solar_id_a87ce72c_fk_django_ce; Type: FK CONSTRAINT; Schema: public; Owner: saleor
--

ALTER TABLE ONLY public.django_celery_beat_periodictask
    ADD CONSTRAINT django_celery_beat_p_solar_id_a87ce72c_fk_django_ce FOREIGN KEY (solar_id) REFERENCES public.django_celery_beat_solarschedule(id) DEFERRABLE INITIALLY DEFERRED;


--
-- Name: giftcard_giftcard giftcard_giftcard_app_id_8d9d46f0_fk_app_app_id; Type: FK CONSTRAINT; Schema: public; Owner: saleor
--

ALTER TABLE ONLY public.giftcard_giftcard
    ADD CONSTRAINT giftcard_giftcard_app_id_8d9d46f0_fk_app_app_id FOREIGN KEY (app_id) REFERENCES public.app_app(id) DEFERRABLE INITIALLY DEFERRED;


--
-- Name: giftcard_giftcard giftcard_giftcard_created_by_id_b70093de_fk_account_user_id; Type: FK CONSTRAINT; Schema: public; Owner: saleor
--

ALTER TABLE ONLY public.giftcard_giftcard
    ADD CONSTRAINT giftcard_giftcard_created_by_id_b70093de_fk_account_user_id FOREIGN KEY (created_by_id) REFERENCES public.account_user(id) DEFERRABLE INITIALLY DEFERRED;


--
-- Name: giftcard_giftcard giftcard_giftcard_fulfillment_line_id_f5bb8062_fk_order_ful; Type: FK CONSTRAINT; Schema: public; Owner: saleor
--

ALTER TABLE ONLY public.giftcard_giftcard
    ADD CONSTRAINT giftcard_giftcard_fulfillment_line_id_f5bb8062_fk_order_ful FOREIGN KEY (fulfillment_line_id) REFERENCES public.order_fulfillmentline(id) DEFERRABLE INITIALLY DEFERRED;


--
-- Name: giftcard_giftcard giftcard_giftcard_product_id_d4ad7ecd_fk_product_product_id; Type: FK CONSTRAINT; Schema: public; Owner: saleor
--

ALTER TABLE ONLY public.giftcard_giftcard
    ADD CONSTRAINT giftcard_giftcard_product_id_d4ad7ecd_fk_product_product_id FOREIGN KEY (product_id) REFERENCES public.product_product(id) DEFERRABLE INITIALLY DEFERRED;


--
-- Name: giftcard_giftcard_tags giftcard_giftcard_ta_giftcard_id_4e7e8444_fk_giftcard_; Type: FK CONSTRAINT; Schema: public; Owner: saleor
--

ALTER TABLE ONLY public.giftcard_giftcard_tags
    ADD CONSTRAINT giftcard_giftcard_ta_giftcard_id_4e7e8444_fk_giftcard_ FOREIGN KEY (giftcard_id) REFERENCES public.giftcard_giftcard(id) DEFERRABLE INITIALLY DEFERRED;


--
-- Name: giftcard_giftcard_tags giftcard_giftcard_ta_giftcardtag_id_8d425074_fk_giftcard_; Type: FK CONSTRAINT; Schema: public; Owner: saleor
--

ALTER TABLE ONLY public.giftcard_giftcard_tags
    ADD CONSTRAINT giftcard_giftcard_ta_giftcardtag_id_8d425074_fk_giftcard_ FOREIGN KEY (giftcardtag_id) REFERENCES public.giftcard_giftcardtag(id) DEFERRABLE INITIALLY DEFERRED;


--
-- Name: giftcard_giftcard giftcard_giftcard_used_by_id_4e019509_fk_account_user_id; Type: FK CONSTRAINT; Schema: public; Owner: saleor
--

ALTER TABLE ONLY public.giftcard_giftcard
    ADD CONSTRAINT giftcard_giftcard_used_by_id_4e019509_fk_account_user_id FOREIGN KEY (used_by_id) REFERENCES public.account_user(id) DEFERRABLE INITIALLY DEFERRED;


--
-- Name: giftcard_giftcardevent giftcard_giftcardeve_gift_card_id_28f4a30a_fk_giftcard_; Type: FK CONSTRAINT; Schema: public; Owner: saleor
--

ALTER TABLE ONLY public.giftcard_giftcardevent
    ADD CONSTRAINT giftcard_giftcardeve_gift_card_id_28f4a30a_fk_giftcard_ FOREIGN KEY (gift_card_id) REFERENCES public.giftcard_giftcard(id) DEFERRABLE INITIALLY DEFERRED;


--
-- Name: giftcard_giftcardevent giftcard_giftcardevent_app_id_9e107653_fk_app_app_id; Type: FK CONSTRAINT; Schema: public; Owner: saleor
--

ALTER TABLE ONLY public.giftcard_giftcardevent
    ADD CONSTRAINT giftcard_giftcardevent_app_id_9e107653_fk_app_app_id FOREIGN KEY (app_id) REFERENCES public.app_app(id) DEFERRABLE INITIALLY DEFERRED;


--
-- Name: giftcard_giftcardevent giftcard_giftcardevent_order_id_a934cb10_fk_order_order_id; Type: FK CONSTRAINT; Schema: public; Owner: saleor
--

ALTER TABLE ONLY public.giftcard_giftcardevent
    ADD CONSTRAINT giftcard_giftcardevent_order_id_a934cb10_fk_order_order_id FOREIGN KEY (order_id) REFERENCES public.order_order(id) DEFERRABLE INITIALLY DEFERRED;


--
-- Name: giftcard_giftcardevent giftcard_giftcardevent_user_id_6b906b4a_fk_account_user_id; Type: FK CONSTRAINT; Schema: public; Owner: saleor
--

ALTER TABLE ONLY public.giftcard_giftcardevent
    ADD CONSTRAINT giftcard_giftcardevent_user_id_6b906b4a_fk_account_user_id FOREIGN KEY (user_id) REFERENCES public.account_user(id) DEFERRABLE INITIALLY DEFERRED;


--
-- Name: invoice_invoice invoice_invoice_order_id_c5fc9ae9_fk_order_order_id; Type: FK CONSTRAINT; Schema: public; Owner: saleor
--

ALTER TABLE ONLY public.invoice_invoice
    ADD CONSTRAINT invoice_invoice_order_id_c5fc9ae9_fk_order_order_id FOREIGN KEY (order_id) REFERENCES public.order_order(id) DEFERRABLE INITIALLY DEFERRED;


--
-- Name: invoice_invoiceevent invoice_invoiceevent_app_id_eb92fa41_fk_app_app_id; Type: FK CONSTRAINT; Schema: public; Owner: saleor
--

ALTER TABLE ONLY public.invoice_invoiceevent
    ADD CONSTRAINT invoice_invoiceevent_app_id_eb92fa41_fk_app_app_id FOREIGN KEY (app_id) REFERENCES public.app_app(id) DEFERRABLE INITIALLY DEFERRED;


--
-- Name: invoice_invoiceevent invoice_invoiceevent_invoice_id_de0632ca_fk_invoice_invoice_id; Type: FK CONSTRAINT; Schema: public; Owner: saleor
--

ALTER TABLE ONLY public.invoice_invoiceevent
    ADD CONSTRAINT invoice_invoiceevent_invoice_id_de0632ca_fk_invoice_invoice_id FOREIGN KEY (invoice_id) REFERENCES public.invoice_invoice(id) DEFERRABLE INITIALLY DEFERRED;


--
-- Name: invoice_invoiceevent invoice_invoiceevent_order_id_5a337f7a_fk_order_order_id; Type: FK CONSTRAINT; Schema: public; Owner: saleor
--

ALTER TABLE ONLY public.invoice_invoiceevent
    ADD CONSTRAINT invoice_invoiceevent_order_id_5a337f7a_fk_order_order_id FOREIGN KEY (order_id) REFERENCES public.order_order(id) DEFERRABLE INITIALLY DEFERRED;


--
-- Name: invoice_invoiceevent invoice_invoiceevent_user_id_cd599b8d_fk_account_user_id; Type: FK CONSTRAINT; Schema: public; Owner: saleor
--

ALTER TABLE ONLY public.invoice_invoiceevent
    ADD CONSTRAINT invoice_invoiceevent_user_id_cd599b8d_fk_account_user_id FOREIGN KEY (user_id) REFERENCES public.account_user(id) DEFERRABLE INITIALLY DEFERRED;


--
-- Name: menu_menuitem menu_menuitem_category_id_af353a3b_fk_product_category_id; Type: FK CONSTRAINT; Schema: public; Owner: saleor
--

ALTER TABLE ONLY public.menu_menuitem
    ADD CONSTRAINT menu_menuitem_category_id_af353a3b_fk_product_category_id FOREIGN KEY (category_id) REFERENCES public.product_category(id) DEFERRABLE INITIALLY DEFERRED;


--
-- Name: menu_menuitem menu_menuitem_collection_id_b913b19e_fk_product_collection_id; Type: FK CONSTRAINT; Schema: public; Owner: saleor
--

ALTER TABLE ONLY public.menu_menuitem
    ADD CONSTRAINT menu_menuitem_collection_id_b913b19e_fk_product_collection_id FOREIGN KEY (collection_id) REFERENCES public.product_collection(id) DEFERRABLE INITIALLY DEFERRED;


--
-- Name: menu_menuitem menu_menuitem_menu_id_f466b139_fk_menu_menu_id; Type: FK CONSTRAINT; Schema: public; Owner: saleor
--

ALTER TABLE ONLY public.menu_menuitem
    ADD CONSTRAINT menu_menuitem_menu_id_f466b139_fk_menu_menu_id FOREIGN KEY (menu_id) REFERENCES public.menu_menu(id) DEFERRABLE INITIALLY DEFERRED;


--
-- Name: menu_menuitem menu_menuitem_page_id_a0c8f92d_fk_page_page_id; Type: FK CONSTRAINT; Schema: public; Owner: saleor
--

ALTER TABLE ONLY public.menu_menuitem
    ADD CONSTRAINT menu_menuitem_page_id_a0c8f92d_fk_page_page_id FOREIGN KEY (page_id) REFERENCES public.page_page(id) DEFERRABLE INITIALLY DEFERRED;


--
-- Name: menu_menuitem menu_menuitem_parent_id_439f55a5_fk_menu_menuitem_id; Type: FK CONSTRAINT; Schema: public; Owner: saleor
--

ALTER TABLE ONLY public.menu_menuitem
    ADD CONSTRAINT menu_menuitem_parent_id_439f55a5_fk_menu_menuitem_id FOREIGN KEY (parent_id) REFERENCES public.menu_menuitem(id) DEFERRABLE INITIALLY DEFERRED;


--
-- Name: menu_menuitemtranslation menu_menuitemtransla_menu_item_id_3445926c_fk_menu_menu; Type: FK CONSTRAINT; Schema: public; Owner: saleor
--

ALTER TABLE ONLY public.menu_menuitemtranslation
    ADD CONSTRAINT menu_menuitemtransla_menu_item_id_3445926c_fk_menu_menu FOREIGN KEY (menu_item_id) REFERENCES public.menu_menuitem(id) DEFERRABLE INITIALLY DEFERRED;


--
-- Name: order_fulfillment order_fulfillment_order_id_02695111_fk_order_order_token; Type: FK CONSTRAINT; Schema: public; Owner: saleor
--

ALTER TABLE ONLY public.order_fulfillment
    ADD CONSTRAINT order_fulfillment_order_id_02695111_fk_order_order_token FOREIGN KEY (order_id) REFERENCES public.order_order(id) DEFERRABLE INITIALLY DEFERRED;


--
-- Name: order_fulfillmentline order_fulfillmentlin_fulfillment_id_68f3291d_fk_order_ful; Type: FK CONSTRAINT; Schema: public; Owner: saleor
--

ALTER TABLE ONLY public.order_fulfillmentline
    ADD CONSTRAINT order_fulfillmentlin_fulfillment_id_68f3291d_fk_order_ful FOREIGN KEY (fulfillment_id) REFERENCES public.order_fulfillment(id) DEFERRABLE INITIALLY DEFERRED;


--
-- Name: order_fulfillmentline order_fulfillmentlin_order_line_id_7d40e054_fk_order_ord; Type: FK CONSTRAINT; Schema: public; Owner: saleor
--

ALTER TABLE ONLY public.order_fulfillmentline
    ADD CONSTRAINT order_fulfillmentlin_order_line_id_7d40e054_fk_order_ord FOREIGN KEY (order_line_id) REFERENCES public.order_orderline(id) DEFERRABLE INITIALLY DEFERRED;


--
-- Name: order_fulfillmentline order_fulfillmentline_stock_id_da5a99fe_fk_warehouse_stock_id; Type: FK CONSTRAINT; Schema: public; Owner: saleor
--

ALTER TABLE ONLY public.order_fulfillmentline
    ADD CONSTRAINT order_fulfillmentline_stock_id_da5a99fe_fk_warehouse_stock_id FOREIGN KEY (stock_id) REFERENCES public.warehouse_stock(id) DEFERRABLE INITIALLY DEFERRED;


--
-- Name: order_order order_order_billing_address_id_8fe537cf_fk_userprofi; Type: FK CONSTRAINT; Schema: public; Owner: saleor
--

ALTER TABLE ONLY public.order_order
    ADD CONSTRAINT order_order_billing_address_id_8fe537cf_fk_userprofi FOREIGN KEY (billing_address_id) REFERENCES public.account_address(id) DEFERRABLE INITIALLY DEFERRED;


--
-- Name: order_order order_order_channel_id_4dacf8a4_fk_channel_channel_id; Type: FK CONSTRAINT; Schema: public; Owner: saleor
--

ALTER TABLE ONLY public.order_order
    ADD CONSTRAINT order_order_channel_id_4dacf8a4_fk_channel_channel_id FOREIGN KEY (channel_id) REFERENCES public.channel_channel(id) DEFERRABLE INITIALLY DEFERRED;


--
-- Name: order_order order_order_collection_point_id_0762767b_fk_warehouse; Type: FK CONSTRAINT; Schema: public; Owner: saleor
--

ALTER TABLE ONLY public.order_order
    ADD CONSTRAINT order_order_collection_point_id_0762767b_fk_warehouse FOREIGN KEY (collection_point_id) REFERENCES public.warehouse_warehouse(id) DEFERRABLE INITIALLY DEFERRED;


--
-- Name: order_order_gift_cards order_order_gift_car_giftcard_id_f6844926_fk_giftcard_; Type: FK CONSTRAINT; Schema: public; Owner: saleor
--

ALTER TABLE ONLY public.order_order_gift_cards
    ADD CONSTRAINT order_order_gift_car_giftcard_id_f6844926_fk_giftcard_ FOREIGN KEY (giftcard_id) REFERENCES public.giftcard_giftcard(id) DEFERRABLE INITIALLY DEFERRED;


--
-- Name: order_order_gift_cards order_order_gift_cards_order_id_ce5608c4_fk_order_order_id; Type: FK CONSTRAINT; Schema: public; Owner: saleor
--

ALTER TABLE ONLY public.order_order_gift_cards
    ADD CONSTRAINT order_order_gift_cards_order_id_ce5608c4_fk_order_order_id FOREIGN KEY (order_id) REFERENCES public.order_order(id);


--
-- Name: order_order order_order_original_id_1dd680dd_fk_order_order_token; Type: FK CONSTRAINT; Schema: public; Owner: saleor
--

ALTER TABLE ONLY public.order_order
    ADD CONSTRAINT order_order_original_id_1dd680dd_fk_order_order_token FOREIGN KEY (original_id) REFERENCES public.order_order(id) DEFERRABLE INITIALLY DEFERRED;


--
-- Name: order_order order_order_shipping_address_id_57e64931_fk_userprofi; Type: FK CONSTRAINT; Schema: public; Owner: saleor
--

ALTER TABLE ONLY public.order_order
    ADD CONSTRAINT order_order_shipping_address_id_57e64931_fk_userprofi FOREIGN KEY (shipping_address_id) REFERENCES public.account_address(id) DEFERRABLE INITIALLY DEFERRED;


--
-- Name: order_order order_order_shipping_method_id_2a742834_fk_shipping_; Type: FK CONSTRAINT; Schema: public; Owner: saleor
--

ALTER TABLE ONLY public.order_order
    ADD CONSTRAINT order_order_shipping_method_id_2a742834_fk_shipping_ FOREIGN KEY (shipping_method_id) REFERENCES public.shipping_shippingmethod(id) DEFERRABLE INITIALLY DEFERRED;


--
-- Name: order_order order_order_shipping_tax_class_id_ec0a5734_fk_tax_taxclass_id; Type: FK CONSTRAINT; Schema: public; Owner: saleor
--

ALTER TABLE ONLY public.order_order
    ADD CONSTRAINT order_order_shipping_tax_class_id_ec0a5734_fk_tax_taxclass_id FOREIGN KEY (shipping_tax_class_id) REFERENCES public.tax_taxclass(id) DEFERRABLE INITIALLY DEFERRED;


--
-- Name: order_order order_order_user_id_7cf9bc2b_fk_userprofile_user_id; Type: FK CONSTRAINT; Schema: public; Owner: saleor
--

ALTER TABLE ONLY public.order_order
    ADD CONSTRAINT order_order_user_id_7cf9bc2b_fk_userprofile_user_id FOREIGN KEY (user_id) REFERENCES public.account_user(id) DEFERRABLE INITIALLY DEFERRED;


--
-- Name: order_order order_order_voucher_id_0748ca22_fk_discount_voucher_id; Type: FK CONSTRAINT; Schema: public; Owner: saleor
--

ALTER TABLE ONLY public.order_order
    ADD CONSTRAINT order_order_voucher_id_0748ca22_fk_discount_voucher_id FOREIGN KEY (voucher_id) REFERENCES public.discount_voucher(id) DEFERRABLE INITIALLY DEFERRED;


--
-- Name: order_orderevent order_orderevent_app_id_2d642e9c_fk_app_app_id; Type: FK CONSTRAINT; Schema: public; Owner: saleor
--

ALTER TABLE ONLY public.order_orderevent
    ADD CONSTRAINT order_orderevent_app_id_2d642e9c_fk_app_app_id FOREIGN KEY (app_id) REFERENCES public.app_app(id) DEFERRABLE INITIALLY DEFERRED;


--
-- Name: order_orderevent order_orderevent_order_id_09aa7ccd_fk_order_order_token; Type: FK CONSTRAINT; Schema: public; Owner: saleor
--

ALTER TABLE ONLY public.order_orderevent
    ADD CONSTRAINT order_orderevent_order_id_09aa7ccd_fk_order_order_token FOREIGN KEY (order_id) REFERENCES public.order_order(id) DEFERRABLE INITIALLY DEFERRED;


--
-- Name: order_orderevent order_orderevent_related_id_c73abd6a_fk_order_orderevent_id; Type: FK CONSTRAINT; Schema: public; Owner: saleor
--

ALTER TABLE ONLY public.order_orderevent
    ADD CONSTRAINT order_orderevent_related_id_c73abd6a_fk_order_orderevent_id FOREIGN KEY (related_id) REFERENCES public.order_orderevent(id) DEFERRABLE INITIALLY DEFERRED;


--
-- Name: order_orderevent order_orderevent_user_id_1056ac9c_fk_userprofile_user_id; Type: FK CONSTRAINT; Schema: public; Owner: saleor
--

ALTER TABLE ONLY public.order_orderevent
    ADD CONSTRAINT order_orderevent_user_id_1056ac9c_fk_userprofile_user_id FOREIGN KEY (user_id) REFERENCES public.account_user(id) DEFERRABLE INITIALLY DEFERRED;


--
-- Name: order_ordergrantedrefundline order_ordergrantedre_granted_refund_id_cd1bb9f6_fk_order_ord; Type: FK CONSTRAINT; Schema: public; Owner: saleor
--

ALTER TABLE ONLY public.order_ordergrantedrefundline
    ADD CONSTRAINT order_ordergrantedre_granted_refund_id_cd1bb9f6_fk_order_ord FOREIGN KEY (granted_refund_id) REFERENCES public.order_ordergrantedrefund(id) DEFERRABLE INITIALLY DEFERRED;


--
-- Name: order_ordergrantedrefundline order_ordergrantedre_order_line_id_c2b8e4af_fk_order_ord; Type: FK CONSTRAINT; Schema: public; Owner: saleor
--

ALTER TABLE ONLY public.order_ordergrantedrefundline
    ADD CONSTRAINT order_ordergrantedre_order_line_id_c2b8e4af_fk_order_ord FOREIGN KEY (order_line_id) REFERENCES public.order_orderline(id) DEFERRABLE INITIALLY DEFERRED;


--
-- Name: order_ordergrantedrefund order_ordergrantedre_reason_reference_id_d5e34bac_fk_page_page; Type: FK CONSTRAINT; Schema: public; Owner: saleor
--

ALTER TABLE ONLY public.order_ordergrantedrefund
    ADD CONSTRAINT order_ordergrantedre_reason_reference_id_d5e34bac_fk_page_page FOREIGN KEY (reason_reference_id) REFERENCES public.page_page(id) DEFERRABLE INITIALLY DEFERRED;


--
-- Name: order_ordergrantedrefund order_ordergrantedre_transaction_item_id_13928191_fk_payment_t; Type: FK CONSTRAINT; Schema: public; Owner: saleor
--

ALTER TABLE ONLY public.order_ordergrantedrefund
    ADD CONSTRAINT order_ordergrantedre_transaction_item_id_13928191_fk_payment_t FOREIGN KEY (transaction_item_id) REFERENCES public.payment_transactionitem(id) DEFERRABLE INITIALLY DEFERRED;


--
-- Name: order_ordergrantedrefund order_ordergrantedrefund_app_id_38ac1ecf_fk_app_app_id; Type: FK CONSTRAINT; Schema: public; Owner: saleor
--

ALTER TABLE ONLY public.order_ordergrantedrefund
    ADD CONSTRAINT order_ordergrantedrefund_app_id_38ac1ecf_fk_app_app_id FOREIGN KEY (app_id) REFERENCES public.app_app(id) DEFERRABLE INITIALLY DEFERRED;


--
-- Name: order_ordergrantedrefund order_ordergrantedrefund_order_id_2905d3e7_fk_order_order_id; Type: FK CONSTRAINT; Schema: public; Owner: saleor
--

ALTER TABLE ONLY public.order_ordergrantedrefund
    ADD CONSTRAINT order_ordergrantedrefund_order_id_2905d3e7_fk_order_order_id FOREIGN KEY (order_id) REFERENCES public.order_order(id) DEFERRABLE INITIALLY DEFERRED;


--
-- Name: order_ordergrantedrefund order_ordergrantedrefund_user_id_f344f8ec_fk_account_user_id; Type: FK CONSTRAINT; Schema: public; Owner: saleor
--

ALTER TABLE ONLY public.order_ordergrantedrefund
    ADD CONSTRAINT order_ordergrantedrefund_user_id_f344f8ec_fk_account_user_id FOREIGN KEY (user_id) REFERENCES public.account_user(id) DEFERRABLE INITIALLY DEFERRED;


--
-- Name: order_orderline order_orderline_order_id_eb04ec2d_fk_order_order_token; Type: FK CONSTRAINT; Schema: public; Owner: saleor
--

ALTER TABLE ONLY public.order_orderline
    ADD CONSTRAINT order_orderline_order_id_eb04ec2d_fk_order_order_token FOREIGN KEY (order_id) REFERENCES public.order_order(id) DEFERRABLE INITIALLY DEFERRED;


--
-- Name: order_orderline order_orderline_tax_class_id_bc719d4f_fk_tax_taxclass_id; Type: FK CONSTRAINT; Schema: public; Owner: saleor
--

ALTER TABLE ONLY public.order_orderline
    ADD CONSTRAINT order_orderline_tax_class_id_bc719d4f_fk_tax_taxclass_id FOREIGN KEY (tax_class_id) REFERENCES public.tax_taxclass(id) DEFERRABLE INITIALLY DEFERRED;


--
-- Name: order_orderline order_orderline_variant_id_866774cb_fk_product_p; Type: FK CONSTRAINT; Schema: public; Owner: saleor
--

ALTER TABLE ONLY public.order_orderline
    ADD CONSTRAINT order_orderline_variant_id_866774cb_fk_product_p FOREIGN KEY (variant_id) REFERENCES public.product_productvariant(id) DEFERRABLE INITIALLY DEFERRED;


--
-- Name: page_page page_page_page_type_id_06acc00e_fk_page_pagetype_id; Type: FK CONSTRAINT; Schema: public; Owner: saleor
--

ALTER TABLE ONLY public.page_page
    ADD CONSTRAINT page_page_page_type_id_06acc00e_fk_page_pagetype_id FOREIGN KEY (page_type_id) REFERENCES public.page_pagetype(id) DEFERRABLE INITIALLY DEFERRED;


--
-- Name: page_pagetranslation page_pagetranslation_page_id_60216ef5_fk_page_page_id; Type: FK CONSTRAINT; Schema: public; Owner: saleor
--

ALTER TABLE ONLY public.page_pagetranslation
    ADD CONSTRAINT page_pagetranslation_page_id_60216ef5_fk_page_page_id FOREIGN KEY (page_id) REFERENCES public.page_page(id) DEFERRABLE INITIALLY DEFERRED;


--
-- Name: payment_payment payment_payment_checkout_id_1f32e1ab_fk_checkout_checkout_token; Type: FK CONSTRAINT; Schema: public; Owner: saleor
--

ALTER TABLE ONLY public.payment_payment
    ADD CONSTRAINT payment_payment_checkout_id_1f32e1ab_fk_checkout_checkout_token FOREIGN KEY (checkout_id) REFERENCES public.checkout_checkout(token) DEFERRABLE INITIALLY DEFERRED;


--
-- Name: payment_payment payment_payment_order_id_22b45881_fk_order_order_token; Type: FK CONSTRAINT; Schema: public; Owner: saleor
--

ALTER TABLE ONLY public.payment_payment
    ADD CONSTRAINT payment_payment_order_id_22b45881_fk_order_order_token FOREIGN KEY (order_id) REFERENCES public.order_order(id) DEFERRABLE INITIALLY DEFERRED;


--
-- Name: payment_transaction payment_transaction_payment_id_df9808d7_fk_payment_payment_id; Type: FK CONSTRAINT; Schema: public; Owner: saleor
--

ALTER TABLE ONLY public.payment_transaction
    ADD CONSTRAINT payment_transaction_payment_id_df9808d7_fk_payment_payment_id FOREIGN KEY (payment_id) REFERENCES public.payment_payment(id) DEFERRABLE INITIALLY DEFERRED;


--
-- Name: payment_transactionevent payment_transactione_reason_reference_id_513f289f_fk_page_page; Type: FK CONSTRAINT; Schema: public; Owner: saleor
--

ALTER TABLE ONLY public.payment_transactionevent
    ADD CONSTRAINT payment_transactione_reason_reference_id_513f289f_fk_page_page FOREIGN KEY (reason_reference_id) REFERENCES public.page_page(id) DEFERRABLE INITIALLY DEFERRED;


--
-- Name: payment_transactionevent payment_transactione_related_granted_refu_bc5e73e4_fk_order_ord; Type: FK CONSTRAINT; Schema: public; Owner: saleor
--

ALTER TABLE ONLY public.payment_transactionevent
    ADD CONSTRAINT payment_transactione_related_granted_refu_bc5e73e4_fk_order_ord FOREIGN KEY (related_granted_refund_id) REFERENCES public.order_ordergrantedrefund(id) DEFERRABLE INITIALLY DEFERRED;


--
-- Name: payment_transactionevent payment_transactione_transaction_id_381f97d4_fk_payment_t; Type: FK CONSTRAINT; Schema: public; Owner: saleor
--

ALTER TABLE ONLY public.payment_transactionevent
    ADD CONSTRAINT payment_transactione_transaction_id_381f97d4_fk_payment_t FOREIGN KEY (transaction_id) REFERENCES public.payment_transactionitem(id) DEFERRABLE INITIALLY DEFERRED;


--
-- Name: payment_transactionevent payment_transactionevent_app_id_98888f6d_fk_app_app_id; Type: FK CONSTRAINT; Schema: public; Owner: saleor
--

ALTER TABLE ONLY public.payment_transactionevent
    ADD CONSTRAINT payment_transactionevent_app_id_98888f6d_fk_app_app_id FOREIGN KEY (app_id) REFERENCES public.app_app(id) DEFERRABLE INITIALLY DEFERRED;


--
-- Name: payment_transactionevent payment_transactionevent_user_id_7f9244da_fk_account_user_id; Type: FK CONSTRAINT; Schema: public; Owner: saleor
--

ALTER TABLE ONLY public.payment_transactionevent
    ADD CONSTRAINT payment_transactionevent_user_id_7f9244da_fk_account_user_id FOREIGN KEY (user_id) REFERENCES public.account_user(id) DEFERRABLE INITIALLY DEFERRED;


--
-- Name: payment_transactionitem payment_transactioni_checkout_id_bc8a405f_fk_checkout_; Type: FK CONSTRAINT; Schema: public; Owner: saleor
--

ALTER TABLE ONLY public.payment_transactionitem
    ADD CONSTRAINT payment_transactioni_checkout_id_bc8a405f_fk_checkout_ FOREIGN KEY (checkout_id) REFERENCES public.checkout_checkout(token) DEFERRABLE INITIALLY DEFERRED;


--
-- Name: payment_transactionitem payment_transactionitem_app_id_75ae2f40_fk_app_app_id; Type: FK CONSTRAINT; Schema: public; Owner: saleor
--

ALTER TABLE ONLY public.payment_transactionitem
    ADD CONSTRAINT payment_transactionitem_app_id_75ae2f40_fk_app_app_id FOREIGN KEY (app_id) REFERENCES public.app_app(id) DEFERRABLE INITIALLY DEFERRED;


--
-- Name: payment_transactionitem payment_transactionitem_order_id_1e36872b_fk_order_order_id; Type: FK CONSTRAINT; Schema: public; Owner: saleor
--

ALTER TABLE ONLY public.payment_transactionitem
    ADD CONSTRAINT payment_transactionitem_order_id_1e36872b_fk_order_order_id FOREIGN KEY (order_id) REFERENCES public.order_order(id) DEFERRABLE INITIALLY DEFERRED;


--
-- Name: payment_transactionitem payment_transactionitem_user_id_780fab59_fk_account_user_id; Type: FK CONSTRAINT; Schema: public; Owner: saleor
--

ALTER TABLE ONLY public.payment_transactionitem
    ADD CONSTRAINT payment_transactionitem_user_id_780fab59_fk_account_user_id FOREIGN KEY (user_id) REFERENCES public.account_user(id) DEFERRABLE INITIALLY DEFERRED;


--
-- Name: permission_permission permission_permissio_content_type_id_e526e8f2_fk_django_co; Type: FK CONSTRAINT; Schema: public; Owner: saleor
--

ALTER TABLE ONLY public.permission_permission
    ADD CONSTRAINT permission_permissio_content_type_id_e526e8f2_fk_django_co FOREIGN KEY (content_type_id) REFERENCES public.django_content_type(id) DEFERRABLE INITIALLY DEFERRED;


--
-- Name: plugins_emailtemplate plugins_emailtemplat_plugin_configuration_9abac2f2_fk_plugins_p; Type: FK CONSTRAINT; Schema: public; Owner: saleor
--

ALTER TABLE ONLY public.plugins_emailtemplate
    ADD CONSTRAINT plugins_emailtemplat_plugin_configuration_9abac2f2_fk_plugins_p FOREIGN KEY (plugin_configuration_id) REFERENCES public.plugins_pluginconfiguration(id) DEFERRABLE INITIALLY DEFERRED;


--
-- Name: plugins_pluginconfiguration plugins_pluginconfig_channel_id_c880e95c_fk_channel_c; Type: FK CONSTRAINT; Schema: public; Owner: saleor
--

ALTER TABLE ONLY public.plugins_pluginconfiguration
    ADD CONSTRAINT plugins_pluginconfig_channel_id_c880e95c_fk_channel_c FOREIGN KEY (channel_id) REFERENCES public.channel_channel(id) DEFERRABLE INITIALLY DEFERRED;


--
-- Name: attribute_assignedvariantattribute product_assignedvari_assignment_id_8fdbffe8_fk_product_a; Type: FK CONSTRAINT; Schema: public; Owner: saleor
--

ALTER TABLE ONLY public.attribute_assignedvariantattribute
    ADD CONSTRAINT product_assignedvari_assignment_id_8fdbffe8_fk_product_a FOREIGN KEY (assignment_id) REFERENCES public.attribute_attributevariant(id) DEFERRABLE INITIALLY DEFERRED;


--
-- Name: attribute_assignedvariantattribute product_assignedvari_variant_id_27483e6a_fk_product_p; Type: FK CONSTRAINT; Schema: public; Owner: saleor
--

ALTER TABLE ONLY public.attribute_assignedvariantattribute
    ADD CONSTRAINT product_assignedvari_variant_id_27483e6a_fk_product_p FOREIGN KEY (variant_id) REFERENCES public.product_productvariant(id) DEFERRABLE INITIALLY DEFERRED;


--
-- Name: attribute_attributevalue product_attributecho_attribute_id_c28c6c92_fk_product_a; Type: FK CONSTRAINT; Schema: public; Owner: saleor
--

ALTER TABLE ONLY public.attribute_attributevalue
    ADD CONSTRAINT product_attributecho_attribute_id_c28c6c92_fk_product_a FOREIGN KEY (attribute_id) REFERENCES public.attribute_attribute(id) DEFERRABLE INITIALLY DEFERRED;


--
-- Name: attribute_attributepage product_attributepag_attribute_id_29005ba0_fk_product_a; Type: FK CONSTRAINT; Schema: public; Owner: saleor
--

ALTER TABLE ONLY public.attribute_attributepage
    ADD CONSTRAINT product_attributepag_attribute_id_29005ba0_fk_product_a FOREIGN KEY (attribute_id) REFERENCES public.attribute_attribute(id) DEFERRABLE INITIALLY DEFERRED;


--
-- Name: attribute_attributepage product_attributepage_page_type_id_2723ed1f_fk_page_pagetype_id; Type: FK CONSTRAINT; Schema: public; Owner: saleor
--

ALTER TABLE ONLY public.attribute_attributepage
    ADD CONSTRAINT product_attributepage_page_type_id_2723ed1f_fk_page_pagetype_id FOREIGN KEY (page_type_id) REFERENCES public.page_pagetype(id) DEFERRABLE INITIALLY DEFERRED;


--
-- Name: attribute_attributeproduct product_attributepro_attribute_id_0051c706_fk_product_a; Type: FK CONSTRAINT; Schema: public; Owner: saleor
--

ALTER TABLE ONLY public.attribute_attributeproduct
    ADD CONSTRAINT product_attributepro_attribute_id_0051c706_fk_product_a FOREIGN KEY (attribute_id) REFERENCES public.attribute_attribute(id) DEFERRABLE INITIALLY DEFERRED;


--
-- Name: attribute_attributeproduct product_attributepro_product_type_id_54357b3b_fk_product_p; Type: FK CONSTRAINT; Schema: public; Owner: saleor
--

ALTER TABLE ONLY public.attribute_attributeproduct
    ADD CONSTRAINT product_attributepro_product_type_id_54357b3b_fk_product_p FOREIGN KEY (product_type_id) REFERENCES public.product_producttype(id) DEFERRABLE INITIALLY DEFERRED;


--
-- Name: attribute_attributetranslation product_attributetra_attribute_id_238dabfc_fk_product_a; Type: FK CONSTRAINT; Schema: public; Owner: saleor
--

ALTER TABLE ONLY public.attribute_attributetranslation
    ADD CONSTRAINT product_attributetra_attribute_id_238dabfc_fk_product_a FOREIGN KEY (attribute_id) REFERENCES public.attribute_attribute(id) DEFERRABLE INITIALLY DEFERRED;


--
-- Name: attribute_attributevaluetranslation product_attributeval_attribute_value_id_8b2cb275_fk_product_a; Type: FK CONSTRAINT; Schema: public; Owner: saleor
--

ALTER TABLE ONLY public.attribute_attributevaluetranslation
    ADD CONSTRAINT product_attributeval_attribute_value_id_8b2cb275_fk_product_a FOREIGN KEY (attribute_value_id) REFERENCES public.attribute_attributevalue(id) DEFERRABLE INITIALLY DEFERRED;


--
-- Name: attribute_attributevariant product_attributevar_attribute_id_e47d3bc3_fk_product_a; Type: FK CONSTRAINT; Schema: public; Owner: saleor
--

ALTER TABLE ONLY public.attribute_attributevariant
    ADD CONSTRAINT product_attributevar_attribute_id_e47d3bc3_fk_product_a FOREIGN KEY (attribute_id) REFERENCES public.attribute_attribute(id) DEFERRABLE INITIALLY DEFERRED;


--
-- Name: attribute_attributevariant product_attributevar_product_type_id_ba95c6dd_fk_product_p; Type: FK CONSTRAINT; Schema: public; Owner: saleor
--

ALTER TABLE ONLY public.attribute_attributevariant
    ADD CONSTRAINT product_attributevar_product_type_id_ba95c6dd_fk_product_p FOREIGN KEY (product_type_id) REFERENCES public.product_producttype(id) DEFERRABLE INITIALLY DEFERRED;


--
-- Name: product_category product_category_parent_id_f6860923_fk_product_category_id; Type: FK CONSTRAINT; Schema: public; Owner: saleor
--

ALTER TABLE ONLY public.product_category
    ADD CONSTRAINT product_category_parent_id_f6860923_fk_product_category_id FOREIGN KEY (parent_id) REFERENCES public.product_category(id) DEFERRABLE INITIALLY DEFERRED;


--
-- Name: product_categorytranslation product_categorytran_category_id_aa8d0917_fk_product_c; Type: FK CONSTRAINT; Schema: public; Owner: saleor
--

ALTER TABLE ONLY public.product_categorytranslation
    ADD CONSTRAINT product_categorytran_category_id_aa8d0917_fk_product_c FOREIGN KEY (category_id) REFERENCES public.product_category(id) DEFERRABLE INITIALLY DEFERRED;


--
-- Name: product_collectionproduct product_collection_p_collection_id_0bc817dc_fk_product_c; Type: FK CONSTRAINT; Schema: public; Owner: saleor
--

ALTER TABLE ONLY public.product_collectionproduct
    ADD CONSTRAINT product_collection_p_collection_id_0bc817dc_fk_product_c FOREIGN KEY (collection_id) REFERENCES public.product_collection(id) DEFERRABLE INITIALLY DEFERRED;


--
-- Name: product_collectionproduct product_collection_p_product_id_a45a5b06_fk_product_p; Type: FK CONSTRAINT; Schema: public; Owner: saleor
--

ALTER TABLE ONLY public.product_collectionproduct
    ADD CONSTRAINT product_collection_p_product_id_a45a5b06_fk_product_p FOREIGN KEY (product_id) REFERENCES public.product_product(id) DEFERRABLE INITIALLY DEFERRED;


--
-- Name: product_collectionchannellisting product_collectionch_channel_id_5e167702_fk_channel_c; Type: FK CONSTRAINT; Schema: public; Owner: saleor
--

ALTER TABLE ONLY public.product_collectionchannellisting
    ADD CONSTRAINT product_collectionch_channel_id_5e167702_fk_channel_c FOREIGN KEY (channel_id) REFERENCES public.channel_channel(id) DEFERRABLE INITIALLY DEFERRED;


--
-- Name: product_collectionchannellisting product_collectionch_collection_id_2ce1b16b_fk_product_c; Type: FK CONSTRAINT; Schema: public; Owner: saleor
--

ALTER TABLE ONLY public.product_collectionchannellisting
    ADD CONSTRAINT product_collectionch_collection_id_2ce1b16b_fk_product_c FOREIGN KEY (collection_id) REFERENCES public.product_collection(id) DEFERRABLE INITIALLY DEFERRED;


--
-- Name: product_collectiontranslation product_collectiontr_collection_id_cfbbd453_fk_product_c; Type: FK CONSTRAINT; Schema: public; Owner: saleor
--

ALTER TABLE ONLY public.product_collectiontranslation
    ADD CONSTRAINT product_collectiontr_collection_id_cfbbd453_fk_product_c FOREIGN KEY (collection_id) REFERENCES public.product_collection(id) DEFERRABLE INITIALLY DEFERRED;


--
-- Name: product_digitalcontenturl product_digitalconte_content_id_654197bd_fk_product_d; Type: FK CONSTRAINT; Schema: public; Owner: saleor
--

ALTER TABLE ONLY public.product_digitalcontenturl
    ADD CONSTRAINT product_digitalconte_content_id_654197bd_fk_product_d FOREIGN KEY (content_id) REFERENCES public.product_digitalcontent(id) DEFERRABLE INITIALLY DEFERRED;


--
-- Name: product_digitalcontenturl product_digitalconte_line_id_82056694_fk_order_ord; Type: FK CONSTRAINT; Schema: public; Owner: saleor
--

ALTER TABLE ONLY public.product_digitalcontenturl
    ADD CONSTRAINT product_digitalconte_line_id_82056694_fk_order_ord FOREIGN KEY (line_id) REFERENCES public.order_orderline(id) DEFERRABLE INITIALLY DEFERRED;


--
-- Name: product_digitalcontent product_digitalconte_product_variant_id_211462a5_fk_product_p; Type: FK CONSTRAINT; Schema: public; Owner: saleor
--

ALTER TABLE ONLY public.product_digitalcontent
    ADD CONSTRAINT product_digitalconte_product_variant_id_211462a5_fk_product_p FOREIGN KEY (product_variant_id) REFERENCES public.product_productvariant(id) DEFERRABLE INITIALLY DEFERRED;


--
-- Name: product_product product_product_category_id_0c725779_fk_product_category_id; Type: FK CONSTRAINT; Schema: public; Owner: saleor
--

ALTER TABLE ONLY public.product_product
    ADD CONSTRAINT product_product_category_id_0c725779_fk_product_category_id FOREIGN KEY (category_id) REFERENCES public.product_category(id) DEFERRABLE INITIALLY DEFERRED;


--
-- Name: product_product product_product_default_variant_id_bce7dabb_fk_product_p; Type: FK CONSTRAINT; Schema: public; Owner: saleor
--

ALTER TABLE ONLY public.product_product
    ADD CONSTRAINT product_product_default_variant_id_bce7dabb_fk_product_p FOREIGN KEY (default_variant_id) REFERENCES public.product_productvariant(id) DEFERRABLE INITIALLY DEFERRED;


--
-- Name: product_product product_product_product_type_id_4bfbbfda_fk_product_p; Type: FK CONSTRAINT; Schema: public; Owner: saleor
--

ALTER TABLE ONLY public.product_product
    ADD CONSTRAINT product_product_product_type_id_4bfbbfda_fk_product_p FOREIGN KEY (product_type_id) REFERENCES public.product_producttype(id) DEFERRABLE INITIALLY DEFERRED;


--
-- Name: product_product product_product_tax_class_id_a0476487_fk_tax_taxclass_id; Type: FK CONSTRAINT; Schema: public; Owner: saleor
--

ALTER TABLE ONLY public.product_product
    ADD CONSTRAINT product_product_tax_class_id_a0476487_fk_tax_taxclass_id FOREIGN KEY (tax_class_id) REFERENCES public.tax_taxclass(id) DEFERRABLE INITIALLY DEFERRED;


--
-- Name: product_productchannellisting product_productchann_channel_id_f8b52350_fk_channel_c; Type: FK CONSTRAINT; Schema: public; Owner: saleor
--

ALTER TABLE ONLY public.product_productchannellisting
    ADD CONSTRAINT product_productchann_channel_id_f8b52350_fk_channel_c FOREIGN KEY (channel_id) REFERENCES public.channel_channel(id) DEFERRABLE INITIALLY DEFERRED;


--
-- Name: product_productchannellisting product_productchann_product_id_7838c7a9_fk_product_p; Type: FK CONSTRAINT; Schema: public; Owner: saleor
--

ALTER TABLE ONLY public.product_productchannellisting
    ADD CONSTRAINT product_productchann_product_id_7838c7a9_fk_product_p FOREIGN KEY (product_id) REFERENCES public.product_product(id) DEFERRABLE INITIALLY DEFERRED;


--
-- Name: product_productmedia product_productmedia_product_id_b83ecd16_fk_product_product_id; Type: FK CONSTRAINT; Schema: public; Owner: saleor
--

ALTER TABLE ONLY public.product_productmedia
    ADD CONSTRAINT product_productmedia_product_id_b83ecd16_fk_product_product_id FOREIGN KEY (product_id) REFERENCES public.product_product(id) DEFERRABLE INITIALLY DEFERRED;


--
-- Name: product_producttranslation product_producttrans_product_id_2c2c7532_fk_product_p; Type: FK CONSTRAINT; Schema: public; Owner: saleor
--

ALTER TABLE ONLY public.product_producttranslation
    ADD CONSTRAINT product_producttrans_product_id_2c2c7532_fk_product_p FOREIGN KEY (product_id) REFERENCES public.product_product(id) DEFERRABLE INITIALLY DEFERRED;


--
-- Name: product_producttype product_producttype_tax_class_id_cc83fe88_fk_tax_taxclass_id; Type: FK CONSTRAINT; Schema: public; Owner: saleor
--

ALTER TABLE ONLY public.product_producttype
    ADD CONSTRAINT product_producttype_tax_class_id_cc83fe88_fk_tax_taxclass_id FOREIGN KEY (tax_class_id) REFERENCES public.tax_taxclass(id) DEFERRABLE INITIALLY DEFERRED;


--
-- Name: product_productvariantchannellisting product_productvaria_channel_id_23e849ed_fk_channel_c; Type: FK CONSTRAINT; Schema: public; Owner: saleor
--

ALTER TABLE ONLY public.product_productvariantchannellisting
    ADD CONSTRAINT product_productvaria_channel_id_23e849ed_fk_channel_c FOREIGN KEY (channel_id) REFERENCES public.channel_channel(id) DEFERRABLE INITIALLY DEFERRED;


--
-- Name: product_productvariant product_productvaria_product_id_43c5a310_fk_product_p; Type: FK CONSTRAINT; Schema: public; Owner: saleor
--

ALTER TABLE ONLY public.product_productvariant
    ADD CONSTRAINT product_productvaria_product_id_43c5a310_fk_product_p FOREIGN KEY (product_id) REFERENCES public.product_product(id) DEFERRABLE INITIALLY DEFERRED;


--
-- Name: product_productvarianttranslation product_productvaria_product_variant_id_1b144a85_fk_product_p; Type: FK CONSTRAINT; Schema: public; Owner: saleor
--

ALTER TABLE ONLY public.product_productvarianttranslation
    ADD CONSTRAINT product_productvaria_product_variant_id_1b144a85_fk_product_p FOREIGN KEY (product_variant_id) REFERENCES public.product_productvariant(id) DEFERRABLE INITIALLY DEFERRED;


--
-- Name: product_productvariantchannellisting product_productvaria_variant_id_f8e7abba_fk_product_p; Type: FK CONSTRAINT; Schema: public; Owner: saleor
--

ALTER TABLE ONLY public.product_productvariantchannellisting
    ADD CONSTRAINT product_productvaria_variant_id_f8e7abba_fk_product_p FOREIGN KEY (variant_id) REFERENCES public.product_productvariant(id) DEFERRABLE INITIALLY DEFERRED;


--
-- Name: product_variantchannellistingpromotionrule product_variantchann_promotion_rule_id_af12d96f_fk_discount_; Type: FK CONSTRAINT; Schema: public; Owner: saleor
--

ALTER TABLE ONLY public.product_variantchannellistingpromotionrule
    ADD CONSTRAINT product_variantchann_promotion_rule_id_af12d96f_fk_discount_ FOREIGN KEY (promotion_rule_id) REFERENCES public.discount_promotionrule(id) DEFERRABLE INITIALLY DEFERRED;


--
-- Name: product_variantchannellistingpromotionrule product_variantchann_variant_channel_list_3d6a575a_fk_product_p; Type: FK CONSTRAINT; Schema: public; Owner: saleor
--

ALTER TABLE ONLY public.product_variantchannellistingpromotionrule
    ADD CONSTRAINT product_variantchann_variant_channel_list_3d6a575a_fk_product_p FOREIGN KEY (variant_channel_listing_id) REFERENCES public.product_productvariantchannellisting(id) DEFERRABLE INITIALLY DEFERRED;


--
-- Name: product_variantmedia product_variantmedia_media_id_e94208c4_fk_product_p; Type: FK CONSTRAINT; Schema: public; Owner: saleor
--

ALTER TABLE ONLY public.product_variantmedia
    ADD CONSTRAINT product_variantmedia_media_id_e94208c4_fk_product_p FOREIGN KEY (media_id) REFERENCES public.product_productmedia(id) DEFERRABLE INITIALLY DEFERRED;


--
-- Name: product_variantmedia product_variantmedia_variant_id_2a29a589_fk_product_p; Type: FK CONSTRAINT; Schema: public; Owner: saleor
--

ALTER TABLE ONLY public.product_variantmedia
    ADD CONSTRAINT product_variantmedia_variant_id_2a29a589_fk_product_p FOREIGN KEY (variant_id) REFERENCES public.product_productvariant(id) DEFERRABLE INITIALLY DEFERRED;


--
-- Name: schedulers_customperiodictask schedulers_customper_custom_id_2ce85a70_fk_scheduler; Type: FK CONSTRAINT; Schema: public; Owner: saleor
--

ALTER TABLE ONLY public.schedulers_customperiodictask
    ADD CONSTRAINT schedulers_customper_custom_id_2ce85a70_fk_scheduler FOREIGN KEY (custom_id) REFERENCES public.schedulers_customschedule(id) DEFERRABLE INITIALLY DEFERRED;


--
-- Name: schedulers_customperiodictask schedulers_customper_periodictask_ptr_id_adac7c25_fk_django_ce; Type: FK CONSTRAINT; Schema: public; Owner: saleor
--

ALTER TABLE ONLY public.schedulers_customperiodictask
    ADD CONSTRAINT schedulers_customper_periodictask_ptr_id_adac7c25_fk_django_ce FOREIGN KEY (periodictask_ptr_id) REFERENCES public.django_celery_beat_periodictask(id) DEFERRABLE INITIALLY DEFERRED;


--
-- Name: shipping_shippingmethodchannellisting shipping_shippingmet_channel_id_10933a3c_fk_channel_c; Type: FK CONSTRAINT; Schema: public; Owner: saleor
--

ALTER TABLE ONLY public.shipping_shippingmethodchannellisting
    ADD CONSTRAINT shipping_shippingmet_channel_id_10933a3c_fk_channel_c FOREIGN KEY (channel_id) REFERENCES public.channel_channel(id) DEFERRABLE INITIALLY DEFERRED;


--
-- Name: shipping_shippingmethod_excluded_products shipping_shippingmet_product_id_c2c20af6_fk_product_p; Type: FK CONSTRAINT; Schema: public; Owner: saleor
--

ALTER TABLE ONLY public.shipping_shippingmethod_excluded_products
    ADD CONSTRAINT shipping_shippingmet_product_id_c2c20af6_fk_product_p FOREIGN KEY (product_id) REFERENCES public.product_product(id) DEFERRABLE INITIALLY DEFERRED;


--
-- Name: shipping_shippingmethodchannellisting shipping_shippingmet_shipping_method_id_20c0bc65_fk_shipping_; Type: FK CONSTRAINT; Schema: public; Owner: saleor
--

ALTER TABLE ONLY public.shipping_shippingmethodchannellisting
    ADD CONSTRAINT shipping_shippingmet_shipping_method_id_20c0bc65_fk_shipping_ FOREIGN KEY (shipping_method_id) REFERENCES public.shipping_shippingmethod(id) DEFERRABLE INITIALLY DEFERRED;


--
-- Name: shipping_shippingmethodtranslation shipping_shippingmet_shipping_method_id_31d925d2_fk_shipping_; Type: FK CONSTRAINT; Schema: public; Owner: saleor
--

ALTER TABLE ONLY public.shipping_shippingmethodtranslation
    ADD CONSTRAINT shipping_shippingmet_shipping_method_id_31d925d2_fk_shipping_ FOREIGN KEY (shipping_method_id) REFERENCES public.shipping_shippingmethod(id) DEFERRABLE INITIALLY DEFERRED;


--
-- Name: shipping_shippingmethodpostalcoderule shipping_shippingmet_shipping_method_id_825fd462_fk_shipping_; Type: FK CONSTRAINT; Schema: public; Owner: saleor
--

ALTER TABLE ONLY public.shipping_shippingmethodpostalcoderule
    ADD CONSTRAINT shipping_shippingmet_shipping_method_id_825fd462_fk_shipping_ FOREIGN KEY (shipping_method_id) REFERENCES public.shipping_shippingmethod(id) DEFERRABLE INITIALLY DEFERRED;


--
-- Name: shipping_shippingmethod shipping_shippingmet_shipping_zone_id_265b7413_fk_shipping_; Type: FK CONSTRAINT; Schema: public; Owner: saleor
--

ALTER TABLE ONLY public.shipping_shippingmethod
    ADD CONSTRAINT shipping_shippingmet_shipping_zone_id_265b7413_fk_shipping_ FOREIGN KEY (shipping_zone_id) REFERENCES public.shipping_shippingzone(id) DEFERRABLE INITIALLY DEFERRED;


--
-- Name: shipping_shippingmethod_excluded_products shipping_shippingmet_shippingmethod_id_a522e057_fk_shipping_; Type: FK CONSTRAINT; Schema: public; Owner: saleor
--

ALTER TABLE ONLY public.shipping_shippingmethod_excluded_products
    ADD CONSTRAINT shipping_shippingmet_shippingmethod_id_a522e057_fk_shipping_ FOREIGN KEY (shippingmethod_id) REFERENCES public.shipping_shippingmethod(id) DEFERRABLE INITIALLY DEFERRED;


--
-- Name: shipping_shippingmethod shipping_shippingmet_tax_class_id_59ec5c19_fk_tax_taxcl; Type: FK CONSTRAINT; Schema: public; Owner: saleor
--

ALTER TABLE ONLY public.shipping_shippingmethod
    ADD CONSTRAINT shipping_shippingmet_tax_class_id_59ec5c19_fk_tax_taxcl FOREIGN KEY (tax_class_id) REFERENCES public.tax_taxclass(id) DEFERRABLE INITIALLY DEFERRED;


--
-- Name: shipping_shippingzone_channels shipping_shippingzon_channel_id_36548abc_fk_channel_c; Type: FK CONSTRAINT; Schema: public; Owner: saleor
--

ALTER TABLE ONLY public.shipping_shippingzone_channels
    ADD CONSTRAINT shipping_shippingzon_channel_id_36548abc_fk_channel_c FOREIGN KEY (channel_id) REFERENCES public.channel_channel(id) DEFERRABLE INITIALLY DEFERRED;


--
-- Name: shipping_shippingzone_channels shipping_shippingzon_shippingzone_id_6724d6e4_fk_shipping_; Type: FK CONSTRAINT; Schema: public; Owner: saleor
--

ALTER TABLE ONLY public.shipping_shippingzone_channels
    ADD CONSTRAINT shipping_shippingzon_shippingzone_id_6724d6e4_fk_shipping_ FOREIGN KEY (shippingzone_id) REFERENCES public.shipping_shippingzone(id) DEFERRABLE INITIALLY DEFERRED;


--
-- Name: site_sitesettings site_sitesettings_bottom_menu_id_e2a78098_fk_menu_menu_id; Type: FK CONSTRAINT; Schema: public; Owner: saleor
--

ALTER TABLE ONLY public.site_sitesettings
    ADD CONSTRAINT site_sitesettings_bottom_menu_id_e2a78098_fk_menu_menu_id FOREIGN KEY (bottom_menu_id) REFERENCES public.menu_menu(id) DEFERRABLE INITIALLY DEFERRED;


--
-- Name: site_sitesettings site_sitesettings_company_address_id_f0825427_fk_account_a; Type: FK CONSTRAINT; Schema: public; Owner: saleor
--

ALTER TABLE ONLY public.site_sitesettings
    ADD CONSTRAINT site_sitesettings_company_address_id_f0825427_fk_account_a FOREIGN KEY (company_address_id) REFERENCES public.account_address(id) DEFERRABLE INITIALLY DEFERRED;


--
-- Name: site_sitesettings site_sitesettings_refund_reason_refere_c22ffe53_fk_page_page; Type: FK CONSTRAINT; Schema: public; Owner: saleor
--

ALTER TABLE ONLY public.site_sitesettings
    ADD CONSTRAINT site_sitesettings_refund_reason_refere_c22ffe53_fk_page_page FOREIGN KEY (refund_reason_reference_type_id) REFERENCES public.page_pagetype(id) DEFERRABLE INITIALLY DEFERRED;


--
-- Name: site_sitesettings site_sitesettings_site_id_64dd8ff8_fk_django_site_id; Type: FK CONSTRAINT; Schema: public; Owner: saleor
--

ALTER TABLE ONLY public.site_sitesettings
    ADD CONSTRAINT site_sitesettings_site_id_64dd8ff8_fk_django_site_id FOREIGN KEY (site_id) REFERENCES public.django_site(id) DEFERRABLE INITIALLY DEFERRED;


--
-- Name: site_sitesettings site_sitesettings_top_menu_id_ab6f8c46_fk_menu_menu_id; Type: FK CONSTRAINT; Schema: public; Owner: saleor
--

ALTER TABLE ONLY public.site_sitesettings
    ADD CONSTRAINT site_sitesettings_top_menu_id_ab6f8c46_fk_menu_menu_id FOREIGN KEY (top_menu_id) REFERENCES public.menu_menu(id) DEFERRABLE INITIALLY DEFERRED;


--
-- Name: site_sitesettingstranslation site_sitesettingstra_site_settings_id_ca085ff6_fk_site_site; Type: FK CONSTRAINT; Schema: public; Owner: saleor
--

ALTER TABLE ONLY public.site_sitesettingstranslation
    ADD CONSTRAINT site_sitesettingstra_site_settings_id_ca085ff6_fk_site_site FOREIGN KEY (site_settings_id) REFERENCES public.site_sitesettings(id) DEFERRABLE INITIALLY DEFERRED;


--
-- Name: tax_taxclasscountryrate tax_taxclasscountryr_tax_class_id_6ce938aa_fk_tax_taxcl; Type: FK CONSTRAINT; Schema: public; Owner: saleor
--

ALTER TABLE ONLY public.tax_taxclasscountryrate
    ADD CONSTRAINT tax_taxclasscountryr_tax_class_id_6ce938aa_fk_tax_taxcl FOREIGN KEY (tax_class_id) REFERENCES public.tax_taxclass(id) DEFERRABLE INITIALLY DEFERRED;


--
-- Name: tax_taxconfiguration tax_taxconfiguration_channel_id_b4035d3a_fk_channel_channel_id; Type: FK CONSTRAINT; Schema: public; Owner: saleor
--

ALTER TABLE ONLY public.tax_taxconfiguration
    ADD CONSTRAINT tax_taxconfiguration_channel_id_b4035d3a_fk_channel_channel_id FOREIGN KEY (channel_id) REFERENCES public.channel_channel(id) DEFERRABLE INITIALLY DEFERRED;


--
-- Name: tax_taxconfigurationpercountry tax_taxconfiguration_tax_configuration_id_63347e1b_fk_tax_taxco; Type: FK CONSTRAINT; Schema: public; Owner: saleor
--

ALTER TABLE ONLY public.tax_taxconfigurationpercountry
    ADD CONSTRAINT tax_taxconfiguration_tax_configuration_id_63347e1b_fk_tax_taxco FOREIGN KEY (tax_configuration_id) REFERENCES public.tax_taxconfiguration(id) DEFERRABLE INITIALLY DEFERRED;


--
-- Name: thumbnail_thumbnail thumbnail_thumbnail_app_id_aa70f2d4_fk_app_app_id; Type: FK CONSTRAINT; Schema: public; Owner: saleor
--

ALTER TABLE ONLY public.thumbnail_thumbnail
    ADD CONSTRAINT thumbnail_thumbnail_app_id_aa70f2d4_fk_app_app_id FOREIGN KEY (app_id) REFERENCES public.app_app(id) DEFERRABLE INITIALLY DEFERRED;


--
-- Name: thumbnail_thumbnail thumbnail_thumbnail_app_installation_id_a5a97d99_fk_app_appin; Type: FK CONSTRAINT; Schema: public; Owner: saleor
--

ALTER TABLE ONLY public.thumbnail_thumbnail
    ADD CONSTRAINT thumbnail_thumbnail_app_installation_id_a5a97d99_fk_app_appin FOREIGN KEY (app_installation_id) REFERENCES public.app_appinstallation(id) DEFERRABLE INITIALLY DEFERRED;


--
-- Name: thumbnail_thumbnail thumbnail_thumbnail_category_id_e3196106_fk_product_category_id; Type: FK CONSTRAINT; Schema: public; Owner: saleor
--

ALTER TABLE ONLY public.thumbnail_thumbnail
    ADD CONSTRAINT thumbnail_thumbnail_category_id_e3196106_fk_product_category_id FOREIGN KEY (category_id) REFERENCES public.product_category(id) DEFERRABLE INITIALLY DEFERRED;


--
-- Name: thumbnail_thumbnail thumbnail_thumbnail_collection_id_0aa16183_fk_product_c; Type: FK CONSTRAINT; Schema: public; Owner: saleor
--

ALTER TABLE ONLY public.thumbnail_thumbnail
    ADD CONSTRAINT thumbnail_thumbnail_collection_id_0aa16183_fk_product_c FOREIGN KEY (collection_id) REFERENCES public.product_collection(id) DEFERRABLE INITIALLY DEFERRED;


--
-- Name: thumbnail_thumbnail thumbnail_thumbnail_product_media_id_85602a99_fk_product_p; Type: FK CONSTRAINT; Schema: public; Owner: saleor
--

ALTER TABLE ONLY public.thumbnail_thumbnail
    ADD CONSTRAINT thumbnail_thumbnail_product_media_id_85602a99_fk_product_p FOREIGN KEY (product_media_id) REFERENCES public.product_productmedia(id) DEFERRABLE INITIALLY DEFERRED;


--
-- Name: thumbnail_thumbnail thumbnail_thumbnail_user_id_0bc68981_fk_account_user_id; Type: FK CONSTRAINT; Schema: public; Owner: saleor
--

ALTER TABLE ONLY public.thumbnail_thumbnail
    ADD CONSTRAINT thumbnail_thumbnail_user_id_0bc68981_fk_account_user_id FOREIGN KEY (user_id) REFERENCES public.account_user(id) DEFERRABLE INITIALLY DEFERRED;


--
-- Name: account_user_addresses userprofile_user_add_address_id_ad7646b4_fk_userprofi; Type: FK CONSTRAINT; Schema: public; Owner: saleor
--

ALTER TABLE ONLY public.account_user_addresses
    ADD CONSTRAINT userprofile_user_add_address_id_ad7646b4_fk_userprofi FOREIGN KEY (address_id) REFERENCES public.account_address(id) DEFERRABLE INITIALLY DEFERRED;


--
-- Name: account_user_addresses userprofile_user_add_user_id_bb5aa55e_fk_userprofi; Type: FK CONSTRAINT; Schema: public; Owner: saleor
--

ALTER TABLE ONLY public.account_user_addresses
    ADD CONSTRAINT userprofile_user_add_user_id_bb5aa55e_fk_userprofi FOREIGN KEY (user_id) REFERENCES public.account_user(id) DEFERRABLE INITIALLY DEFERRED;


--
-- Name: account_user userprofile_user_default_billing_addr_0489abf1_fk_userprofi; Type: FK CONSTRAINT; Schema: public; Owner: saleor
--

ALTER TABLE ONLY public.account_user
    ADD CONSTRAINT userprofile_user_default_billing_addr_0489abf1_fk_userprofi FOREIGN KEY (default_billing_address_id) REFERENCES public.account_address(id) DEFERRABLE INITIALLY DEFERRED;


--
-- Name: account_user userprofile_user_default_shipping_add_aae7a203_fk_userprofi; Type: FK CONSTRAINT; Schema: public; Owner: saleor
--

ALTER TABLE ONLY public.account_user
    ADD CONSTRAINT userprofile_user_default_shipping_add_aae7a203_fk_userprofi FOREIGN KEY (default_shipping_address_id) REFERENCES public.account_address(id) DEFERRABLE INITIALLY DEFERRED;


--
-- Name: account_user_groups userprofile_user_groups_user_id_5e712a24_fk_userprofile_user_id; Type: FK CONSTRAINT; Schema: public; Owner: saleor
--

ALTER TABLE ONLY public.account_user_groups
    ADD CONSTRAINT userprofile_user_groups_user_id_5e712a24_fk_userprofile_user_id FOREIGN KEY (user_id) REFERENCES public.account_user(id) DEFERRABLE INITIALLY DEFERRED;


--
-- Name: account_user_user_permissions userprofile_user_use_user_id_6d654469_fk_userprofi; Type: FK CONSTRAINT; Schema: public; Owner: saleor
--

ALTER TABLE ONLY public.account_user_user_permissions
    ADD CONSTRAINT userprofile_user_use_user_id_6d654469_fk_userprofi FOREIGN KEY (user_id) REFERENCES public.account_user(id) DEFERRABLE INITIALLY DEFERRED;


--
-- Name: warehouse_allocation warehouse_allocation_order_line_id_693dcb84_fk_order_ord; Type: FK CONSTRAINT; Schema: public; Owner: saleor
--

ALTER TABLE ONLY public.warehouse_allocation
    ADD CONSTRAINT warehouse_allocation_order_line_id_693dcb84_fk_order_ord FOREIGN KEY (order_line_id) REFERENCES public.order_orderline(id) DEFERRABLE INITIALLY DEFERRED;


--
-- Name: warehouse_allocation warehouse_allocation_stock_id_73541542_fk_warehouse_stock_id; Type: FK CONSTRAINT; Schema: public; Owner: saleor
--

ALTER TABLE ONLY public.warehouse_allocation
    ADD CONSTRAINT warehouse_allocation_stock_id_73541542_fk_warehouse_stock_id FOREIGN KEY (stock_id) REFERENCES public.warehouse_stock(id) DEFERRABLE INITIALLY DEFERRED;


--
-- Name: warehouse_preorderallocation warehouse_preorderal_order_line_id_a37726e3_fk_order_ord; Type: FK CONSTRAINT; Schema: public; Owner: saleor
--

ALTER TABLE ONLY public.warehouse_preorderallocation
    ADD CONSTRAINT warehouse_preorderal_order_line_id_a37726e3_fk_order_ord FOREIGN KEY (order_line_id) REFERENCES public.order_orderline(id) DEFERRABLE INITIALLY DEFERRED;


--
-- Name: warehouse_preorderallocation warehouse_preorderal_product_variant_chan_d243ee40_fk_product_p; Type: FK CONSTRAINT; Schema: public; Owner: saleor
--

ALTER TABLE ONLY public.warehouse_preorderallocation
    ADD CONSTRAINT warehouse_preorderal_product_variant_chan_d243ee40_fk_product_p FOREIGN KEY (product_variant_channel_listing_id) REFERENCES public.product_productvariantchannellisting(id) DEFERRABLE INITIALLY DEFERRED;


--
-- Name: warehouse_preorderreservation warehouse_preorderre_checkout_line_id_d13d1466_fk_checkout_; Type: FK CONSTRAINT; Schema: public; Owner: saleor
--

ALTER TABLE ONLY public.warehouse_preorderreservation
    ADD CONSTRAINT warehouse_preorderre_checkout_line_id_d13d1466_fk_checkout_ FOREIGN KEY (checkout_line_id) REFERENCES public.checkout_checkoutline(id) DEFERRABLE INITIALLY DEFERRED;


--
-- Name: warehouse_preorderreservation warehouse_preorderre_product_variant_chan_3c2d488e_fk_product_p; Type: FK CONSTRAINT; Schema: public; Owner: saleor
--

ALTER TABLE ONLY public.warehouse_preorderreservation
    ADD CONSTRAINT warehouse_preorderre_product_variant_chan_3c2d488e_fk_product_p FOREIGN KEY (product_variant_channel_listing_id) REFERENCES public.product_productvariantchannellisting(id) DEFERRABLE INITIALLY DEFERRED;


--
-- Name: warehouse_reservation warehouse_reservatio_checkout_line_id_54daacb7_fk_checkout_; Type: FK CONSTRAINT; Schema: public; Owner: saleor
--

ALTER TABLE ONLY public.warehouse_reservation
    ADD CONSTRAINT warehouse_reservatio_checkout_line_id_54daacb7_fk_checkout_ FOREIGN KEY (checkout_line_id) REFERENCES public.checkout_checkoutline(id) DEFERRABLE INITIALLY DEFERRED;


--
-- Name: warehouse_reservation warehouse_reservation_stock_id_5d178c00_fk_warehouse_stock_id; Type: FK CONSTRAINT; Schema: public; Owner: saleor
--

ALTER TABLE ONLY public.warehouse_reservation
    ADD CONSTRAINT warehouse_reservation_stock_id_5d178c00_fk_warehouse_stock_id FOREIGN KEY (stock_id) REFERENCES public.warehouse_stock(id) DEFERRABLE INITIALLY DEFERRED;


--
-- Name: warehouse_stock warehouse_stock_product_variant_id_bea58a82_fk_product_p; Type: FK CONSTRAINT; Schema: public; Owner: saleor
--

ALTER TABLE ONLY public.warehouse_stock
    ADD CONSTRAINT warehouse_stock_product_variant_id_bea58a82_fk_product_p FOREIGN KEY (product_variant_id) REFERENCES public.product_productvariant(id) DEFERRABLE INITIALLY DEFERRED;


--
-- Name: warehouse_stock warehouse_stock_warehouse_id_cc9d4e5d_fk_warehouse_warehouse_id; Type: FK CONSTRAINT; Schema: public; Owner: saleor
--

ALTER TABLE ONLY public.warehouse_stock
    ADD CONSTRAINT warehouse_stock_warehouse_id_cc9d4e5d_fk_warehouse_warehouse_id FOREIGN KEY (warehouse_id) REFERENCES public.warehouse_warehouse(id) DEFERRABLE INITIALLY DEFERRED;


--
-- Name: warehouse_channelwarehouse warehouse_warehouse__channel_id_586b1124_fk_channel_c; Type: FK CONSTRAINT; Schema: public; Owner: saleor
--

ALTER TABLE ONLY public.warehouse_channelwarehouse
    ADD CONSTRAINT warehouse_warehouse__channel_id_586b1124_fk_channel_c FOREIGN KEY (channel_id) REFERENCES public.channel_channel(id) DEFERRABLE INITIALLY DEFERRED;


--
-- Name: warehouse_warehouse_shipping_zones warehouse_warehouse__shippingzone_id_aeee255b_fk_shipping_; Type: FK CONSTRAINT; Schema: public; Owner: saleor
--

ALTER TABLE ONLY public.warehouse_warehouse_shipping_zones
    ADD CONSTRAINT warehouse_warehouse__shippingzone_id_aeee255b_fk_shipping_ FOREIGN KEY (shippingzone_id) REFERENCES public.shipping_shippingzone(id) DEFERRABLE INITIALLY DEFERRED;


--
-- Name: warehouse_channelwarehouse warehouse_warehouse__warehouse_id_d1b0e96d_fk_warehouse; Type: FK CONSTRAINT; Schema: public; Owner: saleor
--

ALTER TABLE ONLY public.warehouse_channelwarehouse
    ADD CONSTRAINT warehouse_warehouse__warehouse_id_d1b0e96d_fk_warehouse FOREIGN KEY (warehouse_id) REFERENCES public.warehouse_warehouse(id) DEFERRABLE INITIALLY DEFERRED;


--
-- Name: warehouse_warehouse_shipping_zones warehouse_warehouse__warehouse_id_fccd6647_fk_warehouse; Type: FK CONSTRAINT; Schema: public; Owner: saleor
--

ALTER TABLE ONLY public.warehouse_warehouse_shipping_zones
    ADD CONSTRAINT warehouse_warehouse__warehouse_id_fccd6647_fk_warehouse FOREIGN KEY (warehouse_id) REFERENCES public.warehouse_warehouse(id) DEFERRABLE INITIALLY DEFERRED;


--
-- Name: warehouse_warehouse warehouse_warehouse_address_id_d46e1096_fk_account_address_id; Type: FK CONSTRAINT; Schema: public; Owner: saleor
--

ALTER TABLE ONLY public.warehouse_warehouse
    ADD CONSTRAINT warehouse_warehouse_address_id_d46e1096_fk_account_address_id FOREIGN KEY (address_id) REFERENCES public.account_address(id) DEFERRABLE INITIALLY DEFERRED;


--
-- Name: webhook_webhook webhook_webhook_app_id_604d7610_fk_app_app_id; Type: FK CONSTRAINT; Schema: public; Owner: saleor
--

ALTER TABLE ONLY public.webhook_webhook
    ADD CONSTRAINT webhook_webhook_app_id_604d7610_fk_app_app_id FOREIGN KEY (app_id) REFERENCES public.app_app(id) DEFERRABLE INITIALLY DEFERRED;


--
-- Name: webhook_webhookevent webhook_webhookevent_webhook_id_73b5c9e1_fk_webhook_webhook_id; Type: FK CONSTRAINT; Schema: public; Owner: saleor
--

ALTER TABLE ONLY public.webhook_webhookevent
    ADD CONSTRAINT webhook_webhookevent_webhook_id_73b5c9e1_fk_webhook_webhook_id FOREIGN KEY (webhook_id) REFERENCES public.webhook_webhook(id) DEFERRABLE INITIALLY DEFERRED;


--
-- Name: SCHEMA public; Type: ACL; Schema: -; Owner: pg_database_owner
--

GRANT USAGE ON SCHEMA public TO saleor_read_only;


--
-- Name: TABLE account_address; Type: ACL; Schema: public; Owner: saleor
--

GRANT SELECT ON TABLE public.account_address TO saleor_read_only;


--
-- Name: TABLE account_customerevent; Type: ACL; Schema: public; Owner: saleor
--

GRANT SELECT ON TABLE public.account_customerevent TO saleor_read_only;


--
-- Name: TABLE account_customernote; Type: ACL; Schema: public; Owner: saleor
--

GRANT SELECT ON TABLE public.account_customernote TO saleor_read_only;


--
-- Name: TABLE account_group; Type: ACL; Schema: public; Owner: saleor
--

GRANT SELECT ON TABLE public.account_group TO saleor_read_only;


--
-- Name: TABLE account_group_channels; Type: ACL; Schema: public; Owner: saleor
--

GRANT SELECT ON TABLE public.account_group_channels TO saleor_read_only;


--
-- Name: TABLE account_group_permissions; Type: ACL; Schema: public; Owner: saleor
--

GRANT SELECT ON TABLE public.account_group_permissions TO saleor_read_only;


--
-- Name: TABLE app_app; Type: ACL; Schema: public; Owner: saleor
--

GRANT SELECT ON TABLE public.app_app TO saleor_read_only;


--
-- Name: TABLE app_app_permissions; Type: ACL; Schema: public; Owner: saleor
--

GRANT SELECT ON TABLE public.app_app_permissions TO saleor_read_only;


--
-- Name: TABLE app_apptoken; Type: ACL; Schema: public; Owner: saleor
--

GRANT SELECT ON TABLE public.app_apptoken TO saleor_read_only;


--
-- Name: TABLE account_staffnotificationrecipient; Type: ACL; Schema: public; Owner: saleor
--

GRANT SELECT ON TABLE public.account_staffnotificationrecipient TO saleor_read_only;


--
-- Name: TABLE account_user; Type: ACL; Schema: public; Owner: saleor
--

GRANT SELECT ON TABLE public.account_user TO saleor_read_only;


--
-- Name: TABLE account_user_addresses; Type: ACL; Schema: public; Owner: saleor
--

GRANT SELECT ON TABLE public.account_user_addresses TO saleor_read_only;


--
-- Name: TABLE account_user_groups; Type: ACL; Schema: public; Owner: saleor
--

GRANT SELECT ON TABLE public.account_user_groups TO saleor_read_only;


--
-- Name: TABLE account_user_user_permissions; Type: ACL; Schema: public; Owner: saleor
--

GRANT SELECT ON TABLE public.account_user_user_permissions TO saleor_read_only;


--
-- Name: TABLE app_appextension; Type: ACL; Schema: public; Owner: saleor
--

GRANT SELECT ON TABLE public.app_appextension TO saleor_read_only;


--
-- Name: TABLE app_appextension_permissions; Type: ACL; Schema: public; Owner: saleor
--

GRANT SELECT ON TABLE public.app_appextension_permissions TO saleor_read_only;


--
-- Name: TABLE app_appinstallation; Type: ACL; Schema: public; Owner: saleor
--

GRANT SELECT ON TABLE public.app_appinstallation TO saleor_read_only;


--
-- Name: TABLE app_appinstallation_permissions; Type: ACL; Schema: public; Owner: saleor
--

GRANT SELECT ON TABLE public.app_appinstallation_permissions TO saleor_read_only;


--
-- Name: TABLE app_appproblem; Type: ACL; Schema: public; Owner: saleor
--

GRANT SELECT ON TABLE public.app_appproblem TO saleor_read_only;


--
-- Name: TABLE attribute_assignedpageattributevalue; Type: ACL; Schema: public; Owner: saleor
--

GRANT SELECT ON TABLE public.attribute_assignedpageattributevalue TO saleor_read_only;


--
-- Name: TABLE attribute_assignedproductattributevalue; Type: ACL; Schema: public; Owner: saleor
--

GRANT SELECT ON TABLE public.attribute_assignedproductattributevalue TO saleor_read_only;


--
-- Name: TABLE attribute_assignedvariantattribute; Type: ACL; Schema: public; Owner: saleor
--

GRANT SELECT ON TABLE public.attribute_assignedvariantattribute TO saleor_read_only;


--
-- Name: TABLE attribute_assignedvariantattributevalue; Type: ACL; Schema: public; Owner: saleor
--

GRANT SELECT ON TABLE public.attribute_assignedvariantattributevalue TO saleor_read_only;


--
-- Name: TABLE attribute_attribute; Type: ACL; Schema: public; Owner: saleor
--

GRANT SELECT ON TABLE public.attribute_attribute TO saleor_read_only;


--
-- Name: TABLE attribute_attribute_reference_page_types; Type: ACL; Schema: public; Owner: saleor
--

GRANT SELECT ON TABLE public.attribute_attribute_reference_page_types TO saleor_read_only;


--
-- Name: TABLE attribute_attribute_reference_product_types; Type: ACL; Schema: public; Owner: saleor
--

GRANT SELECT ON TABLE public.attribute_attribute_reference_product_types TO saleor_read_only;


--
-- Name: TABLE attribute_attributepage; Type: ACL; Schema: public; Owner: saleor
--

GRANT SELECT ON TABLE public.attribute_attributepage TO saleor_read_only;


--
-- Name: TABLE attribute_attributeproduct; Type: ACL; Schema: public; Owner: saleor
--

GRANT SELECT ON TABLE public.attribute_attributeproduct TO saleor_read_only;


--
-- Name: TABLE attribute_attributetranslation; Type: ACL; Schema: public; Owner: saleor
--

GRANT SELECT ON TABLE public.attribute_attributetranslation TO saleor_read_only;


--
-- Name: TABLE attribute_attributevalue; Type: ACL; Schema: public; Owner: saleor
--

GRANT SELECT ON TABLE public.attribute_attributevalue TO saleor_read_only;


--
-- Name: TABLE attribute_attributevaluetranslation; Type: ACL; Schema: public; Owner: saleor
--

GRANT SELECT ON TABLE public.attribute_attributevaluetranslation TO saleor_read_only;


--
-- Name: TABLE attribute_attributevariant; Type: ACL; Schema: public; Owner: saleor
--

GRANT SELECT ON TABLE public.attribute_attributevariant TO saleor_read_only;


--
-- Name: TABLE permission_permission; Type: ACL; Schema: public; Owner: saleor
--

GRANT SELECT ON TABLE public.permission_permission TO saleor_read_only;


--
-- Name: TABLE channel_channel; Type: ACL; Schema: public; Owner: saleor
--

GRANT SELECT ON TABLE public.channel_channel TO saleor_read_only;


--
-- Name: TABLE checkout_checkout; Type: ACL; Schema: public; Owner: saleor
--

GRANT SELECT ON TABLE public.checkout_checkout TO saleor_read_only;


--
-- Name: TABLE checkout_checkout_gift_cards; Type: ACL; Schema: public; Owner: saleor
--

GRANT SELECT ON TABLE public.checkout_checkout_gift_cards TO saleor_read_only;


--
-- Name: TABLE checkout_checkoutdelivery; Type: ACL; Schema: public; Owner: saleor
--

GRANT SELECT ON TABLE public.checkout_checkoutdelivery TO saleor_read_only;


--
-- Name: TABLE checkout_checkoutline; Type: ACL; Schema: public; Owner: saleor
--

GRANT SELECT ON TABLE public.checkout_checkoutline TO saleor_read_only;


--
-- Name: TABLE checkout_checkoutmetadata; Type: ACL; Schema: public; Owner: saleor
--

GRANT SELECT ON TABLE public.checkout_checkoutmetadata TO saleor_read_only;


--
-- Name: TABLE core_eventdelivery; Type: ACL; Schema: public; Owner: saleor
--

GRANT SELECT ON TABLE public.core_eventdelivery TO saleor_read_only;


--
-- Name: TABLE core_eventdeliveryattempt; Type: ACL; Schema: public; Owner: saleor
--

GRANT SELECT ON TABLE public.core_eventdeliveryattempt TO saleor_read_only;


--
-- Name: TABLE core_eventpayload; Type: ACL; Schema: public; Owner: saleor
--

GRANT SELECT ON TABLE public.core_eventpayload TO saleor_read_only;


--
-- Name: TABLE csv_exportevent; Type: ACL; Schema: public; Owner: saleor
--

GRANT SELECT ON TABLE public.csv_exportevent TO saleor_read_only;


--
-- Name: TABLE csv_exportfile; Type: ACL; Schema: public; Owner: saleor
--

GRANT SELECT ON TABLE public.csv_exportfile TO saleor_read_only;


--
-- Name: TABLE discount_checkoutdiscount; Type: ACL; Schema: public; Owner: saleor
--

GRANT SELECT ON TABLE public.discount_checkoutdiscount TO saleor_read_only;


--
-- Name: TABLE discount_checkoutlinediscount; Type: ACL; Schema: public; Owner: saleor
--

GRANT SELECT ON TABLE public.discount_checkoutlinediscount TO saleor_read_only;


--
-- Name: TABLE discount_orderdiscount; Type: ACL; Schema: public; Owner: saleor
--

GRANT SELECT ON TABLE public.discount_orderdiscount TO saleor_read_only;


--
-- Name: TABLE discount_orderlinediscount; Type: ACL; Schema: public; Owner: saleor
--

GRANT SELECT ON TABLE public.discount_orderlinediscount TO saleor_read_only;


--
-- Name: TABLE discount_promotion; Type: ACL; Schema: public; Owner: saleor
--

GRANT SELECT ON TABLE public.discount_promotion TO saleor_read_only;


--
-- Name: TABLE discount_promotionevent; Type: ACL; Schema: public; Owner: saleor
--

GRANT SELECT ON TABLE public.discount_promotionevent TO saleor_read_only;


--
-- Name: TABLE discount_promotionrule; Type: ACL; Schema: public; Owner: saleor
--

GRANT SELECT ON TABLE public.discount_promotionrule TO saleor_read_only;


--
-- Name: TABLE discount_promotionrule_channels; Type: ACL; Schema: public; Owner: saleor
--

GRANT SELECT ON TABLE public.discount_promotionrule_channels TO saleor_read_only;


--
-- Name: TABLE discount_promotionrule_gifts; Type: ACL; Schema: public; Owner: saleor
--

GRANT SELECT ON TABLE public.discount_promotionrule_gifts TO saleor_read_only;


--
-- Name: TABLE discount_promotionrule_variants; Type: ACL; Schema: public; Owner: saleor
--

GRANT SELECT ON TABLE public.discount_promotionrule_variants TO saleor_read_only;


--
-- Name: TABLE discount_promotionruletranslation; Type: ACL; Schema: public; Owner: saleor
--

GRANT SELECT ON TABLE public.discount_promotionruletranslation TO saleor_read_only;


--
-- Name: TABLE discount_promotiontranslation; Type: ACL; Schema: public; Owner: saleor
--

GRANT SELECT ON TABLE public.discount_promotiontranslation TO saleor_read_only;


--
-- Name: TABLE discount_voucher; Type: ACL; Schema: public; Owner: saleor
--

GRANT SELECT ON TABLE public.discount_voucher TO saleor_read_only;


--
-- Name: TABLE discount_voucher_categories; Type: ACL; Schema: public; Owner: saleor
--

GRANT SELECT ON TABLE public.discount_voucher_categories TO saleor_read_only;


--
-- Name: TABLE discount_voucher_collections; Type: ACL; Schema: public; Owner: saleor
--

GRANT SELECT ON TABLE public.discount_voucher_collections TO saleor_read_only;


--
-- Name: TABLE discount_voucher_products; Type: ACL; Schema: public; Owner: saleor
--

GRANT SELECT ON TABLE public.discount_voucher_products TO saleor_read_only;


--
-- Name: TABLE discount_voucher_variants; Type: ACL; Schema: public; Owner: saleor
--

GRANT SELECT ON TABLE public.discount_voucher_variants TO saleor_read_only;


--
-- Name: TABLE discount_voucherchannellisting; Type: ACL; Schema: public; Owner: saleor
--

GRANT SELECT ON TABLE public.discount_voucherchannellisting TO saleor_read_only;


--
-- Name: TABLE discount_vouchercode; Type: ACL; Schema: public; Owner: saleor
--

GRANT SELECT ON TABLE public.discount_vouchercode TO saleor_read_only;


--
-- Name: TABLE discount_vouchercustomer; Type: ACL; Schema: public; Owner: saleor
--

GRANT SELECT ON TABLE public.discount_vouchercustomer TO saleor_read_only;


--
-- Name: TABLE discount_vouchertranslation; Type: ACL; Schema: public; Owner: saleor
--

GRANT SELECT ON TABLE public.discount_vouchertranslation TO saleor_read_only;


--
-- Name: TABLE django_celery_beat_clockedschedule; Type: ACL; Schema: public; Owner: saleor
--

GRANT SELECT ON TABLE public.django_celery_beat_clockedschedule TO saleor_read_only;


--
-- Name: TABLE django_celery_beat_crontabschedule; Type: ACL; Schema: public; Owner: saleor
--

GRANT SELECT ON TABLE public.django_celery_beat_crontabschedule TO saleor_read_only;


--
-- Name: TABLE django_celery_beat_intervalschedule; Type: ACL; Schema: public; Owner: saleor
--

GRANT SELECT ON TABLE public.django_celery_beat_intervalschedule TO saleor_read_only;


--
-- Name: TABLE django_celery_beat_periodictask; Type: ACL; Schema: public; Owner: saleor
--

GRANT SELECT ON TABLE public.django_celery_beat_periodictask TO saleor_read_only;


--
-- Name: TABLE django_celery_beat_periodictasks; Type: ACL; Schema: public; Owner: saleor
--

GRANT SELECT ON TABLE public.django_celery_beat_periodictasks TO saleor_read_only;


--
-- Name: TABLE django_celery_beat_solarschedule; Type: ACL; Schema: public; Owner: saleor
--

GRANT SELECT ON TABLE public.django_celery_beat_solarschedule TO saleor_read_only;


--
-- Name: TABLE django_content_type; Type: ACL; Schema: public; Owner: saleor
--

GRANT SELECT ON TABLE public.django_content_type TO saleor_read_only;


--
-- Name: TABLE django_migrations; Type: ACL; Schema: public; Owner: saleor
--

GRANT SELECT ON TABLE public.django_migrations TO saleor_read_only;


--
-- Name: TABLE django_site; Type: ACL; Schema: public; Owner: saleor
--

GRANT SELECT ON TABLE public.django_site TO saleor_read_only;


--
-- Name: TABLE giftcard_giftcard; Type: ACL; Schema: public; Owner: saleor
--

GRANT SELECT ON TABLE public.giftcard_giftcard TO saleor_read_only;


--
-- Name: TABLE giftcard_giftcard_tags; Type: ACL; Schema: public; Owner: saleor
--

GRANT SELECT ON TABLE public.giftcard_giftcard_tags TO saleor_read_only;


--
-- Name: TABLE giftcard_giftcardevent; Type: ACL; Schema: public; Owner: saleor
--

GRANT SELECT ON TABLE public.giftcard_giftcardevent TO saleor_read_only;


--
-- Name: TABLE giftcard_giftcardtag; Type: ACL; Schema: public; Owner: saleor
--

GRANT SELECT ON TABLE public.giftcard_giftcardtag TO saleor_read_only;


--
-- Name: TABLE invoice_invoice; Type: ACL; Schema: public; Owner: saleor
--

GRANT SELECT ON TABLE public.invoice_invoice TO saleor_read_only;


--
-- Name: TABLE invoice_invoiceevent; Type: ACL; Schema: public; Owner: saleor
--

GRANT SELECT ON TABLE public.invoice_invoiceevent TO saleor_read_only;


--
-- Name: TABLE menu_menu; Type: ACL; Schema: public; Owner: saleor
--

GRANT SELECT ON TABLE public.menu_menu TO saleor_read_only;


--
-- Name: TABLE menu_menuitem; Type: ACL; Schema: public; Owner: saleor
--

GRANT SELECT ON TABLE public.menu_menuitem TO saleor_read_only;


--
-- Name: TABLE menu_menuitemtranslation; Type: ACL; Schema: public; Owner: saleor
--

GRANT SELECT ON TABLE public.menu_menuitemtranslation TO saleor_read_only;


--
-- Name: TABLE order_fulfillment; Type: ACL; Schema: public; Owner: saleor
--

GRANT SELECT ON TABLE public.order_fulfillment TO saleor_read_only;


--
-- Name: TABLE order_fulfillmentline; Type: ACL; Schema: public; Owner: saleor
--

GRANT SELECT ON TABLE public.order_fulfillmentline TO saleor_read_only;


--
-- Name: TABLE order_order; Type: ACL; Schema: public; Owner: saleor
--

GRANT SELECT ON TABLE public.order_order TO saleor_read_only;


--
-- Name: TABLE order_order_gift_cards; Type: ACL; Schema: public; Owner: saleor
--

GRANT SELECT ON TABLE public.order_order_gift_cards TO saleor_read_only;


--
-- Name: TABLE order_orderevent; Type: ACL; Schema: public; Owner: saleor
--

GRANT SELECT ON TABLE public.order_orderevent TO saleor_read_only;


--
-- Name: TABLE order_ordergrantedrefund; Type: ACL; Schema: public; Owner: saleor
--

GRANT SELECT ON TABLE public.order_ordergrantedrefund TO saleor_read_only;


--
-- Name: TABLE order_ordergrantedrefundline; Type: ACL; Schema: public; Owner: saleor
--

GRANT SELECT ON TABLE public.order_ordergrantedrefundline TO saleor_read_only;


--
-- Name: TABLE order_orderline; Type: ACL; Schema: public; Owner: saleor
--

GRANT SELECT ON TABLE public.order_orderline TO saleor_read_only;


--
-- Name: TABLE page_page; Type: ACL; Schema: public; Owner: saleor
--

GRANT SELECT ON TABLE public.page_page TO saleor_read_only;


--
-- Name: TABLE page_pagetranslation; Type: ACL; Schema: public; Owner: saleor
--

GRANT SELECT ON TABLE public.page_pagetranslation TO saleor_read_only;


--
-- Name: TABLE page_pagetype; Type: ACL; Schema: public; Owner: saleor
--

GRANT SELECT ON TABLE public.page_pagetype TO saleor_read_only;


--
-- Name: TABLE payment_payment; Type: ACL; Schema: public; Owner: saleor
--

GRANT SELECT ON TABLE public.payment_payment TO saleor_read_only;


--
-- Name: TABLE payment_transaction; Type: ACL; Schema: public; Owner: saleor
--

GRANT SELECT ON TABLE public.payment_transaction TO saleor_read_only;


--
-- Name: TABLE payment_transactionevent; Type: ACL; Schema: public; Owner: saleor
--

GRANT SELECT ON TABLE public.payment_transactionevent TO saleor_read_only;


--
-- Name: TABLE payment_transactionitem; Type: ACL; Schema: public; Owner: saleor
--

GRANT SELECT ON TABLE public.payment_transactionitem TO saleor_read_only;


--
-- Name: TABLE plugins_emailtemplate; Type: ACL; Schema: public; Owner: saleor
--

GRANT SELECT ON TABLE public.plugins_emailtemplate TO saleor_read_only;


--
-- Name: TABLE plugins_pluginconfiguration; Type: ACL; Schema: public; Owner: saleor
--

GRANT SELECT ON TABLE public.plugins_pluginconfiguration TO saleor_read_only;


--
-- Name: TABLE product_category; Type: ACL; Schema: public; Owner: saleor
--

GRANT SELECT ON TABLE public.product_category TO saleor_read_only;


--
-- Name: TABLE product_categorytranslation; Type: ACL; Schema: public; Owner: saleor
--

GRANT SELECT ON TABLE public.product_categorytranslation TO saleor_read_only;


--
-- Name: TABLE product_collection; Type: ACL; Schema: public; Owner: saleor
--

GRANT SELECT ON TABLE public.product_collection TO saleor_read_only;


--
-- Name: TABLE product_collectionproduct; Type: ACL; Schema: public; Owner: saleor
--

GRANT SELECT ON TABLE public.product_collectionproduct TO saleor_read_only;


--
-- Name: TABLE product_collectionchannellisting; Type: ACL; Schema: public; Owner: saleor
--

GRANT SELECT ON TABLE public.product_collectionchannellisting TO saleor_read_only;


--
-- Name: TABLE product_collectiontranslation; Type: ACL; Schema: public; Owner: saleor
--

GRANT SELECT ON TABLE public.product_collectiontranslation TO saleor_read_only;


--
-- Name: TABLE product_digitalcontent; Type: ACL; Schema: public; Owner: saleor
--

GRANT SELECT ON TABLE public.product_digitalcontent TO saleor_read_only;


--
-- Name: TABLE product_digitalcontenturl; Type: ACL; Schema: public; Owner: saleor
--

GRANT SELECT ON TABLE public.product_digitalcontenturl TO saleor_read_only;


--
-- Name: TABLE product_product; Type: ACL; Schema: public; Owner: saleor
--

GRANT SELECT ON TABLE public.product_product TO saleor_read_only;


--
-- Name: TABLE product_productchannellisting; Type: ACL; Schema: public; Owner: saleor
--

GRANT SELECT ON TABLE public.product_productchannellisting TO saleor_read_only;


--
-- Name: TABLE product_producttype; Type: ACL; Schema: public; Owner: saleor
--

GRANT SELECT ON TABLE public.product_producttype TO saleor_read_only;


--
-- Name: TABLE product_productmedia; Type: ACL; Schema: public; Owner: saleor
--

GRANT SELECT ON TABLE public.product_productmedia TO saleor_read_only;


--
-- Name: TABLE product_producttranslation; Type: ACL; Schema: public; Owner: saleor
--

GRANT SELECT ON TABLE public.product_producttranslation TO saleor_read_only;


--
-- Name: TABLE product_productvariant; Type: ACL; Schema: public; Owner: saleor
--

GRANT SELECT ON TABLE public.product_productvariant TO saleor_read_only;


--
-- Name: TABLE product_productvariantchannellisting; Type: ACL; Schema: public; Owner: saleor
--

GRANT SELECT ON TABLE public.product_productvariantchannellisting TO saleor_read_only;


--
-- Name: TABLE product_productvarianttranslation; Type: ACL; Schema: public; Owner: saleor
--

GRANT SELECT ON TABLE public.product_productvarianttranslation TO saleor_read_only;


--
-- Name: TABLE product_variantchannellistingpromotionrule; Type: ACL; Schema: public; Owner: saleor
--

GRANT SELECT ON TABLE public.product_variantchannellistingpromotionrule TO saleor_read_only;


--
-- Name: TABLE product_variantmedia; Type: ACL; Schema: public; Owner: saleor
--

GRANT SELECT ON TABLE public.product_variantmedia TO saleor_read_only;


--
-- Name: TABLE schedulers_customperiodictask; Type: ACL; Schema: public; Owner: saleor
--

GRANT SELECT ON TABLE public.schedulers_customperiodictask TO saleor_read_only;


--
-- Name: TABLE schedulers_customschedule; Type: ACL; Schema: public; Owner: saleor
--

GRANT SELECT ON TABLE public.schedulers_customschedule TO saleor_read_only;


--
-- Name: TABLE shipping_shippingmethod; Type: ACL; Schema: public; Owner: saleor
--

GRANT SELECT ON TABLE public.shipping_shippingmethod TO saleor_read_only;


--
-- Name: TABLE shipping_shippingmethod_excluded_products; Type: ACL; Schema: public; Owner: saleor
--

GRANT SELECT ON TABLE public.shipping_shippingmethod_excluded_products TO saleor_read_only;


--
-- Name: TABLE shipping_shippingmethodchannellisting; Type: ACL; Schema: public; Owner: saleor
--

GRANT SELECT ON TABLE public.shipping_shippingmethodchannellisting TO saleor_read_only;


--
-- Name: TABLE shipping_shippingmethodpostalcoderule; Type: ACL; Schema: public; Owner: saleor
--

GRANT SELECT ON TABLE public.shipping_shippingmethodpostalcoderule TO saleor_read_only;


--
-- Name: TABLE shipping_shippingmethodtranslation; Type: ACL; Schema: public; Owner: saleor
--

GRANT SELECT ON TABLE public.shipping_shippingmethodtranslation TO saleor_read_only;


--
-- Name: TABLE shipping_shippingzone; Type: ACL; Schema: public; Owner: saleor
--

GRANT SELECT ON TABLE public.shipping_shippingzone TO saleor_read_only;


--
-- Name: TABLE shipping_shippingzone_channels; Type: ACL; Schema: public; Owner: saleor
--

GRANT SELECT ON TABLE public.shipping_shippingzone_channels TO saleor_read_only;


--
-- Name: TABLE site_sitesettings; Type: ACL; Schema: public; Owner: saleor
--

GRANT SELECT ON TABLE public.site_sitesettings TO saleor_read_only;


--
-- Name: TABLE site_sitesettingstranslation; Type: ACL; Schema: public; Owner: saleor
--

GRANT SELECT ON TABLE public.site_sitesettingstranslation TO saleor_read_only;


--
-- Name: TABLE tax_taxclass; Type: ACL; Schema: public; Owner: saleor
--

GRANT SELECT ON TABLE public.tax_taxclass TO saleor_read_only;


--
-- Name: TABLE tax_taxclasscountryrate; Type: ACL; Schema: public; Owner: saleor
--

GRANT SELECT ON TABLE public.tax_taxclasscountryrate TO saleor_read_only;


--
-- Name: TABLE tax_taxconfiguration; Type: ACL; Schema: public; Owner: saleor
--

GRANT SELECT ON TABLE public.tax_taxconfiguration TO saleor_read_only;


--
-- Name: TABLE tax_taxconfigurationpercountry; Type: ACL; Schema: public; Owner: saleor
--

GRANT SELECT ON TABLE public.tax_taxconfigurationpercountry TO saleor_read_only;


--
-- Name: TABLE thumbnail_thumbnail; Type: ACL; Schema: public; Owner: saleor
--

GRANT SELECT ON TABLE public.thumbnail_thumbnail TO saleor_read_only;


--
-- Name: TABLE warehouse_allocation; Type: ACL; Schema: public; Owner: saleor
--

GRANT SELECT ON TABLE public.warehouse_allocation TO saleor_read_only;


--
-- Name: TABLE warehouse_channelwarehouse; Type: ACL; Schema: public; Owner: saleor
--

GRANT SELECT ON TABLE public.warehouse_channelwarehouse TO saleor_read_only;


--
-- Name: TABLE warehouse_preorderallocation; Type: ACL; Schema: public; Owner: saleor
--

GRANT SELECT ON TABLE public.warehouse_preorderallocation TO saleor_read_only;


--
-- Name: TABLE warehouse_preorderreservation; Type: ACL; Schema: public; Owner: saleor
--

GRANT SELECT ON TABLE public.warehouse_preorderreservation TO saleor_read_only;


--
-- Name: TABLE warehouse_reservation; Type: ACL; Schema: public; Owner: saleor
--

GRANT SELECT ON TABLE public.warehouse_reservation TO saleor_read_only;


--
-- Name: TABLE warehouse_stock; Type: ACL; Schema: public; Owner: saleor
--

GRANT SELECT ON TABLE public.warehouse_stock TO saleor_read_only;


--
-- Name: TABLE warehouse_warehouse; Type: ACL; Schema: public; Owner: saleor
--

GRANT SELECT ON TABLE public.warehouse_warehouse TO saleor_read_only;


--
-- Name: TABLE warehouse_warehouse_shipping_zones; Type: ACL; Schema: public; Owner: saleor
--

GRANT SELECT ON TABLE public.warehouse_warehouse_shipping_zones TO saleor_read_only;


--
-- Name: TABLE webhook_webhook; Type: ACL; Schema: public; Owner: saleor
--

GRANT SELECT ON TABLE public.webhook_webhook TO saleor_read_only;


--
-- Name: TABLE webhook_webhookevent; Type: ACL; Schema: public; Owner: saleor
--

GRANT SELECT ON TABLE public.webhook_webhookevent TO saleor_read_only;


--
-- Name: DEFAULT PRIVILEGES FOR TABLES; Type: DEFAULT ACL; Schema: public; Owner: saleor
--

ALTER DEFAULT PRIVILEGES FOR ROLE saleor IN SCHEMA public GRANT SELECT ON TABLES  TO saleor_read_only;


--
-- PostgreSQL database dump complete
--

\unrestrict ZlqNQcPaKxqz7QqVpbOtBTERYTYoFWBSoIdfmWj0GJnHtReBPPwGokjA6nivFAV

